"pitches","player_id","player_name","total_pitches","pitch_percent","ba","iso","babip","slg","woba","xwoba","xba","hits","abs","launch_speed","launch_angle","spin_rate","velocity","effective_speed","whiffs","swings","takes","eff_min_vel","release_extension","pos3_int_start_distance","pos4_int_start_distance","pos5_int_start_distance","pos6_int_start_distance","pos7_int_start_distance","pos8_int_start_distance","pos9_int_start_distance","pitcher_run_exp","run_exp","bat_speed","swing_length","pa","bip","singles","doubles","triples","hrs","so","k_percent","bb","bb_percent","api_break_z_with_gravity","api_break_z_induced","api_break_x_arm","api_break_x_batter_in","hyper_speed","bbdist","hardhit_percent","barrels_per_bbe_percent","barrels_per_pa_percent","release_pos_z","release_pos_x","plate_x","plate_z","obp","barrels_total","batter_run_value_per_100","xobp","xslg","pitcher_run_value_per_100","xbadiff","xobpdiff","xslgdiff","wobadiff","swing_miss_percent","arm_angle","attack_angle","attack_direction","swing_path_tilt","rate_ideal_attack_angle","intercept_ball_minus_batter_pos_x_inches","intercept_ball_minus_batter_pos_y_inches"
3282,657277,"Webb, Logan",3282,100,0.264,0.122,0.349,0.386,0.303,0.294,0.249,210,795,89,5,2037,88.9,89.73,374,1517,1765,0.7999999999999972,6.8,111,148,119,148,295,324,295,"12.293","-12.293","69.4","7.0",856,579,144,49,3,14,224,26.2,46,5.4,2.88918,0.00963,0.35872,0.04887,"92.2",133,40.38128249566724,8.31889081455806,5.607476635514018,4.99,-1.98,0.14,2.29,0.308,48,"-0.374558196",0.295,0.377,"0.374558196",0.015,0.013000000000000012,0.009,0.009,24.7,"22.1",6.707877997973752,4.001444535109445,33.70846659766377,0.4470108695652174,37.16677771844801,27.691825452860794
3212,607074,"Rodón, Carlos",3213,100,0.188,0.133,0.23,0.321,0.266,0.283,0.208,132,701,87.9,12.3,2321,89.6,89,444,1463,1749,-0.5999999999999943,6.06,109,150,123,151,294,321,284,"27.865","-27.865","70.2","7.4",789,504,83,27,0,22,203,25.7,73,9.3,2.21938,0.66054,0.50936,-0.27836,"91.8",150,39.12175648702595,7.584830339321358,4.816223067173637,6.35,2.33,0.1,2.1,0.272,38,"-0.86752802",0.291,0.342,"0.86752802",-0.02,-0.01899999999999996,-0.021,-0.017,30.3,"44.4",10.554443210087973,-2.5345203594418435,32.75141996810374,0.524176594253679,37.567439444913276,31.136440929324156
3151,676979,"Crochet, Garrett",3151,100,0.217,0.136,0.291,0.353,0.27,0.266,0.212,165,762,87.1,10.2,2443,92.3,92.94,479,1631,1520,0.6000000000000085,6.73,108,150,116,147,292,321,288,"34.164","-34.164","69.6","7.2",814,509,111,28,2,24,255,31.3,46,5.7,1.99451,0.7165,0.23169,-0.08774,"91.7",153,37.40157480314961,7.283464566929133,4.545454545454546,6.12,2.44,0.06,2.47,0.264,37,"-1.084227229",0.26,0.345,"1.084227229",0.005,0.0040000000000000036,0.008,0.004,29.4,"35.0",8.97171047901713,-0.38928813839289633,32.154060577721495,0.474937343358396,35.85050197713362,28.886303474493463
3135,668678,"Gallen, Zac",3137,99.9,0.239,0.187,0.271,0.426,0.315,0.319,0.245,176,737,89.7,12.1,2222,88.8,89.14,333,1407,1728,0.29999999999999716,6.54,111,149,118,149,301,323,300,"-5.459","5.459","69.7","7.3",813,568,104,37,4,31,175,21.5,66,8.1,2.3531,0.57408,0.20017,-0.10129,"92.3",153,43.03350970017637,9.700176366843033,6.765067650676507,5.97,-2.83,-0.04,2.15,0.303,55,"0.174130781",0.31,0.427,"-0.174130781",-0.006,-0.007000000000000006,-0.001,-0.004,23.7,"42.1",10.895842154155595,-3.9640810054576434,33.75534823016028,0.5272331154684096,36.823272067361884,31.999465849521215
3109,608331,"Fried, Max",3110,100,0.223,0.111,0.28,0.334,0.272,0.287,0.236,164,737,86.7,6.7,2363,88.3,88.58,388,1458,1651,0.29999999999999716,6.48,110,150,122,151,293,321,284,"20.834","-20.834","70.1","7.1",801,551,117,26,7,14,189,23.6,51,6.4,2.82374,0.18307,-0.06119,0.01715,"91.9",139,37.408759124087595,6.934306569343065,4.7440699126092385,6.02,1.57,0.02,2.39,0.281,38,"-0.670119009",0.294,0.354,"0.670119009",-0.013,-0.012999999999999956,-0.02,-0.015,26.6,"46.1",7.218892782605493,2.779351720512027,32.2878538997696,0.4337265787647467,36.4586768779015,28.399942509334988
3094,579328,"Kikuchi, Yusei",3109,99.5,0.261,0.158,0.314,0.419,0.327,0.326,0.253,180,689,90.4,14.3,2200,88.5,89.22,352,1494,1600,0.7000000000000028,6.76,107,149,116,147,306,326,299,"-5.944","5.944","70.8","7.2",772,521,120,35,1,24,174,22.5,74,9.6,2.38236,0.5659,0.24958,-0.21661,"92.1",164,42.30769230769231,9.423076923076923,6.347150259067358,5.38,2.4,0.09,2.31,0.333,49,"0.192113769",0.327,0.421,"-0.192113769",0.008,0.006000000000000005,-0.002,0.001,23.6,"36.5",7.618719947913404,0.8084770124867121,32.06187686273698,0.4495538778311599,37.31011413010362,29.48607393190389
3086,642547,"Peralta, Freddy",3089,99.9,0.193,0.134,0.246,0.327,0.27,0.29,0.209,124,643,87.6,17.7,2317,90,90.52,435,1446,1640,0.5,6.77,114,149,123,151,303,328,300,"26.094","-26.094","69.4","7.2",723,443,80,23,0,21,204,28.2,66,9.1,2.09588,0.78091,0.38805,-0.1105,"91.2",164,34.45945945945946,9.234234234234235,5.670816044260028,5.32,-3.47,-0.17,2.29,0.277,41,"-0.845560596",0.292,0.359,"0.845560596",-0.016,-0.014999999999999958,-0.032,-0.02,30.1,"38.4",9.348574030268312,-2.150359974433331,32.06805887487642,0.4732394366197183,36.781599711917295,30.514644157831114
3069,592662,"Ray, Robbie",3072,99.9,0.221,0.162,0.269,0.383,0.299,0.298,0.222,148,671,90.5,17.5,2225,89.6,89.28,421,1512,1557,-0.29999999999999716,6.11,109,150,121,148,296,325,292,"3.679","-3.679","70.0","7.2",755,492,85,39,2,22,186,24.6,73,9.7,1.83442,1.03114,0.47513,-0.29237,"92.0",172,45.08196721311475,9.631147540983607,6.225165562913907,6.18,2.66,0.02,2.48,0.298,47,"-0.119876181",0.301,0.374,"0.119876181",-0.001,-0.0030000000000000027,0.009,0.001,27.8,"45.7",9.700790611319357,-0.27440462287634504,30.58739328776096,0.4996614759647935,37.15805447772551,29.31954595959971
3044,656302,"Cease, Dylan",3052,99.7,0.239,0.16,0.323,0.399,0.313,0.289,0.216,152,636,88.5,16.4,2654,91.9,91.78,501,1498,1546,-0.10000000000000853,6.37,116,149,122,150,302,323,298,"1.715","-1.715","69.0","7.3",722,429,93,37,1,21,215,29.8,71,9.8,2.04719,0.69775,0.07791,-0.03237,"91.3",165,37.61682242990654,8.644859813084112,5.124653739612189,6.14,-1.41,0.24,2.33,0.318,37,"-0.056340342",0.299,0.353,"0.056340342",0.023,0.019000000000000017,0.046,0.024,33.4,"51.3",10.149315458536996,-2.514208613712112,31.7218987859178,0.5344352617079889,37.32764211253098,30.772197858538654
3030,592332,"Gausman, Kevin",3038,99.7,0.216,0.141,0.263,0.358,0.273,0.299,0.24,155,716,88.7,16.2,2053,89.9,90.2,413,1564,1466,0.29999999999999716,6.68,111,149,116,148,294,324,295,"25.841","-25.841","70.8","7.4",775,531,98,34,2,21,189,24.4,50,6.5,1.96299,0.91038,0.97068,0.00311,"91.8",168,41.431261770244824,8.47457627118644,5.806451612903226,5.74,-2.5,-0.12,1.99,0.269,45,"-0.852838284",0.292,0.397,"0.852838284",-0.024,-0.022999999999999965,-0.039,-0.026,26.4,"36.6",9.507867447878997,-2.9827037425010543,33.410945015232,0.4373770491803279,36.56281156487576,30.28194444078406
3013,666200,"Luzardo, Jesús",3015,99.9,0.24,0.116,0.324,0.356,0.29,0.285,0.23,167,696,87.9,12.7,2209,90.9,89.92,444,1440,1573,-1,5.79,106,149,117,147,299,321,287,"17.946","-17.946","69.8","7.3",758,482,118,33,0,16,216,28.5,57,7.5,2.22378,0.57355,0.49362,-0.41943,"91.5",154,37.36951983298539,6.6805845511482245,4.221635883905013,5.81,2.37,-0.09,2.26,0.299,32,"-0.595618984",0.291,0.35,"0.595618984",0.01,0.008000000000000007,0.006,0.005,30.8,"32.5",10.039931534486243,-1.6786331380135773,32.5845076660422,0.47364672364672367,36.928368988909796,30.4578728835119
2997,694973,"Skenes, Paul",2997,100,0.199,0.108,0.273,0.307,0.247,0.253,0.203,136,684,87.3,12.3,2154,92.9,93.37,448,1488,1509,0.5,6.66,109,148,113,148,293,312,293,"41.748","-41.748","68.9","7.2",733,469,86,37,2,11,216,29.5,42,5.7,2.10252,0.58282,0.71684,-0.18306,"91.4",151,40.343347639484975,5.793991416309012,3.6834924965893587,5.58,-2.45,-0.12,2.27,0.251,27,"-1.392992993",0.256,0.314,"1.392992993",-0.004,-0.0050000000000000044,-0.007,-0.006,30.1,"23.4",8.514665844548729,-0.8732034435836833,32.457288846183964,0.43887362637362637,36.70660216137059,29.391007250302582
2988,622491,"Castillo, Luis",2988,100,0.244,0.158,0.286,0.402,0.304,0.312,0.248,168,689,90.1,14.4,2153,91.9,90.4,379,1541,1447,-1.5,5.41,114,147,117,147,289,321,296,"8.606","-8.606","69.9","7.1",745,530,108,34,3,23,162,21.7,46,6.2,2.1903,0.53629,0.99878,-0.10053,"92.1",167,46.502835538752365,10.396975425330812,7.38255033557047,5.05,-2.21,-0.01,2.5,0.297,55,"-0.288018742",0.302,0.412,"0.288018742",-0.004,-0.0050000000000000044,-0.01,-0.008,24.6,"15.0",8.163514291554506,1.2924995149503171,31.41075440069967,0.47556142668428003,36.73178938045081,28.196299905976478
2970,676440,"Bibee, Tanner",2975,99.8,0.246,0.166,0.283,0.412,0.313,0.296,0.229,170,692,88.1,13.5,2385,88.2,88.66,327,1376,1594,0.5,6.63,111,148,123,149,297,320,297,"1.752","-1.752","69.6","7.3",762,536,114,24,5,27,162,21.3,54,7.1,2.3763,0.6004,0.06589,-0.09675,"91.7",151,36.772983114446525,8.067542213883677,5.6430446194225725,6.3,-2.2,0.05,2.43,0.308,43,"-0.058989899",0.295,0.381,"0.058989899",0.017,0.013000000000000012,0.031,0.017,23.8,"54.1",10.933660065120577,-3.2818577943410574,31.868029963113347,0.4811178247734139,37.6176146520023,31.40615648021422
2962,686613,"Brown, Hunter",2968,99.8,0.201,0.116,0.264,0.318,0.262,0.277,0.22,133,661,85.9,9.8,2210,92.6,92.93,369,1326,1636,0.30000000000001137,6.68,112,148,118,149,298,326,301,"29.855","-29.855","69.2","7.0",729,459,93,20,3,17,206,28.3,57,7.8,2.02118,0.68422,0.51307,-0.05063,"91.1",151,32.314410480349345,5.895196506550218,3.7037037037037033,6.16,-2.01,-0.18,2.48,0.271,27,"-1.007933828",0.288,0.334,"1.007933828",-0.019,-0.01699999999999996,-0.016,-0.015,27.8,"56.1",6.57462529485301,4.9970229869954474,31.26974089772391,0.45517241379310347,37.275094003516166,26.80630253456763
2945,663623,"Irvin, Jake",2947,99.9,0.272,0.22,0.282,0.492,0.355,0.36,0.278,195,717,90,12.5,2370,86.8,88.06,251,1377,1568,1.2999999999999972,7.06,113,149,120,150,303,326,301,"-29.546","29.546","70.4","7.2",787,595,116,38,3,38,124,15.8,62,7.9,2.61508,0.46544,0.25311,0.04684,"92.8",159,47.217537942664414,11.973018549747048,9.021601016518424,5.67,-2.25,0.07,2.4,0.334,71,"1.003259762",0.34,0.498,"-1.003259762",-0.006,-0.006000000000000005,-0.006,-0.005,18.2,"27.1",10.180653170468496,-0.8959311975155172,31.69333044450908,0.508524833209785,36.63559774691793,31.23742667672331
2925,668909,"Williams, Gavin",2925,100,0.211,0.153,0.254,0.364,0.299,0.319,0.233,130,615,90.2,9.7,2313,90.6,91.47,370,1337,1588,0.9000000000000057,6.86,113,149,123,149,299,320,298,"7.923","-7.923","69.6","7.2",704,445,83,23,1,23,173,24.6,83,11.8,2.47753,0.34523,0.10283,-0.01356,"92.1",161,44.36936936936937,9.00900900900901,5.681818181818182,6.01,-2.84,0.06,2.3,0.307,40,"-0.270871795",0.327,0.396,"0.270871795",-0.022,-0.020000000000000018,-0.032,-0.02,27.7,"34.6",8.766754046352306,0.550148321526903,31.874215865366608,0.4604261796042618,37.305808154176255,28.98060910701701
2920,694297,"Pfaadt, Brandon",2931,99.6,0.279,0.19,0.317,0.469,0.339,0.353,0.29,198,710,90.6,12.4,2542,89.4,89.91,318,1438,1482,0.5,6.61,112,148,118,150,299,321,298,"-15.017","15.017","70.7","7.3",767,570,118,51,3,26,147,19.2,37,4.8,2.31859,0.55663,0.35949,-0.11154,"92.6",154,45.86994727592268,10.896309314586995,8.083441981747066,5.52,-2.22,0.14,2.23,0.323,62,"0.514280822",0.334,0.49,"-0.514280822",-0.011,-0.01100000000000001,-0.021,-0.014,22.1,"26.8",10.34490402195929,-2.616516309853994,33.34787074635131,0.5344705046197583,37.30936224449974,31.36720017584792
2896,650911,"Sánchez, Cristopher",2897,100,0.227,0.094,0.299,0.321,0.264,0.271,0.227,171,754,88.7,2.8,2094,90.4,91.32,436,1433,1463,0.8999999999999915,7,106,149,116,147,298,320,288,"37.222","-37.222","70.2","7.4",807,545,124,35,0,12,212,26.3,44,5.5,2.69899,0.13101,1.21157,-0.78933,"92.3",121,39.963167587476974,5.70902394106814,3.841387856257745,5.91,1.98,0.01,2,0.275,31,"-1.285290055",0.275,0.338,"1.285290055",0,0,-0.017,-0.007,30.4,"29.6",10.310311589666592,-3.970645845440559,33.55138874268659,0.45803698435277385,38.28046405582573,31.667125468145315
2891,645261,"Alcantara, Sandy",2893,99.9,0.247,0.157,0.278,0.404,0.311,0.329,0.264,165,669,90.6,9.3,2288,92.3,91.77,300,1432,1459,-0.5,6.04,111,148,118,149,303,324,294,"2.679","-2.679","70.9","7.3",745,536,104,39,0,22,142,19.1,57,7.7,2.19999,0.5061,0.86452,-0.00645,"92.5",150,45.1310861423221,8.614232209737828,6.174496644295302,5.95,-1.71,-0.11,2.15,0.31,46,"-0.092666897",0.328,0.425,"0.092666897",-0.017,-0.018000000000000016,-0.021,-0.018,20.9,"31.8",9.293121424905031,-1.3401394668504507,33.689022811410446,0.48776978417266187,36.357171752444934,30.125263086188692
2891,664285,"Valdez, Framber",2898,99.8,0.238,0.12,0.299,0.358,0.295,0.301,0.243,171,717,90.2,2.2,2369,88.2,87.14,364,1366,1525,-1.1000000000000085,5.88,109,149,118,146,303,327,297,"7.43","-7.43","69.9","7.4",802,540,119,33,4,15,187,23.3,68,8.5,3.18642,-0.17257,0.44339,-0.27894,"92.8",119,46.38218923933209,6.679035250463822,4.488778054862843,5.98,0.76,-0.02,1.95,0.308,36,"-0.257004497",0.313,0.362,"0.257004497",-0.005,-0.0050000000000000044,-0.004,-0.006,26.6,"41.6",9.30842867532194,-2.5586947707021985,34.265374065275935,0.48042168674698793,36.529744692032395,30.4994011546449
2870,656605,"Keller, Mitch",2871,100,0.249,0.156,0.291,0.405,0.313,0.325,0.263,171,686,89.8,11.8,2480,89.1,89.49,287,1392,1478,0.4000000000000057,6.59,110,148,113,149,294,313,296,"1.48","-1.48","69.9","7.1",749,537,108,40,2,21,150,20,51,6.8,2.41155,0.5107,0.12873,-0.05733,"92.0",158,43.843283582089555,7.835820895522389,5.607476635514018,5.83,-1.82,0.13,2.32,0.31,42,"-0.051567944",0.322,0.42,"0.051567944",-0.014,-0.01200000000000001,-0.015,-0.012,20.6,"37.9",7.2265398737933255,2.569167295904779,31.834842235186553,0.4811529933481153,36.944688214255756,28.545129904238202
2851,601713,"Pivetta, Nick",2856,99.8,0.195,0.135,0.236,0.33,0.256,0.308,0.231,129,660,89.8,18.5,2451,87.9,88.41,334,1360,1491,0.5,6.8,119,150,121,150,302,327,301,"34.484","-34.484","69.6","7.1",721,478,86,19,2,22,190,26.4,50,6.9,2.39094,0.63582,-0.2405,-0.08527,"92.0",175,45.073375262054505,10.90146750524109,7.212205270457697,6.78,-1.08,0.13,2.72,0.253,52,"-1.209540512",0.289,0.416,"1.209540512",-0.036,-0.035999999999999976,-0.086,-0.052,24.6,"56.2",9.585924233466427,-0.7695867513458654,29.941062486335355,0.5352760736196319,37.17465915948705,30.06657918467735
2850,663903,"Singer, Brady",2850,100,0.238,0.166,0.286,0.404,0.313,0.32,0.247,150,631,90,13.9,2396,87.8,88.82,303,1264,1586,1,6.93,112,149,118,149,294,323,294,"-0.34","0.34","70.1","7.2",716,479,89,36,6,19,163,22.8,60,8.4,2.46338,0.52322,0.38513,-0.1032,"92.0",156,40.79497907949791,9.414225941422593,6.284916201117319,5.23,-1.48,0.3,2.29,0.314,45,"0.011929825",0.324,0.405,"-0.011929825",-0.009,-0.010000000000000009,-0.001,-0.007,24,"25.1",9.182004499481273,-0.1682870451306805,33.22987703810956,0.45101214574898785,36.96006212673429,30.284226460013848
2849,669373,"Skubal, Tarik",2849,100,0.2,0.119,0.274,0.319,0.245,0.257,0.208,141,706,85.8,12.3,2154,93.1,93.32,508,1561,1288,0.20000000000000284,6.47,111,151,116,148,302,327,293,"51.317","-51.317","69.0","7.1",748,469,95,26,2,18,241,32.2,33,4.4,1.76245,0.89689,0.69673,-0.43219,"91.0",161,33.11965811965812,8.11965811965812,5.080213903743315,6.12,1.73,0.07,2.37,0.24,38,"-1.801228501",0.248,0.339,"1.801228501",-0.008,-0.008000000000000007,-0.02,-0.012,32.5,"49.5",7.990692696665017,0.8463766195428138,31.914161945835954,0.41498371335504886,37.76939992382131,28.554879679492434
2847,605488,"Springs, Jeffrey",2849,99.9,0.236,0.185,0.256,0.422,0.309,0.317,0.25,153,647,87.8,18.9,1997,85.2,85.12,343,1318,1529,-0.10000000000000853,6.31,109,150,119,146,300,324,293,"-2.756","2.756","69.2","7.4",713,518,89,36,0,28,138,19.4,54,7.6,2.3949,0.79363,0.52472,-0.47689,"91.8",179,37.25868725868725,8.108108108108109,5.890603085553997,6.08,2.38,0.28,2.53,0.295,42,"0.096803653",0.31,0.418,"-0.096803653",-0.014,-0.015000000000000013,0.004,-0.008,26,"43.2",10.710811290841361,-3.8915799237910873,30.655969775948858,0.49768160741885625,39.639633469123176,32.88356148122535
2833,518876,"Kelly, Merrill",2835,99.9,0.226,0.158,0.264,0.384,0.288,0.315,0.252,157,696,89.8,13.3,2317,89.3,88.76,336,1396,1437,-0.5,6.02,113,149,115,150,300,323,301,"11.187","-11.187","71.0","7.4",748,531,96,35,3,23,167,22.3,48,6.4,2.38521,0.49604,0.67395,-0.04982,"92.3",146,43.75,9.280303030303031,6.550802139037433,5.48,-1.88,-0.01,2.11,0.277,49,"-0.394881751",0.302,0.422,"0.394881751",-0.026,-0.024999999999999967,-0.038,-0.027,24.1,"23.8",10.572587485949924,-2.685565590649128,33.61671879418372,0.5233853006681515,37.34170775174683,30.990576018792694
2831,656427,"Flaherty, Jack",2835,99.9,0.239,0.166,0.307,0.406,0.313,0.311,0.237,147,614,89.2,15.7,2319,87,87.37,353,1292,1539,0.4000000000000057,6.52,113,149,116,150,295,327,296,"-1.667","1.667","69.6","7.4",681,429,92,31,1,23,188,27.6,59,8.7,2.54791,0.51669,-0.10588,0.00027,"91.8",163,43.82284382284382,10.256410256410255,6.4610866372980915,5.32,-2.59,0.04,1.92,0.311,44,"0.058883787",0.308,0.403,"-0.058883787",0.002,0.0030000000000000027,0.003,0.002,27.3,"27.0",10.869859195341839,-5.090106956415536,33.36108630121784,0.4789180588703262,37.2015253437813,32.602507091194845
2829,605135,"Bassitt, Chris",2836,99.8,0.261,0.154,0.315,0.415,0.324,0.317,0.255,174,667,87.5,10.4,2138,85.9,85.7,308,1323,1506,-0.20000000000000284,6.34,111,148,115,149,290,320,294,"-2.621","2.621","69.0","7.0",736,505,118,31,3,22,166,22.6,52,7.1,2.9971,0.21421,0.35064,-0.04506,"91.7",150,36.633663366336634,8.514851485148515,5.842391304347826,5.45,-1.97,-0.03,2.51,0.325,43,"0.092647579",0.321,0.399,"-0.092647579",0.006,0.0040000000000000036,0.016,0.007,23.3,"32.0",7.537530360760341,1.6829174782006158,32.018347336805995,0.42109375,36.15624004019948,28.91106018378089
2818,669022,"Gore, MacKenzie",2819,100,0.252,0.15,0.327,0.402,0.318,0.322,0.244,152,602,89.8,15.8,2230,89.8,90.58,413,1391,1427,0.7999999999999972,6.87,109,150,121,149,300,321,297,"0.386","-0.386","69.3","7.2",679,426,103,28,1,20,185,27.2,63,9.3,2.31335,0.56255,0.28833,-0.20914,"91.7",170,44.13145539906103,10.56338028169014,6.62739322533137,5.69,1.91,-0.1,2.36,0.325,45,"-0.013697658",0.321,0.409,"0.013697658",0.008,0.0040000000000000036,-0.007,-0.004,29.7,"45.1",8.724078066627449,-0.09672588587923762,31.237558783547914,0.4616508400292184,36.46600639620033,29.513933646000545
2802,701542,"Warren, Will",2808,99.8,0.25,0.168,0.304,0.418,0.321,0.329,0.255,158,631,90.5,11.8,2573,89.5,90.02,295,1198,1604,0.5,6.71,114,149,121,151,293,323,287,"-4.986","4.986","70.5","7.2",711,470,100,32,4,22,171,24.1,65,9.1,2.33663,0.55395,0.2667,0.01887,"92.5",161,45.41577825159915,10.874200426439232,7.172995780590717,5.55,-2.5,0.02,2.22,0.32,51,"0.177944325",0.328,0.42,"-0.177944325",-0.005,-0.008000000000000007,-0.002,-0.008,24.6,"27.2",8.404918780596683,2.342011440404524,32.164229417337204,0.5266781411359724,38.29459310826157,28.726428147522643
2795,657746,"Ryan, Joe",2798,99.9,0.218,0.174,0.269,0.392,0.29,0.289,0.213,138,633,89.9,18.4,2332,90.1,90.6,363,1389,1406,0.5,6.73,115,148,117,150,299,328,294,"7.625","-7.625","70.5","7.0",689,444,80,32,0,26,194,28.2,39,5.7,2.16057,0.69619,0.62604,-0.09214,"91.7",174,41.891891891891895,11.486486486486488,7.402031930333817,4.8,-2.49,0.22,2.38,0.275,51,"-0.272808587",0.273,0.391,"0.272808587",0.005,0.0020000000000000018,0.001,0.001,26.1,"25.3",7.302177166229411,2.075205682315112,30.478782597658203,0.4786764705882353,36.65988475119397,28.45121660898363
2789,808967,"Yamamoto, Yoshinobu",2792,99.9,0.183,0.1,0.244,0.283,0.244,0.258,0.2,113,619,87.7,7.5,2148,90.2,90.54,377,1303,1486,0.29999999999999716,6.5,111,151,122,150,297,319,297,"41.644","-41.644","70.0","7.2",684,421,79,20,0,14,201,29.4,59,8.6,2.43247,0.4283,0.30963,0.00961,"91.6",134,39.76190476190476,5.714285714285714,3.508771929824561,5.46,-1.82,-0.1,2.05,0.257,24,"-1.493151667",0.273,0.299,"1.493151667",-0.017,-0.016000000000000014,-0.016,-0.014,28.9,"43.3",8.081763741903739,-0.5911166669044168,34.22369587995779,0.4996028594122319,36.40552248747585,29.214335393868495
2788,641793,"Littell, Zack",2791,99.9,0.244,0.201,0.25,0.445,0.311,0.323,0.259,174,712,89.8,14.2,1827,87.6,87.47,295,1444,1344,-0.09999999999999432,6.19,111,149,116,149,298,326,296,"-0.929","0.929","70.5","7.2",759,587,104,33,1,36,130,17.1,32,4.2,2.37748,0.61397,0.51848,-0.02373,"92.1",158,40.955631399317404,9.897610921501707,7.64163372859025,6.12,-0.71,0.06,2.54,0.282,58,"0.033321377",0.298,0.453,"-0.033321377",-0.015,-0.016000000000000014,-0.008,-0.012,20.4,"39.3",10.790042918359516,-1.2197041510845958,31.286858753632885,0.5368271954674221,36.708344718889734,30.420262039272902
2784,667755,"Soriano, José",2784,100,0.249,0.104,0.309,0.353,0.309,0.313,0.246,158,634,90.6,-3.2,2087,93.1,93.67,336,1246,1538,0.6000000000000085,6.65,109,147,117,149,305,327,302,"0.775","-0.775","69.8","7.3",724,488,117,28,1,12,152,21,78,10.8,2.66364,-0.00241,0.39628,-0.17104,"93.4",106,48.15573770491803,7.172131147540983,4.834254143646409,5.88,-1.19,-0.06,2.04,0.335,35,"-0.027837644",0.334,0.365,"0.027837644",0.003,0.0010000000000000009,-0.012,-0.004,27,"36.5",8.751329813546157,0.6457368046608349,33.8322278871909,0.4979287489643745,38.02268071930589,28.505289057730018
2764,605280,"Holmes, Clay",2766,99.9,0.241,0.111,0.281,0.352,0.302,0.322,0.249,150,622,89.3,4.1,2204,89.4,88.49,274,1239,1525,-0.9000000000000057,5.85,112,149,116,150,299,327,297,"8.996","-8.996","69.7","7.3",708,499,110,25,1,14,129,18.2,66,9.3,2.82753,0.06778,0.40923,-0.15677,"92.7",128,42.369477911646584,6.827309236947792,4.80225988700565,6.47,-0.81,-0.01,2.28,0.324,34,"-0.325470333",0.333,0.39,"0.325470333",-0.008,-0.009000000000000008,-0.038,-0.02,22.1,"43.6",10.633747415435039,-0.7611407806349598,33.41716935421768,0.5170305676855895,37.026692441440154,30.555182409364143
2753,665152,"Kremer, Dean",2756,99.9,0.248,0.159,0.284,0.407,0.305,0.302,0.241,163,656,87.9,15,2101,87.6,87.19,311,1359,1394,-0.3999999999999915,6.08,113,148,118,148,299,325,299,"5.825","-5.825","70.0","7.3",708,518,106,32,3,22,142,20.1,45,6.4,2.268,0.74744,0.44528,-0.10212,"91.4",163,35.8974358974359,8.678500986193294,6.214689265536723,6.21,-2.19,0.01,2.34,0.297,44,"-0.211587359",0.292,0.401,"0.211587359",0.007,0.0050000000000000044,0.006,0.003,22.9,"43.3",10.808740355766385,-2.770656918238787,31.710749933473625,0.4649730561970747,38.03080512026416,31.493015479401233
2746,571510,"Boyd, Matthew",2747,100,0.235,0.134,0.276,0.369,0.287,0.3,0.242,154,656,87.9,17.4,2224,85.9,85.81,326,1414,1332,-0.10000000000000853,6.29,110,151,118,151,302,322,296,"16.835","-16.835","69.6","7.2",718,513,107,25,3,19,154,21.4,42,5.8,2.61248,0.56786,0.73913,-0.46845,"91.4",167,38.16046966731898,9.001956947162427,6.406685236768802,5.46,2.35,0.11,2.43,0.288,46,"-0.613073562",0.295,0.389,"0.613073562",-0.007,-0.007000000000000006,-0.02,-0.013,23.1,"25.2",8.451673749256448,-2.1185652390882,31.51459656292304,0.44284687275341483,37.56343608830292,31.593238536628522
2731,622663,"Severino, Luis",2735,99.9,0.257,0.132,0.294,0.389,0.313,0.33,0.27,162,630,87.8,13.6,2297,91.7,91.58,236,1291,1440,-0.10000000000000853,6.31,112,148,118,148,301,326,296,"-1.72","1.72","69.7","7.0",705,515,111,35,0,16,124,17.6,50,7.1,1.93261,0.81769,0.10788,0.03369,"91.9",163,42.10526315789473,6.042884990253411,4.397163120567376,5.94,-2.01,0.22,2.58,0.324,31,"0.062980593",0.338,0.409,"-0.062980593",-0.013,-0.014000000000000012,-0.02,-0.017,18.3,"39.5",7.184156000697362,3.1059178354446164,31.370672459048343,0.47955092221331197,35.883293364698076,26.862371345574925
2720,669467,"Pallante, Andre",2722,99.9,0.27,0.161,0.296,0.431,0.334,0.322,0.262,173,640,88.7,1.3,2389,90.2,90.73,278,1249,1471,0.5,6.55,111,147,113,148,299,324,296,"-9.916","9.916","69.4","7.0",715,536,116,32,4,21,111,15.5,62,8.7,2.52065,0.31812,-0.03313,0.08408,"92.1",124,40.225563909774436,6.578947368421052,4.895104895104895,6.1,-1.61,0.03,2.11,0.337,35,"0.364558824",0.331,0.402,"-0.364558824",0.008,0.006000000000000005,0.029,0.012,22.3,"57.9",6.661957663145991,3.4053228911334994,33.670855166014455,0.4755186721991701,35.64581960457652,27.842165895012922
2719,543243,"Gray, Sonny",2724,99.8,0.262,0.162,0.332,0.424,0.314,0.306,0.253,185,705,88.7,10.8,2498,87.4,87.66,355,1289,1430,0.29999999999999716,6.49,111,148,112,149,300,324,298,"6.401","-6.401","69.7","7.3",753,508,125,31,4,25,201,26.7,38,5,2.90533,0.11035,-0.27249,0.0182,"92.4",143,40.74803149606299,9.84251968503937,6.640106241699867,5.56,-0.81,0.28,2.18,0.302,50,"-0.235417433",0.293,0.411,"0.235417433",0.009,0.009000000000000008,0.013,0.008,27.5,"47.6",10.082388929011431,-1.3583771308546537,33.54753968261469,0.4980174464710547,37.46353781024951,31.16364147414389
2718,669358,"Baz, Shane",2724,99.8,0.25,0.183,0.303,0.433,0.33,0.304,0.232,158,633,88.8,10.7,2462,91.5,91.66,345,1336,1382,0.20000000000000284,6.38,109,148,117,148,301,323,296,"-8.546","8.546","69.5","7.0",711,462,95,36,1,26,176,24.8,64,9,2.2393,0.5109,0.31231,-0.16435,"91.7",156,39.39393939393939,9.523809523809524,6.188466947960619,5.79,-1.46,0.15,2.61,0.325,44,"0.314422369",0.31,0.377,"-0.314422369",0.018,0.015000000000000013,0.056,0.026,25.8,"36.7",7.210658773796938,2.4008989884318335,30.95055424294312,0.4976993865030675,36.61178938880402,27.998110429445923
2714,693433,"Woo, Bryan",2714,100,0.2,0.153,0.239,0.353,0.259,0.273,0.217,137,685,88.6,13.2,2276,93.4,93.68,379,1445,1269,0.29999999999999716,6.51,115,148,116,147,289,320,296,"28.238","-28.238","70.2","7.0",731,493,85,25,1,26,198,27.1,36,4.9,1.81494,0.81847,0.72113,-0.08907,"91.6",163,41.86991869918699,9.146341463414634,6.155950752393981,5.03,-1.4,0.04,2.56,0.243,45,"-1.04045689",0.26,0.364,"1.04045689",-0.017,-0.017000000000000015,-0.011,-0.014,26.2,"24.9",5.575594877377911,4.62785886710208,31.03590857357831,0.42473498233215545,36.487574865588684,26.237044963502598
2709,671106,"Allen, Logan",2713,99.9,0.262,0.142,0.299,0.403,0.323,0.325,0.25,157,600,88.2,12.8,1982,85.6,85.61,247,1200,1509,0,6.32,109,151,121,146,300,321,297,"-13.197","13.197","70.3","7.2",676,485,108,31,0,18,122,18,62,9.2,2.42796,0.73098,0.1609,-0.12933,"91.8",154,37.52577319587629,9.072164948453608,6.508875739644971,5.24,2.38,0.13,2.33,0.334,44,"0.487153931",0.325,0.414,"-0.487153931",0.012,0.009000000000000008,-0.011,-0.002,20.6,"36.2",8.010750650093103,0.9920981159265742,32.552289248247305,0.4641638225255973,36.67414656449642,29.619581664029788
2705,680730,"Parker, Mitchell",2707,99.9,0.273,0.193,0.287,0.466,0.342,0.367,0.301,178,653,91.9,14.3,2077,88.6,89.54,272,1386,1319,0.9000000000000057,6.86,108,150,121,148,303,324,300,"-19.635","19.635","69.9","7.1",725,560,106,43,4,25,103,14.2,58,8,2.12289,0.80911,0.27075,-0.20467,"92.8",171,50.179211469534046,9.67741935483871,7.448275862068964,6.24,1.47,0.03,2.49,0.331,54,"0.725878004",0.359,0.494,"-0.725878004",-0.028,-0.02799999999999997,-0.028,-0.025,19.6,"60.8",8.292263075364152,0.4814463009154158,30.486361533075847,0.4907749077490775,36.7774788039767,29.91571089749211
2699,656849,"Peterson, David",2703,99.9,0.258,0.112,0.32,0.37,0.311,0.329,0.272,166,643,90,3.6,2109,87.5,88.73,303,1262,1437,1.2000000000000028,7.16,108,150,120,148,301,325,293,"6.178","-6.178","70.1","7.3",723,500,118,35,2,11,150,20.7,65,9,2.61021,0.41129,0.51762,-0.30995,"92.6",135,46.1847389558233,6.425702811244979,4.426002766251729,6.11,2.26,0.18,2.28,0.331,32,"-0.228899592",0.346,0.4,"0.228899592",-0.014,-0.014999999999999958,-0.03,-0.018,24,"40.4",9.233791033706682,0.16894429371080324,33.11663915725885,0.4716981132075472,36.892310477207296,30.565662264745487
2699,686752,"Pepiot, Ryan",2700,100,0.221,0.183,0.259,0.404,0.306,0.307,0.228,134,607,89.9,15.5,2491,91.3,92.02,351,1352,1347,0.7000000000000028,6.68,108,148,118,148,300,325,295,"0.685","-0.685","70.3","7.2",679,445,78,27,3,26,167,24.6,61,9,1.78136,0.97201,0.46402,-0.07966,"92.0",175,42.76018099547511,9.728506787330318,6.332842415316642,5.91,-0.96,-0.02,2.54,0.297,43,"-0.02537977",0.305,0.387,"0.02537977",-0.007,-0.008000000000000007,0.017,-0.001,26,"41.3",8.67855448824132,1.2177551176195232,31.25673091139676,0.4988747186796699,36.49470367248992,28.342808641704853
2697,678394,"Bello, Brayan",2698,100,0.237,0.118,0.27,0.355,0.297,0.327,0.26,147,620,88.5,8.9,2208,91.3,91.38,248,1236,1461,0.10000000000000853,6.34,112,148,115,149,284,319,297,"3.816","-3.816","70.3","7.3",700,504,107,23,1,16,124,17.7,59,8.4,2.37295,0.37739,0.62927,-0.15868,"92.1",143,39.285714285714285,7.142857142857142,5.142857142857142,5.32,-1.66,-0.03,2.16,0.314,36,"-0.141490545",0.336,0.404,"0.141490545",-0.023,-0.02200000000000002,-0.049,-0.03,20.1,"32.8",9.521115145379287,-1.741105694312131,33.69068520964732,0.5028759244042728,36.279496806936784,30.14811567547565
2677,671096,"Abbott, Andrew",2677,100,0.235,0.139,0.276,0.374,0.288,0.294,0.236,148,631,86.9,18.3,2377,87.9,87.87,321,1339,1338,0,6.31,109,151,118,149,296,323,289,"16.979","-16.979","70.2","7.2",684,489,99,29,1,19,149,21.8,43,6.3,2.15097,0.83406,0.34774,-0.37167,"91.1",171,33.880903490759756,8.008213552361395,5.701754385964912,6.02,2.53,0.19,2.36,0.285,39,"-0.634254763",0.288,0.381,"0.634254763",-0.001,-0.0030000000000000027,-0.007,-0.006,24,"47.5",8.883487517734643,0.6315322703337786,31.19063481909334,0.47320061255742724,39.03279797784845,30.290222940016214
2666,608379,"Wacha, Michael",2666,100,0.252,0.131,0.29,0.383,0.299,0.317,0.26,166,658,86.5,17,1964,86.6,87.23,286,1343,1323,0.6000000000000085,6.7,113,149,122,151,294,323,295,"11.215","-11.215","69.5","7.2",716,540,116,29,6,15,126,17.6,45,6.3,2.28005,0.81525,0.41163,-0.07213,"91.6",164,34.75836431226766,7.434944237918216,5.58659217877095,6.52,-1.46,0.12,2.41,0.302,40,"-0.420667667",0.31,0.416,"0.420667667",-0.008,-0.008000000000000007,-0.033,-0.018,21.3,"50.9",11.079433527975281,-3.2593993521120925,32.53018753623768,0.48128342245989303,36.76243256734425,32.09472802191771
2614,594798,"deGrom, Jacob",2617,99.9,0.196,0.159,0.23,0.354,0.259,0.285,0.224,122,624,89.9,16,2503,93.1,93.68,408,1352,1262,0.6000000000000085,6.73,116,150,114,150,297,323,297,"32.827","-32.827","69.8","7.3",669,444,76,19,1,26,185,27.7,37,5.5,1.95519,0.71,0.27837,-0.07235,"91.7",171,42.17687074829932,9.297052154195011,6.128550074738415,5.49,-1.38,0.24,2.13,0.242,41,"-1.255814843",0.271,0.382,"1.255814843",-0.028,-0.029000000000000026,-0.028,-0.026,30.2,"31.2",9.025321795958856,-0.39619746516733845,32.248415108397694,0.5106060606060606,38.87945431559798,28.995256623693567
2608,434378,"Verlander, Justin",2612,99.8,0.261,0.153,0.31,0.413,0.32,0.319,0.255,155,595,87.9,17.4,2454,88.2,87.68,315,1272,1336,-0.5,6.01,111,148,119,147,297,325,296,"-0.053","0.053","69.4","7.3",662,467,97,41,1,16,137,20.7,52,7.9,2.2561,0.72326,0.18428,-0.08055,"91.7",169,37.04496788008566,8.137044967880087,5.740181268882175,7.1,-1.83,0.11,2.47,0.323,38,"0.002032209",0.319,0.413,"-0.002032209",0.006,0.0040000000000000036,0,0.001,24.8,"55.2",10.77054900778317,-3.0088062674300637,31.164141251013543,0.5387689848121503,37.01081744915651,30.976614046163316
2589,593958,"Rodriguez, Eduardo",2597,99.7,0.286,0.189,0.333,0.475,0.353,0.327,0.261,178,623,87,15.6,2216,89.4,89.64,281,1220,1369,0.19999999999998863,6.36,108,150,118,148,302,320,297,"-19.343","19.343","69.7","7.0",694,489,113,37,3,25,143,20.6,60,8.6,1.97765,0.88188,0.53237,-0.33945,"91.8",166,35.173824130879346,8.1799591002045,5.763688760806916,5.91,1.2,0.03,2.35,0.347,40,"0.747122441",0.326,0.423,"-0.747122441",0.025,0.020999999999999963,0.052,0.026,23,"40.3",6.3850412828719305,3.761592089219607,32.42004777039907,0.45109612141652616,36.31967735180027,27.18132548819674
2588,571578,"Corbin, Patrick",2590,99.9,0.267,0.163,0.308,0.43,0.328,0.335,0.27,161,602,87.9,13.5,2144,85.7,86.28,323,1199,1389,0.5999999999999943,6.77,111,150,113,148,296,323,296,"-4.775","4.775","70.6","7.4",663,478,107,31,2,21,131,19.8,51,7.7,2.63433,0.52205,0.39816,-0.1604,"92.6",146,40.461215932914044,8.385744234800839,6.033182503770739,6.17,2.63,-0.11,2.05,0.326,40,"0.18450541",0.331,0.433,"-0.18450541",-0.003,-0.0050000000000000044,-0.003,-0.007,26.9,"36.6",12.399330141631733,-6.378543491219876,33.6230478036125,0.5056277056277056,36.583631526166776,33.126438727351
2584,621244,"Berríos, José",2592,99.7,0.253,0.177,0.285,0.43,0.325,0.337,0.259,160,632,90,15,2070,88.5,88.45,262,1190,1394,0,6.39,110,148,116,149,293,324,297,"-5.81","5.81","70.9","7.3",698,497,102,30,2,26,138,19.8,56,8,2.40828,0.54041,0.47557,-0.08778,"92.4",153,42.62626262626263,11.313131313131313,8.022922636103152,5.65,-1.99,-0.04,2.17,0.32,56,"0.224845201",0.327,0.449,"-0.224845201",-0.006,-0.007000000000000006,-0.019,-0.012,22,"38.7",10.908380622255748,-2.534260296278653,33.31766632817803,0.543572044866264,36.75748321601999,31.18722534300027
2584,683004,"Leiter, Jack",2585,100,0.222,0.138,0.268,0.361,0.298,0.325,0.238,127,571,90.3,16.1,2313,92.4,92.99,300,1236,1348,0.5999999999999943,6.82,112,149,113,150,293,323,297,"7.072","-7.072","70.3","7.2",646,426,84,25,0,18,148,22.9,67,10.4,2.01443,0.70534,0.49045,-0.09094,"92.0",167,43.89671361502347,10.7981220657277,7.120743034055728,5.61,-1.68,0.15,2.31,0.309,46,"-0.273684211",0.323,0.419,"0.273684211",-0.016,-0.014000000000000012,-0.058,-0.027,24.3,"45.5",9.106556270700077,0.2675286315251066,30.822991568640596,0.5330578512396694,36.69214133554991,29.666670706709755
2578,607259,"Martinez, Nick",2582,99.8,0.254,0.18,0.276,0.435,0.317,0.309,0.258,158,621,87.7,15.5,2304,86.9,86.31,242,1215,1363,-0.6000000000000085,5.92,112,150,118,149,295,322,291,"-2.01","2.01","69.6","7.3",683,519,91,44,1,22,116,17,42,6.1,2.40571,0.65752,0.40976,0.05307,"91.5",162,34.824902723735406,7.003891050583658,5.27086383601757,6.18,-1.55,-0.01,2.33,0.304,36,"0.077967417",0.31,0.399,"-0.077967417",-0.004,-0.006000000000000005,0.036,0.008,19.9,"57.8",10.16037964621173,-2.411327971424528,32.37632643865899,0.48739495798319327,37.08618295517578,30.942993530798663
2573,543294,"Hendricks, Kyle",2583,99.6,0.262,0.185,0.281,0.447,0.324,0.308,0.249,167,638,85.8,15.9,2098,82.5,81.35,226,1235,1338,-1.2000000000000028,5.52,109,147,117,149,305,328,300,"-7.522","7.522","70.6","7.3",695,533,102,37,3,25,114,16.4,43,6.2,2.7727,0.61255,0.75581,-0.14122,"91.3",158,34.33395872420263,8.25515947467167,6.330935251798561,6.08,-2.64,-0.12,2.33,0.311,44,"0.292343568",0.302,0.403,"-0.292343568",0.013,0.009000000000000008,0.044,0.016,18.3,"42.6",8.906306576794993,-0.8824317765266477,32.61955790437394,0.4694048616932104,38.25414039576832,31.202652545295535
2565,663978,"Paddack, Chris",2566,100,0.268,0.215,0.278,0.483,0.336,0.344,0.278,166,619,89.8,15.9,2082,88.6,89.58,272,1316,1249,1,6.96,115,147,118,150,297,329,296,"-13.01","13.01","69.7","7.1",670,518,99,32,4,31,112,16.7,37,5.5,2.16711,0.78249,0.59103,-0.11066,"92.3",173,45.559845559845556,10.231660231660232,7.91044776119403,6.1,-2.02,0.13,2.42,0.308,53,"0.507212476",0.32,0.479,"-0.507212476",-0.01,-0.01200000000000001,0.004,-0.008,20.7,"47.5",7.936195429698621,2.037118466649311,31.39492987827003,0.5043002345582487,37.173014847243536,28.73893185051002
2565,608372,"Sugano, Tomoyuki",2573,99.7,0.276,0.201,0.285,0.478,0.342,0.367,0.294,173,626,89.6,14.7,2264,87.7,87.55,223,1205,1360,-0.10000000000000853,6.23,112,148,117,149,301,324,300,"-13.325","13.325","70.9","7.4",675,525,116,21,3,33,106,15.7,36,5.3,2.4599,0.53651,0.23641,-0.14729,"92.2",159,39.88549618320611,11.83206106870229,9.185185185185185,5.99,-2.39,0.03,2.18,0.321,62,"0.519493177",0.339,0.519,"-0.519493177",-0.018,-0.018000000000000016,-0.041,-0.025,18.5,"40.9",10.231957245796199,-1.4888127474922708,32.437000277210906,0.5487179487179488,37.75328863006857,30.66570332474801
2548,450203,"Morton, Charlie",2559,99.6,0.273,0.19,0.33,0.463,0.36,0.333,0.25,152,557,90.7,9.8,2596,88.1,87.69,333,1193,1355,-0.3999999999999915,6.16,113,148,117,148,301,327,299,"-26.095","26.095","70.1","7.3",654,417,95,31,3,23,149,22.8,72,11,2.92497,0.06521,0.1153,0.0769,"92.4",154,43.645083932853716,8.633093525179856,5.5045871559633035,5.36,-2.51,0.08,2.24,0.367,36,"1.024136578",0.349,0.404,"-1.024136578",0.023,0.018000000000000016,0.059,0.027,27.9,"21.1",10.630612406448542,-3.1699071084536614,33.725775090324504,0.5004269854824936,36.233991411663816,31.240041746299894
2534,607067,"Rea, Colin",2536,99.9,0.258,0.155,0.293,0.413,0.314,0.329,0.266,155,601,89.1,13.4,2125,89.4,89.99,265,1207,1327,0.5999999999999943,6.63,114,150,118,152,298,321,299,"2.316","-2.316","69.7","7.1",662,485,104,29,2,20,127,19.2,44,6.6,2.3303,0.55156,0.32943,-0.1276,"92.2",161,41.03092783505154,10.309278350515463,7.552870090634441,5.57,-1.65,0.03,2.41,0.312,50,"-0.091397001",0.321,0.431,"0.091397001",-0.008,-0.009000000000000008,-0.018,-0.015,22,"30.4",7.711397849995902,0.5699122648574744,31.7616217499856,0.47932489451476795,37.25304338878609,29.617335751711156
2514,693821,"Elder, Bryce",2519,99.8,0.271,0.175,0.308,0.446,0.336,0.332,0.267,167,616,89.5,8,2258,88.6,88.28,262,1165,1349,-0.29999999999999716,6.09,113,149,120,150,304,325,297,"-14.685","14.685","70.4","7.4",679,491,109,32,2,24,131,19.3,51,7.5,2.43811,0.48615,0.59409,0.07067,"92.7",142,43.87755102040816,7.755102040816326,5.596465390279824,6.46,-1.03,0,2.04,0.331,38,"0.584128878",0.328,0.437,"-0.584128878",0.004,0.0030000000000000027,0.009,0.004,22.5,"51.5",10.733395816692699,-2.709787722460232,34.75471135415803,0.5225066195939982,36.49583473209648,31.31749090554691
2483,571945,"Mikolas, Miles",2487,99.8,0.272,0.22,0.281,0.492,0.342,0.351,0.276,169,622,88.8,13.4,2223,87.5,87.34,196,1191,1292,-0.20000000000000284,6.22,112,148,112,149,301,323,298,"-20.951","20.951","70.6","7.1",669,529,94,42,4,29,100,14.9,37,5.5,2.57937,0.45554,0.34394,-0.072,"92.3",171,41.85606060606061,12.68939393939394,10.014947683109119,6.5,-2.3,0.13,2.43,0.313,67,"0.843777688",0.318,0.504,"-0.843777688",-0.004,-0.0050000000000000044,-0.012,-0.009,16.5,"42.8",9.275533584358246,1.2465296788014233,31.921818372186202,0.5271317829457365,36.711971809498955,29.585552264920477
2482,607536,"Freeland, Kyle",2490,99.7,0.294,0.167,0.33,0.461,0.341,0.339,0.284,193,657,90.4,12.2,2325,87.2,87.81,268,1274,1208,0.5999999999999943,6.57,112,150,119,146,301,329,299,"-16.003","16.003","71.0","7.4",709,541,132,34,5,22,124,17.5,38,5.4,2.60849,0.39773,0.21327,-0.2276,"92.8",159,47.31977818853974,9.426987060998151,7.193229901269394,5.74,2.58,-0.04,2.12,0.335,51,"0.644762288",0.327,0.461,"-0.644762288",0.01,0.008000000000000007,0,0.002,21,"28.3",10.285249871541113,-2.839239386556952,33.654657144909,0.5452322738386308,35.92971360577716,30.93876566974167
2478,666157,"Lodolo, Nick",2483,99.8,0.233,0.154,0.279,0.387,0.293,0.29,0.229,138,592,87.6,11.7,2273,89.1,88.8,341,1240,1238,-0.29999999999999716,6.25,109,151,120,148,299,322,286,"5.14","-5.14","69.2","7.3",642,442,92,23,1,22,156,24.3,31,4.8,2.56357,0.35669,0.83588,-0.59802,"91.8",153,40.77448747152619,8.200455580865604,5.607476635514018,5.41,3.7,0.07,2.35,0.285,36,"-0.207425343",0.282,0.38,"0.207425343",0.004,0.0030000000000000027,0.007,0.003,27.5,"15.1",9.969381561133707,-2.134482978004192,32.52653109870894,0.4506578947368421,38.61917746511082,30.696097712953513
2468,682990,"Priester, Quinn",2469,100,0.245,0.155,0.285,0.4,0.31,0.294,0.238,145,593,88.5,4.8,2270,90.2,90.48,279,1139,1329,0.29999999999999716,6.4,113,149,121,150,304,327,298,"5.483","-5.483","69.7","7.3",653,465,91,34,2,18,132,20.2,50,7.7,2.45032,0.36898,0.38739,0.01338,"92.0",129,39.61038961038961,7.35930735930736,5.206738131699847,6.07,-1.71,0.07,2.17,0.309,34,"-0.222163695",0.304,0.359,"0.222163695",0.007,0.0050000000000000044,0.041,0.016,24.5,"46.9",9.9340412787067,-2.000914890100669,33.651451852578234,0.5017985611510791,37.87515245646703,31.09190878057684
2466,669194,"Nelson, Ryne",2467,100,0.217,0.164,0.252,0.381,0.284,0.306,0.247,124,572,91.3,14.1,2302,92,92.9,268,1242,1224,0.9000000000000057,6.84,111,149,119,150,301,324,298,"19.18","-19.18","69.3","6.9",619,442,73,25,9,17,132,21.3,41,6.6,1.708,1.02198,0.05023,-0.05641,"91.8",179,45.57823129251701,7.482993197278912,5.3311793214862675,6.19,-1.26,0.14,2.5,0.273,33,"-0.777777778",0.301,0.402,"0.777777778",-0.03,-0.02799999999999997,-0.021,-0.022,21.6,"53.1",6.606052055411566,3.997224137730307,31.342396334890374,0.4735537190082645,35.85328164612777,26.384197196105696
2430,624133,"Suárez, Ranger",2432,99.9,0.256,0.118,0.318,0.374,0.298,0.277,0.228,154,602,85.7,12.2,1895,84.6,84.33,259,1165,1265,-0.29999999999999716,6.23,104,149,116,146,298,322,289,"16.602","-16.602","69.7","7.3",651,456,113,25,2,14,151,23.2,38,5.8,2.95938,0.301,0.40217,-0.20518,"91.3",140,31.208791208791208,5.4945054945054945,3.840245775729647,5.81,2.14,0.12,2.27,0.305,25,"-0.683209877",0.28,0.346,"0.683209877",0.028,0.024999999999999967,0.028,0.021,22.2,"36.9",10.363514105847466,-2.4460517063491003,33.415383618477875,0.4469964664310954,36.95751045282724,32.2224760834596
2419,681343,"Smith, Shane",2423,99.8,0.216,0.148,0.262,0.363,0.296,0.31,0.232,117,542,89.8,13.3,2127,92,92.79,323,1168,1251,0.7999999999999972,6.76,109,148,116,147,299,320,297,"6.017","-6.017","69.6","7.1",616,401,74,23,3,17,145,23.5,58,9.4,2.17205,0.55009,0.54006,-0.09845,"92.1",164,45.7286432160804,6.78391959798995,4.383116883116883,5.79,-2.15,0.03,2.26,0.305,27,"-0.248739148",0.321,0.378,"0.248739148",-0.016,-0.016000000000000014,-0.015,-0.014,27.7,"33.7",6.99010488478038,4.29234906353565,32.48278933541942,0.46938775510204084,36.43296434528488,27.063324984288002
2394,554430,"Wheeler, Zack",2394,100,0.197,0.151,0.267,0.349,0.263,0.246,0.19,107,542,87.3,13,2431,91.5,92.85,379,1205,1189,1.2999999999999972,7.18,112,148,114,149,292,320,290,"23.974","-23.974","69.6","7.1",585,349,65,21,2,19,195,33.3,33,5.6,2.11236,0.65791,0.41741,0.03804,"91.0",157,34.097421203438394,7.163323782234957,4.273504273504273,5.16,-2.07,0.05,2.42,0.253,25,"-1.001420217",0.246,0.308,"1.001420217",0.007,0.007000000000000006,0.041,0.017,31.5,"23.2",7.980188822863032,1.141270463906089,32.145564119937085,0.46564885496183206,35.63811725309131,28.359958607363474
2388,669461,"Liberatore, Matthew",2390,99.9,0.266,0.157,0.302,0.423,0.318,0.338,0.275,158,593,89.7,14.5,2369,88.7,88.87,232,1151,1237,0.20000000000000284,6.39,107,150,115,147,303,323,295,"-3.056","3.056","69.8","7.2",648,482,105,32,2,19,122,18.8,40,6.2,2.43335,0.50864,0.23362,-0.1715,"92.4",163,41.078838174273855,10.58091286307054,7.87037037037037,6.52,0.58,-0.18,2.36,0.313,51,"0.127973199",0.324,0.457,"-0.127973199",-0.009,-0.01100000000000001,-0.034,-0.02,20.2,"47.0",9.612985952930096,-1.7974056378201948,32.135900925076925,0.516042780748663,36.779952706223206,30.567166319637618
2380,607625,"Lugo, Seth",2381,100,0.244,0.194,0.268,0.438,0.329,0.349,0.26,133,546,90.1,14.1,2557,85.5,84.8,215,1044,1336,-0.7000000000000028,5.83,113,148,123,151,294,322,293,"-14.611","14.611","69.9","7.2",611,425,82,23,1,27,125,20.5,55,9,2.86633,0.3123,-0.03907,-0.00201,"92.3",157,45.28301886792453,11.084905660377359,7.6923076923076925,5.57,-1.42,-0.01,2.48,0.319,47,"0.613907563",0.335,0.476,"-0.613907563",-0.016,-0.016000000000000014,-0.038,-0.02,20.6,"31.6",10.842876899325853,-1.6938345214100392,32.403386820848986,0.5048732943469786,37.582458039497425,30.728780975340392
2376,680732,"Burke, Sean",2380,99.8,0.251,0.193,0.293,0.444,0.34,0.343,0.251,131,522,88.9,17.3,2489,88.6,89.74,280,1114,1262,1.1000000000000085,7.05,110,149,117,148,297,319,296,"-14.041","14.041","69.1","7.1",596,393,77,30,1,23,133,22.3,63,10.6,2.39273,0.56476,0.09815,-0.10577,"92.0",171,42.96675191815857,10.485933503836318,6.879194630872483,6.25,-2.41,0.01,2.49,0.337,41,"0.590951178",0.337,0.451,"-0.590951178",0,0,-0.007,-0.003,25.1,"42.3",9.337872764857497,-0.2955255712063529,31.451800128314357,0.5147058823529411,36.65640778921563,29.89008313669704
2369,607200,"Fedde, Erick",2374,99.8,0.269,0.17,0.286,0.44,0.344,0.352,0.277,147,546,88.7,13.5,2121,89,89.69,190,1058,1311,0.7000000000000028,6.69,111,147,115,149,300,324,297,"-18.625","18.625","69.7","7.1",623,470,94,32,2,19,83,13.3,67,10.8,2.29695,0.60084,0.14798,-0.10726,"92.0",165,42.643923240938165,7.889125799573561,5.9390048154093105,5.82,-1.47,0.1,2.33,0.351,37,"0.786196707",0.358,0.447,"-0.786196707",-0.008,-0.007000000000000006,-0.007,-0.008,18,"34.9",7.622841897429622,1.5736311808775434,32.92886038854566,0.4891518737672584,38.01100397537886,28.785660306407696
2368,608337,"Giolito, Lucas",2372,99.8,0.239,0.137,0.275,0.377,0.301,0.342,0.267,131,547,90.1,16.5,2046,88.3,88.72,256,1119,1249,0.4000000000000057,6.62,110,148,117,148,286,321,295,"4.944","-4.944","69.7","7.2",613,433,91,22,1,17,121,19.7,56,9.1,1.93971,1.02427,0.4539,-0.06767,"92.3",166,41.013824884792626,8.986175115207374,6.36215334420881,6.3,-1.41,0.17,2.39,0.309,39,"-0.208783784",0.335,0.455,"0.208783784",-0.028,-0.026000000000000023,-0.078,-0.041,22.9,"52.1",10.713966117927306,-3.4395233588709964,30.918204864319076,0.4813126709206928,36.907620402504634,31.6772132003102
2366,676664,"Sears, JP",2366,100,0.268,0.24,0.289,0.507,0.352,0.319,0.245,143,534,88.6,20.9,2046,86,85.92,241,1118,1248,-0.09999999999999432,6.39,110,151,118,146,302,324,294,"-15.635","15.635","70.2","7.1",583,424,76,36,1,30,117,20.1,36,6.2,2.38205,0.76282,0.3765,-0.39216,"92.0",187,39.386792452830186,9.433962264150944,6.86106346483705,4.84,1.26,0.02,2.54,0.319,40,"0.660819949",0.298,0.44,"-0.660819949",0.023,0.02100000000000002,0.067,0.033,21.6,"25.3",8.433230737004523,0.012236412790879558,31.36863939516029,0.492151431209603,36.59641012628711,29.444100219133
2356,641927,"Ober, Bailey",2356,100,0.275,0.219,0.296,0.494,0.344,0.323,0.252,159,579,89.2,22,2135,85.3,86.71,294,1219,1137,1.4000000000000057,7.27,114,148,117,150,298,328,295,"-16.631","16.631","70.3","7.4",624,468,92,37,0,30,120,19.2,31,5,2.42022,0.75081,0.53298,-0.19787,"92.3",169,39.1025641025641,10.897435897435898,8.173076923076923,5.93,-1.4,0.11,2.34,0.314,51,"0.70589983",0.294,0.455,"-0.70589983",0.023,0.020000000000000018,0.039,0.021,24.1,"31.5",13.540637010128334,-8.533014604249674,31.353738904931667,0.5016835016835017,36.98535098606742,35.232602345805084
2353,663554,"Mize, Casey",2357,99.8,0.263,0.174,0.309,0.437,0.319,0.296,0.238,153,581,89.5,13.8,2043,90.7,91.68,281,1167,1186,1,6.9,113,149,114,149,296,329,297,"-9.976","9.976","70.7","7.2",627,449,98,30,4,21,139,22.2,36,5.7,2.02279,0.76988,0.55539,-0.09021,"92.0",163,42.63392857142857,9.151785714285714,6.539074960127592,5.79,-2.1,-0.01,2.36,0.307,41,"0.423969401",0.284,0.402,"-0.423969401",0.025,0.02300000000000002,0.035,0.023,24.1,"45.0",9.2622695614318,-0.3137881623240768,32.25519617329763,0.5245614035087719,37.21306602503203,29.864998159785028
2339,542881,"Anderson, Tyler",2353,99.4,0.253,0.223,0.263,0.477,0.341,0.346,0.256,135,533,87.9,21,2119,84.3,83.75,286,1145,1194,-0.5,6.01,108,149,115,147,301,324,297,"-20.493","20.493","70.6","7.5",599,435,75,29,3,28,104,17.4,57,9.5,2.00964,1.24044,0.60356,-0.39688,"92.0",173,36.55172413793103,11.03448275862069,8.013355592654424,6.29,1.43,-0.04,2.36,0.326,48,"0.876143651",0.331,0.476,"-0.876143651",-0.003,-0.0050000000000000044,0.001,-0.005,25,"54.6",12.773520173131516,-5.783865605859993,31.61881104898337,0.5144144144144144,37.45248814309098,33.62702747002959
2327,671737,"Bradley, Taj",2327,100,0.243,0.16,0.281,0.403,0.314,0.313,0.239,131,539,88.9,11.7,2216,91.8,91.96,265,1123,1204,0.20000000000000284,6.38,109,148,116,149,299,326,297,"-3.308","3.308","69.7","7.1",605,418,84,27,1,19,127,21,56,9.3,1.98497,0.74677,0.31418,-0.08499,"91.9",155,39.90147783251231,7.389162561576355,4.958677685950414,6.23,-1.31,0,2.52,0.316,30,"0.142157284",0.315,0.397,"-0.142157284",0.004,0.0010000000000000009,0.006,0.001,23.6,"54.0",8.732719354240277,1.337739067302494,31.237187752591367,0.517208413001912,36.42646232774841,28.12444648941983
2318,547179,"Lorenzen, Michael",2318,100,0.268,0.203,0.303,0.47,0.339,0.332,0.264,149,557,89.2,15.5,2340,88.2,87.58,261,1114,1204,-0.6000000000000085,5.91,113,149,122,150,291,320,293,"-12.305","12.305","69.8","7.3",606,434,90,30,4,25,127,21,39,6.4,2.48158,0.48089,0.5573,-0.12695,"92.0",159,39.260969976905315,8.775981524249422,6.270627062706271,5.76,-2,0.06,2.23,0.32,38,"0.530845557",0.318,0.447,"-0.530845557",0.004,0.0020000000000000018,0.023,0.007,23.4,"41.1",10.844985038894315,-3.1039725030481597,33.06524433095168,0.47862453531598514,36.47330102218414,32.08983934774637
2316,656876,"Rasmussen, Drew",2317,100,0.214,0.126,0.247,0.34,0.269,0.288,0.237,116,541,90,10,2543,92.7,93.35,250,1126,1190,0.5999999999999943,6.59,110,148,117,149,299,323,296,"24.541","-24.541","69.9","6.9",585,416,84,14,0,18,127,21.7,37,6.3,1.848,0.81634,0.22021,0.01149,"92.1",151,43.269230769230774,6.25,4.444444444444445,5.93,-1.83,0.2,2.55,0.271,26,"-1.05962867",0.292,0.365,"1.05962867",-0.023,-0.020999999999999963,-0.025,-0.019,22.2,"54.9",5.939764083397331,5.357567964688808,31.240836685130166,0.48366606170598914,35.19650292729128,25.716781317348197
2309,663436,"Martin, Davis",2315,99.7,0.251,0.176,0.275,0.427,0.322,0.346,0.276,136,541,90.6,11.3,2394,90.4,90.58,246,1141,1168,0.19999999999998863,6.45,111,148,116,147,299,320,296,"-8.958","8.958","70.7","7.2",601,442,84,29,3,20,104,17.3,48,8,2.23631,0.58241,0.4712,-0.07735,"92.6",156,44.67120181405896,9.750566893424036,7.154742096505824,5.94,-2.14,0.13,2.3,0.317,43,"0.387960156",0.34,0.458,"-0.387960156",-0.025,-0.02300000000000002,-0.031,-0.024,21.6,"38.3",8.232114950780975,0.7793091313600546,33.07632818710013,0.5363881401617251,36.17208809939389,28.48118508034523
2284,622608,"Senzatela, Antonio",2289,99.8,0.347,0.2,0.366,0.547,0.406,0.395,0.324,192,554,90.5,10,2272,90.7,90.6,193,1066,1218,-0.10000000000000853,6.03,112,149,118,147,302,331,302,"-40.967","40.967","69.4","7.0",618,489,128,39,3,22,73,11.8,47,7.6,2.18567,0.60033,0.15902,-0.08546,"93.0",172,46.48760330578512,9.297520661157025,7.281553398058252,6.11,-2.11,0.04,2.38,0.402,45,"1.793651489",0.384,0.539,"-1.793651489",0.023,0.018000000000000016,0.008,0.011,18.1,"42.9",5.803186526097672,4.884602461429797,32.12250061651443,0.4182692307692308,37.36306394937206,26.32191855470426
2252,665795,"Cabrera, Edward",2253,100,0.233,0.145,0.293,0.378,0.303,0.309,0.24,121,519,90,9.2,2285,91.7,91.92,298,1015,1237,0.20000000000000284,6.51,111,148,118,149,302,320,293,"2.306","-2.306","69.6","7.5",581,373,80,24,0,17,150,25.8,48,8.3,2.5157,0.23292,0.54792,-0.06765,"92.9",144,46.50537634408602,8.60215053763441,5.507745266781412,6.04,-1.29,0.05,2.14,0.309,32,"-0.102397869",0.317,0.382,"0.102397869",-0.007,-0.008000000000000007,-0.004,-0.006,29.4,"35.9",12.56111847232987,-6.465716480594936,33.05426225071501,0.5597165991902834,36.2861772701061,32.65465670918217
2189,621111,"Buehler, Walker",2191,99.9,0.265,0.171,0.286,0.437,0.348,0.357,0.273,130,490,87.6,11.5,2306,89.1,89.48,188,977,1212,0.4000000000000057,6.54,111,148,117,149,287,321,294,"-12.632","12.632","70.5","7.2",564,400,91,16,1,22,92,16.3,60,10.6,2.33363,0.58498,0.04106,-0.07911,"91.9",148,37.84461152882205,9.523809523809524,6.73758865248227,5.49,-1.26,0.22,2.37,0.357,38,"0.577067154",0.365,0.448,"-0.577067154",-0.008,-0.008000000000000007,-0.011,-0.009,19.2,"42.6",9.85041525018517,-0.9059903783463462,31.91559068884131,0.5705329153605015,36.24046668480231,30.79432886297243
2176,684007,"Imanaga, Shota",2178,99.9,0.218,0.214,0.22,0.432,0.293,0.312,0.237,117,537,90,21.4,2104,86.2,85.88,288,1171,1005,-0.29999999999999716,6.21,111,152,119,151,302,322,296,"5.694","-5.694","71.0","7.5",567,423,65,20,1,31,117,20.6,26,4.6,2.18603,0.9282,0.65895,-0.50123,"92.2",178,43.705463182897866,11.63895486935867,8.641975308641975,5.42,2.57,-0.01,2.51,0.254,49,"-0.261672794",0.273,0.458,"0.261672794",-0.019,-0.019000000000000017,-0.026,-0.019,24.6,"35.8",11.476748253431753,-6.521538082533611,30.58846018487465,0.5559440559440559,37.26683267411444,33.72227448619304
2174,500779,"Quintana, Jose",2177,99.9,0.241,0.141,0.26,0.382,0.308,0.346,0.272,120,497,88.3,12.9,1951,86.7,86.94,173,940,1234,0.20000000000000284,6.53,110,150,123,150,306,327,299,"-1.021","1.021","69.5","7.3",556,412,86,16,0,18,89,16,50,9,2.48294,0.59205,0.68093,-0.48607,"91.9",163,41.74757281553398,9.70873786407767,7.194244604316546,5.73,2.22,0.15,2.11,0.315,40,"0.046964121",0.344,0.45,"-0.046964121",-0.031,-0.02899999999999997,-0.068,-0.038,18.4,"41.6",8.764016204133936,0.9430581004063494,32.96731161195891,0.5135722041259501,39.03114657680707,29.677755305073866
2169,669160,"May, Dustin",2182,99.4,0.259,0.188,0.3,0.447,0.342,0.348,0.263,132,510,90.2,12.2,2703,90.7,90.92,196,982,1187,0.20000000000000284,6.58,111,148,119,150,291,317,297,"-9.915","9.915","70.4","7.1",584,393,84,21,6,21,123,21.1,56,9.6,2.49789,0.31485,0.1322,0.00911,"92.7",156,44.642857142857146,9.183673469387756,6.164383561643835,5.02,-2.28,-0.05,2.39,0.344,36,"0.457123098",0.35,0.444,"-0.457123098",-0.004,-0.006000000000000005,0.003,-0.006,20,"21.1",7.640058360700707,0.6683812531961811,33.002587908385095,0.49947201689545934,35.74241751217327,29.104656523841015
2164,702070,"Cameron, Noah",2167,99.9,0.214,0.147,0.241,0.361,0.281,0.312,0.246,109,509,87.2,12.6,2238,86,86.17,272,1022,1142,0.20000000000000284,6.28,109,150,125,149,297,322,288,"9.58","-9.58","69.5","7.3",556,396,72,17,2,18,114,20.5,43,7.7,2.62619,0.47494,0.10888,-0.11066,"92.1",149,37.37373737373738,6.313131313131313,4.496402877697841,6.42,1.14,-0.17,2.36,0.279,25,"-0.442698706",0.308,0.405,"0.442698706",-0.032,-0.02899999999999997,-0.044,-0.031,26.6,"57.8",10.818927106405622,-4.56097704942098,32.29096113035055,0.4789579158316633,35.92746129204539,32.578853111580024
2156,669302,"Gilbert, Logan",2156,100,0.211,0.166,0.278,0.377,0.28,0.273,0.208,104,494,90.3,14.4,1748,88.9,90.77,362,1101,1055,1.8999999999999915,7.5,114,148,116,146,289,322,296,"9.44","-9.44","69.7","7.5",535,324,63,20,1,20,173,32.3,31,5.8,2.42507,0.51097,0.25433,-0.07891,"92.0",153,41.66666666666667,8.641975308641975,5.233644859813085,5.75,-0.93,0.1,2.07,0.266,28,"-0.437847866",0.264,0.359,"0.437847866",0.003,0.0020000000000000018,0.018,0.007,32.9,"40.2",12.190529581848374,-8.342328807341453,32.27565641557925,0.484736355226642,36.65711495836312,34.62020585980277
2148,681190,"Vásquez, Randy",2153,99.8,0.247,0.136,0.261,0.383,0.311,0.353,0.271,125,506,88.9,17.2,2559,88.9,88.59,157,997,1151,-0.30000000000001137,6.14,116,149,121,150,300,324,299,"-1.125","1.125","71.0","7.2",570,433,89,19,1,16,78,13.7,52,9.1,2.21785,0.69994,0.20352,0.05899,"92.4",161,39.260969976905315,10.854503464203233,8.24561403508772,5.96,-1.88,0.1,2.31,0.323,47,"0.052374302",0.346,0.471,"-0.052374302",-0.024,-0.022999999999999965,-0.088,-0.042,15.7,"35.4",9.500076983860088,-0.9205344793987889,32.67968787651048,0.5406797116374872,36.91550795215056,29.73365263861236
2128,695418,"Lord, Brad",2129,100,0.255,0.16,0.293,0.415,0.319,0.334,0.273,126,494,88.1,9.8,2299,91.6,90.42,226,1063,1065,-1.1999999999999886,5.61,112,149,120,150,303,325,298,"-5.767","5.767","69.4","6.8",546,392,84,22,3,17,108,19.8,43,7.9,2.17413,0.56869,1.08958,-0.18274,"91.9",166,41.83673469387755,7.142857142857142,5.128205128205128,5.36,-2.46,-0.13,2.42,0.317,28,"0.271005639",0.334,0.43,"-0.271005639",-0.018,-0.017000000000000015,-0.015,-0.015,21.3,"19.5",3.860262928788313,8.362278459681479,32.96735651712777,0.3716475095785441,36.052194579061165,24.594079410145046
2110,675911,"Strider, Spencer",2111,100,0.261,0.192,0.317,0.453,0.344,0.339,0.256,124,475,90.7,14.1,2311,89.5,90.59,308,1005,1105,1.0999999999999943,6.93,114,149,119,150,302,325,298,"-11.795","11.795","68.9","7.3",539,349,74,29,1,20,131,24.3,51,9.5,2.13592,0.75578,0.20788,-0.06743,"92.4",181,42.81609195402299,10.632183908045976,6.8645640074211505,5.78,-1.7,0.19,2.16,0.34,37,"0.559004739",0.336,0.446,"-0.559004739",0.005,0.0040000000000000036,0.007,0.005,30.6,"42.5",10.556908873031157,-3.6338124728975,32.335367622151196,0.40224032586558045,36.780496221502396,31.924535752975594
2086,669923,"Kirby, George",2087,100,0.252,0.14,0.315,0.392,0.3,0.305,0.252,121,480,90.3,11.4,2255,91.8,92.09,273,1023,1063,0.29999999999999716,6.51,114,147,115,146,288,320,297,"6.086","-6.086","69.5","7.0",524,351,85,20,1,15,137,26.1,29,5.5,2.39841,0.33861,0.32689,0.12631,"91.7",158,44,8.571428571428571,5.7251908396946565,5.66,-1.81,0.18,2.49,0.3,30,"-0.291754554",0.303,0.392,"0.291754554",0,-0.0030000000000000027,0,-0.005,26.7,"29.5",6.920075073356184,3.2231932412538553,32.309155284507504,0.48286604361370716,36.166218898452115,27.364135417639215
2085,608566,"Márquez, Germán",2091,99.7,0.317,0.228,0.339,0.545,0.393,0.365,0.291,168,530,91.2,15.2,2334,90.9,89.84,186,1000,1085,-1.1000000000000085,5.55,113,148,117,147,300,330,302,"-41.699","41.699","70.4","7.3",591,452,99,40,6,23,83,14,48,8.1,2.13688,0.63915,0.52688,-0.06532,"92.9",169,48.23788546255506,11.013215859030836,8.460236886632826,6.16,-2.22,-0.05,2.14,0.378,50,"1.999952038",0.355,0.496,"-1.999952038",0.026,0.02300000000000002,0.049,0.028,18.6,"40.6",9.91564174644721,-1.8526952148965432,34.17564463544809,0.5180598555211559,36.54670225502495,30.664665682877672
2082,571760,"Heaney, Andrew",2085,99.9,0.269,0.232,0.28,0.501,0.357,0.362,0.287,129,479,89.4,14.5,2364,85.3,85.11,197,988,1094,-0.20000000000000284,6.3,107,150,114,147,293,316,294,"-24.131","24.131","70.2","7.1",536,401,69,34,1,25,86,16,40,7.5,2.68396,0.50839,0.86438,-0.42237,"92.2",165,43.75,10.25,7.649253731343284,4.81,3,0.02,2.39,0.335,41,"1.159029779",0.351,0.487,"-1.159029779",-0.018,-0.01599999999999996,0.014,-0.005,19.9,"24.6",7.798889545002247,-0.0697691110728468,32.0863401382034,0.44583333333333336,36.19168596199009,30.133596148386083
2063,677944,"Cecconi, Slade",2069,99.7,0.247,0.204,0.269,0.451,0.319,0.342,0.272,125,506,91.1,13.8,2352,88.4,88.59,216,960,1103,0.19999999999998863,6.52,113,149,124,150,298,323,300,"-5.458","5.458","69.3","7.2",545,401,72,27,2,24,109,20,32,5.9,2.47198,0.52537,0.4149,-0.04144,"92.6",172,49.12718204488778,12.219451371571072,8.990825688073395,5.85,-1.69,0.13,2.34,0.294,49,"0.264566166",0.318,0.48,"-0.264566166",-0.025,-0.02400000000000002,-0.029,-0.023,22.5,"39.8",9.342149039257361,-0.41651507081860795,32.067598355112885,0.48819742489270385,37.02127249874557,30.27364217964971
2061,592836,"Walker, Taijuan",2062,100,0.27,0.174,0.289,0.444,0.337,0.326,0.26,132,489,89,13.3,2092,87.5,86.99,172,929,1132,-0.5,5.96,109,147,115,148,295,321,292,"-13.431","13.431","70.4","7.3",538,406,90,20,1,21,86,16,42,7.8,2.26874,0.73414,0.37698,-0.0421,"92.3",153,41.48148148148148,7.4074074074074066,5.5762081784386615,6.49,-1.85,-0.04,2.37,0.331,30,"0.651673945",0.323,0.425,"-0.651673945",0.01,0.008000000000000007,0.019,0.011,18.5,"40.8",10.143379784113376,-0.09674319309409304,31.854610407192396,0.5565312843029637,37.80489754402284,30.047016454963465
2031,519242,"Sale, Chris",2031,100,0.22,0.121,0.315,0.341,0.278,0.263,0.207,102,463,86.9,11.9,2270,86.7,86.96,299,993,1038,0.29999999999999716,6.55,108,151,118,148,304,322,294,"21.641","-21.641","67.5","7.3",510,302,72,15,4,11,165,32.4,32,6.3,2.90763,0.21221,0.26164,-0.19194,"91.2",159,35.430463576158935,6.291390728476822,3.7254901960784315,4.87,3.11,0.01,2.3,0.285,19,"-1.06553422",0.273,0.314,"1.06553422",0.013,0.011999999999999955,0.027,0.015,30.1,"8.3",9.080604568016687,-2.8913754360777477,32.84800193384425,0.3777315296566077,37.01612736396405,31.357431624570378
2010,694477,"Patrick, Chad",2015,99.8,0.248,0.138,0.315,0.387,0.307,0.305,0.241,113,455,88.8,18.1,2320,90.6,90.26,237,1007,1003,-0.29999999999999716,6.17,112,149,122,150,303,327,300,"7.423","-7.423","69.5","7.1",503,332,76,24,0,13,127,25.2,40,8,1.81542,0.98418,0.32296,-0.08063,"91.6",176,42.168674698795186,8.132530120481928,5.36779324055666,5.52,-1.3,0.17,2.63,0.313,27,"-0.369303483",0.307,0.389,"0.369303483",0.007,0.006000000000000005,-0.002,0.002,23.5,"33.9",7.576632674684956,2.1866851197038515,31.110708757923582,0.47058823529411764,37.410184791537446,27.772364665075898
2004,615698,"Quantrill, Cal",2006,99.9,0.288,0.227,0.311,0.515,0.367,0.367,0.286,136,472,89.8,16.4,2025,88.7,88.79,189,935,1069,0.09999999999999432,6.33,110,147,118,148,299,319,292,"-18.025","18.025","70.3","7.2",513,388,79,29,6,22,85,16.6,35,6.8,2.27845,0.64377,0.49368,-0.00507,"92.7",175,44.675324675324674,12.467532467532468,9.35672514619883,6.33,-1.27,-0.24,2.42,0.343,48,"0.899451098",0.342,0.511,"-0.899451098",0.002,0.0010000000000000009,0.004,0,20.2,"44.6",9.931292303608437,-0.7853781912104294,32.24367964023364,0.5395604395604395,36.25046718023412,30.079842553653336
1979,592791,"Taillon, Jameson",1979,100,0.225,0.202,0.234,0.427,0.297,0.304,0.243,110,489,87.8,19.5,2377,86.8,87.4,199,959,1020,0.6000000000000085,6.71,113,150,116,152,298,323,298,"4.04","-4.04","68.9","7.3",519,394,61,23,2,24,98,18.9,27,5.2,2.34469,0.72341,0.07085,-0.28806,"91.7",168,38.42239185750636,8.142493638676845,6.165703275529865,6.16,-1.22,-0.02,2.38,0.265,32,"-0.204143507",0.283,0.417,"0.204143507",-0.018,-0.01799999999999996,0.01,-0.007,20.8,"46.4",10.52528917871532,-4.898505768836084,30.666671711562827,0.5342612419700214,38.771868787518656,32.790805451692194
1971,700249,"Povich, Cade",1976,99.7,0.285,0.18,0.351,0.465,0.349,0.357,0.272,125,439,90.9,12.5,2204,86.8,86.39,214,884,1087,-0.3999999999999915,6.19,110,150,119,147,303,325,297,"-18.042","18.042","70.7","7.4",488,326,84,20,4,17,118,24.2,43,8.8,2.61115,0.47541,0.35444,-0.17034,"92.4",157,46.93251533742331,11.349693251533742,7.581967213114754,5.97,1.78,0.02,2.31,0.347,37,"0.915372907",0.337,0.49,"-0.915372907",0.013,0.009999999999999953,-0.025,-0.008,24.2,"41.3",10.513909925934746,-1.2147289204520244,32.01970197521382,0.5144508670520231,37.3275294092854,30.80667325349789
1964,656550,"Holmes, Grant",1970,99.7,0.235,0.153,0.289,0.387,0.316,0.327,0.242,100,426,89.4,8.8,2620,89.1,88.75,282,949,1015,-0.3999999999999915,5.99,112,149,121,150,300,323,298,"-1.67","1.67","69.9","7.4",492,308,68,15,1,16,123,25,54,11,2.56135,0.3253,0.00751,0.0061,"92.0",148,41.883116883116884,10.064935064935066,6.300813008130081,5.87,-2.43,0.09,2.06,0.328,31,"0.08503055",0.336,0.406,"-0.08503055",-0.007,-0.008000000000000007,-0.019,-0.011,29.7,"38.8",10.842026322139423,-4.312438384528044,33.85400270485345,0.47288503253796094,36.89916112359121,32.09711251274374
1951,663559,"Falter, Bailey",1952,99.9,0.248,0.185,0.261,0.433,0.324,0.34,0.267,115,464,90,17.6,1974,88.4,89.86,166,916,1035,1.5,7.19,106,149,114,147,297,314,294,"-3.464","3.464","69.3","7.0",518,390,68,27,1,19,81,15.6,46,8.9,1.87576,1.07799,0.13454,-0.09643,"92.5",171,45.12820512820513,9.487179487179487,7.142857142857142,5.82,1.44,-0.16,2.66,0.315,37,"0.177549974",0.332,0.454,"-0.177549974",-0.019,-0.017000000000000015,-0.021,-0.016,18.1,"55.1",7.665270541993161,0.9405037595628233,30.509268205471223,0.5209513023782559,35.066185492895045,29.0760459017128
1919,543135,"Eovaldi, Nathan",1924,99.7,0.194,0.112,0.245,0.307,0.24,0.272,0.221,90,463,87.7,8.6,1949,87.6,88.27,270,973,946,0.7000000000000028,6.85,113,150,113,150,294,324,296,"32.177","-32.177","70.7","7.4",496,338,59,20,1,10,129,26,21,4.2,2.69214,0.35188,0.49259,0.06422,"91.7",134,38.46153846153847,7.396449704142012,5.040322580645161,5.4,-2.42,0.14,2.12,0.239,25,"-1.676758729",0.265,0.358,"1.676758729",-0.027,-0.026000000000000023,-0.051,-0.032,27.7,"32.4",11.698097126282459,-4.64451176259154,33.67766566032547,0.45329087048832273,36.29380804544043,32.582416293064874
1902,673540,"Senga, Kodai",1908,99.7,0.224,0.171,0.272,0.395,0.313,0.308,0.227,94,420,88.5,12.2,2066,87.7,87.68,237,865,1037,0,6.33,112,148,116,149,300,325,297,"-3.045","3.045","69.2","7.5",482,313,52,24,6,12,109,22.6,55,11.4,2.42194,0.60955,0.47259,-0.07522,"92.2",153,40.445859872611464,7.961783439490445,5.186721991701245,5.94,-2.04,-0.11,2.01,0.317,25,"0.160094637",0.323,0.365,"-0.160094637",-0.003,-0.006000000000000005,0.03,0.005,27.4,"45.6",11.370638436374218,-5.723485835219669,33.25378467073609,0.48645465253239106,36.832052404811186,33.68781414988337
1892,605288,"Houser, Adrian",1892,100,0.261,0.124,0.304,0.385,0.312,0.311,0.257,122,467,89.9,9,2131,90.7,91.58,170,939,953,0.8999999999999915,6.78,109,148,115,148,301,321,297,"4.117","-4.117","70.4","7.2",518,380,88,20,4,10,92,17.8,38,7.3,2.38041,0.4135,0.85557,-0.06488,"92.4",147,47.75725593667546,6.068601583113456,4.440154440154441,5.72,-1.34,0.03,2.19,0.325,23,"-0.217600423",0.322,0.382,"0.217600423",0.004,0.0030000000000000027,0.003,0.001,18.1,"36.5",8.136422667771399,0.6575357839315997,33.19610868824205,0.4994535519125683,36.12444927169667,29.576026145393957
1878,680573,"Woods Richardson, Simeon",1881,99.8,0.23,0.165,0.265,0.395,0.308,0.306,0.219,96,418,90.1,19.7,2193,88,88.5,217,902,976,0.5,6.71,113,148,119,150,298,327,294,"-1.78","1.78","70.4","7.2",471,315,62,16,1,17,107,22.7,46,9.8,2.20909,0.7832,0.16528,-0.10722,"91.7",173,41.58730158730159,11.428571428571429,7.643312101910828,6.41,-1.23,0.07,2.3,0.308,36,"0.094781683",0.299,0.4,"-0.094781683",0.011,0.009000000000000008,-0.005,0.002,24.1,"46.0",9.607736318467795,-0.07421863378356439,31.96824892947571,0.5034168564920274,36.34602842072289,29.58981116533782
1859,686799,"Kochanowicz, Jack",1875,99.1,0.309,0.18,0.325,0.489,0.379,0.367,0.289,136,440,91.9,6.7,2280,92.8,92.99,184,884,975,0.20000000000000284,6.42,109,148,118,150,305,327,303,"-26.337","26.337","71.2","7.3",512,375,100,14,1,21,72,14.1,58,11.3,2.32068,0.35069,0.67531,-0.20388,"93.4",139,49.73262032085562,9.358288770053475,6.8359375,5.92,-1.89,-0.14,2.26,0.393,35,"1.416729424",0.38,0.462,"-1.416729424",0.02,0.013000000000000012,0.027,0.012,20.8,"29.9",9.627475234783663,0.729919290420648,33.95458756013996,0.5208333333333334,37.213037373010785,28.246249334334678
1851,694738,"Roupp, Landen",1853,99.9,0.268,0.133,0.326,0.4,0.325,0.318,0.251,113,422,87.6,9.3,2400,85.8,85.61,204,810,1041,-0.20000000000000284,6.28,109,149,119,148,295,325,297,"-4.909","4.909","69.7","7.4",476,326,79,23,0,11,102,21.4,45,9.5,3.25988,-0.07585,0.2944,-0.16367,"92.1",141,36.50306748466258,8.895705521472392,6.092436974789916,5.4,-2.37,-0.02,2.16,0.34,29,"0.265207996",0.326,0.399,"-0.265207996",0.017,0.014000000000000012,0.001,0.007,25.2,"23.0",12.05986914607488,-4.7219470219448585,34.51439101933764,0.44713375796178345,37.4103323712256,33.38726160802487
1815,666214,"Wentz, Joey",1825,99.5,0.28,0.142,0.336,0.422,0.334,0.328,0.261,110,393,89.9,15.3,2407,87.9,89.22,210,893,922,1.2999999999999972,7.07,107,149,117,147,303,323,295,"-10.802","10.802","69.3","7.3",442,306,80,15,4,11,92,20.8,43,9.7,2.31171,0.67214,0.02997,-0.04522,"91.8",161,42.810457516339866,9.477124183006536,6.561085972850679,6.26,0.82,-0.18,2.15,0.348,29,"0.595151515",0.336,0.412,"-0.595151515",0.019,0.011999999999999955,0.01,0.006,23.5,"49.0",9.793470033610829,-3.6169248684281916,32.75841918287912,0.46514285714285714,35.09970769634259,32.09691804201628
1795,663460,"Bubic, Kris",1799,99.8,0.227,0.104,0.295,0.332,0.277,0.277,0.224,98,431,87.6,11.6,2301,87.9,88.55,255,884,911,0.6999999999999886,6.76,109,150,122,149,297,321,291,"13.839","-13.839","69.8","7.1",476,318,68,21,3,6,116,24.4,39,8.2,2.42375,0.55626,0.16918,-0.16293,"91.6",149,39.43217665615142,6.624605678233439,4.411764705882353,5.64,2.13,-0.08,2.35,0.294,21,"-0.77097493",0.293,0.326,"0.77097493",0.003,0.0010000000000000009,0.006,0,28.8,"37.8",7.865726801245699,3.3210223192990367,32.65335076992287,0.5118203309692672,36.63901438032978,27.819528995791394
1793,686563,"Cannon, Jonathan",1799,99.7,0.278,0.216,0.307,0.494,0.358,0.351,0.273,116,417,90.2,17.2,2219,89,88.75,186,868,925,-0.20000000000000284,6.22,109,148,117,147,299,318,295,"-21.101","21.101","70.2","7.1",466,335,68,25,4,19,86,18.5,38,8.2,2.34936,0.56283,0.48917,-0.11539,"92.2",166,45.50898203592814,10.778443113772456,7.725321888412018,5.84,-2.24,0.02,2.53,0.344,36,"1.176854434",0.341,0.471,"-1.176854434",0.005,0.002999999999999947,0.023,0.007,21.4,"26.4",9.24161252177482,0.7228114365236018,31.973508817238393,0.5344418052256532,37.05719831609057,29.32959821458305
1788,690990,"Horton, Cade",1790,99.9,0.219,0.113,0.258,0.333,0.273,0.306,0.24,95,433,89.6,14.2,2431,90.9,90.62,224,869,919,-0.30000000000001137,6.18,113,150,118,152,300,323,299,"16.143","-16.143","70.0","7.3",476,339,67,17,1,10,97,20.4,33,6.9,2.12604,0.67634,-0.06273,-0.26128,"92.3",163,41.29793510324484,10.029498525073747,7.142857142857142,6.01,-2.4,-0.11,2.14,0.282,34,"-0.902852349",0.301,0.399,"0.902852349",-0.021,-0.019000000000000017,-0.066,-0.033,25.8,"48.6",9.031985423206123,-1.7777425788861285,32.87731785422221,0.4416961130742049,37.60229059942396,30.761257534812255
1778,801403,"Dollander, Chase",1778,100,0.27,0.184,0.298,0.454,0.354,0.346,0.253,103,381,88.3,12.2,2500,92.2,92.09,191,835,943,-0.10000000000000853,6.17,114,148,118,148,301,331,303,"-17.087","17.087","69.3","6.9",441,304,70,14,1,18,82,18.6,49,11.1,2.25635,0.48062,0.40263,-0.15346,"91.6",173,40.46052631578947,11.513157894736842,7.936507936507936,5.39,-2.25,0.09,2.38,0.359,35,"0.961023622",0.348,0.439,"-0.961023622",0.017,0.01100000000000001,0.015,0.008,22.9,"25.8",5.65506579570996,4.2225911758207175,32.97630866620014,0.38282208588957056,36.5987266009616,27.046783639273315
1770,477132,"Kershaw, Clayton",1772,99.9,0.243,0.119,0.283,0.362,0.292,0.303,0.252,102,420,89.3,11.3,2326,84.3,84.78,195,802,968,0.5,6.55,106,152,119,147,295,318,290,"6.357","-6.357","71.5","7.6",463,342,70,22,2,8,84,18.1,35,7.6,2.63142,0.63195,-0.16895,0.07567,"92.8",141,42.10526315789473,4.093567251461988,3.023758099352052,6.06,1.65,0.09,2.05,0.302,14,"-0.359152542",0.312,0.375,"0.359152542",-0.009,-0.010000000000000009,-0.013,-0.011,24.3,"55.7",12.958892850659211,-7.470797668924466,33.245144699566325,0.5282051282051282,36.10664418129708,34.30689974886771
1760,687473,"Gusto, Ryan",1762,99.9,0.28,0.182,0.327,0.462,0.348,0.329,0.252,114,407,90.5,17,2338,89.6,89.48,202,864,896,-0.09999999999999432,6.46,111,148,118,148,299,326,302,"-15.866","15.866","70.2","7.1",453,315,75,21,1,17,97,21.4,36,7.9,2.17334,0.72844,0.22601,-0.04466,"92.2",170,45.714285714285715,9.523809523809524,6.622516556291391,5.79,-2.16,-0.06,2.58,0.343,30,"0.901477273",0.319,0.436,"-0.901477273",0.028,0.02400000000000002,0.026,0.019,23.4,"43.7",8.590402113044155,2.616633188830258,31.327677400082397,0.5154394299287411,37.01270647535731,28.101015620558996
1759,676962,"Brown, Ben",1759,100,0.279,0.187,0.348,0.467,0.345,0.328,0.257,121,433,91.7,12.7,2199,92.1,92.73,238,842,917,0.6000000000000085,6.69,111,149,115,151,299,321,296,"-15.998","15.998","69.0","7.2",472,315,80,19,4,18,121,25.6,32,6.8,1.97115,0.74049,0.30289,-0.02266,"92.6",166,47.3015873015873,11.428571428571429,7.627118644067797,6.46,-1.56,0.01,2.35,0.333,36,"0.909494031",0.313,0.443,"-0.909494031",0.022,0.020000000000000018,0.024,0.017,28.3,"45.0",9.696418526880764,-1.4309668434108875,31.061436982254463,0.5127582017010935,37.554736020831974,30.288645620730467
1748,668881,"Greene, Hunter",1748,100,0.192,0.176,0.246,0.368,0.267,0.274,0.205,75,391,89.9,19.9,2312,94.8,95.31,293,934,814,0.5,6.6,114,150,119,150,295,324,294,"19.605","-19.605","68.6","7.1",420,260,37,22,1,15,132,31.4,26,6.2,1.65013,0.91239,0.3355,-0.11956,"91.5",183,45.173745173745175,9.652509652509652,5.952380952380952,5.97,-1.92,0.21,2.33,0.246,25,"-1.121567506",0.259,0.369,"1.121567506",-0.013,-0.013000000000000012,-0.001,-0.007,31.4,"34.8",8.386334119107733,0.257227398658979,31.735079858682454,0.4934640522875817,37.10405199780553,28.000289101015298
1747,650644,"Civale, Aaron",1748,99.9,0.245,0.189,0.276,0.434,0.323,0.315,0.237,96,392,87.6,18.7,2603,87.3,86.19,173,794,953,-1.0999999999999943,5.55,111,149,118,149,300,323,298,"-4.317","4.317","69.9","7.2",435,307,54,26,0,16,88,20.2,33,7.6,2.54581,0.48164,-0.03018,-0.06588,"91.6",171,39.08794788273616,9.77198697068404,6.896551724137931,6.28,-0.77,0.07,2.67,0.313,30,"0.24710933",0.307,0.418,"-0.24710933",0.008,0.006000000000000005,0.016,0.008,21.8,"42.5",10.738833175534616,-2.1724426596669053,31.287708027864337,0.5402597402597402,37.13035402557437,30.58951281823498
1689,663568,"Kolek, Stephen",1693,99.8,0.235,0.106,0.264,0.341,0.28,0.32,0.263,98,417,91.1,7.4,2198,90.4,90.37,140,791,898,0,6.31,115,148,122,151,297,322,298,"10.753","-10.753","70.6","7.0",461,346,74,13,2,9,77,16.7,31,6.7,2.36332,0.44971,0.51013,-0.05164,"92.7",150,48.39650145772595,6.122448979591836,4.55531453362256,5.26,-2.59,-0.1,2.4,0.296,21,"-0.636648905",0.325,0.4,"0.636648905",-0.028,-0.029000000000000026,-0.059,-0.04,17.7,"33.0",6.01426728125103,4.172237889850501,33.02136272598878,0.4636363636363636,36.417635449489566,27.249098482498095
1682,641778,"Lauer, Eric",1690,99.5,0.227,0.179,0.268,0.407,0.295,0.303,0.243,90,396,90.1,21,2187,86.8,86.48,194,819,863,-0.29999999999999716,6.06,109,150,117,147,297,323,291,"5.245","-5.245","70.4","7.1",426,296,51,22,2,15,102,23.9,26,6.1,2.40381,0.66441,0.20087,-0.08548,"91.9",182,42.03389830508474,8.135593220338983,5.633802816901409,6.09,1.82,0.05,2.49,0.278,24,"-0.311831153",0.292,0.406,"0.311831153",-0.016,-0.013999999999999957,0.001,-0.008,23.7,"38.6",7.74419353674725,2.5815338322256642,31.390770055513023,0.5155666251556662,36.45169518815916,28.432020866273373
1673,691587,"Pérez, Eury",1675,99.9,0.195,0.163,0.24,0.358,0.275,0.279,0.204,68,349,90.5,22.3,2566,91.7,91.79,239,842,831,0.09999999999999432,6.48,113,148,119,150,307,327,297,"8.607","-8.607","69.9","7.4",385,245,37,17,2,12,105,27.3,32,8.3,1.8723,0.90053,0.37897,-0.18553,"91.7",177,46.72131147540984,9.01639344262295,5.714285714285714,5.89,-1.82,-0.1,2.16,0.268,22,"-0.514465033",0.276,0.356,"0.514465033",-0.009,-0.008000000000000007,0.002,-0.004,28.4,"30.2",11.002008546335706,-4.851160123251666,32.14818688408823,0.4969843184559711,36.61819247829183,32.60964277954118
1666,682052,"Lopez, Jacob",1666,100,0.23,0.173,0.295,0.403,0.317,0.296,0.212,81,352,85.6,20.8,2210,85.3,86.24,215,759,907,0.9000000000000057,7.02,109,151,120,147,303,324,293,"0.741","-0.741","69.5","7.4",399,241,51,14,1,15,113,28.3,37,9.3,2.5869,0.60538,0.4744,-0.41804,"91.0",179,33.19502074688796,6.639004149377594,4.010025062656641,5.2,3.76,0.32,2.49,0.317,16,"-0.044477791",0.301,0.365,"0.044477791",0.018,0.016000000000000014,0.038,0.021,28.3,"20.8",10.335834435700304,-4.536799856586432,31.661542101243775,0.4905913978494624,38.51638403797545,32.29832604744447
1647,669387,"Mlodzinski, Carmen",1648,99.9,0.265,0.125,0.326,0.39,0.312,0.315,0.263,102,385,89.5,8,2205,91.4,91.49,177,768,879,0.09999999999999432,6.33,107,148,115,148,294,314,294,"4.473","-4.473","69.7","7.2",419,299,72,20,2,8,89,21.2,27,6.4,2.33789,0.4172,0.4741,0.07938,"92.2",148,40.4040404040404,6.0606060606060606,4.295942720763723,5.25,-2.45,-0.03,2.24,0.32,18,"-0.271584699",0.319,0.396,"0.271584699",0.002,0.0010000000000000009,-0.006,-0.003,23,"30.3",7.331792537416899,0.6348361925063211,33.22276435236283,0.4479025710419486,36.66319077257383,28.70168395346179
1646,678024,"Vasil, Mike",1669,98.6,0.204,0.108,0.243,0.312,0.284,0.312,0.23,74,362,89.3,8.5,2221,89.4,89.21,168,700,946,-0.20000000000000284,6.25,109,148,117,146,297,319,295,"12.914","-12.914","69.1","7.0",423,280,52,13,1,8,82,19.4,52,12.3,2.77066,0.12881,0.35291,-0.14727,"92.2",145,38.489208633093526,7.194244604316546,4.7281323877068555,5.9,-1.57,0.07,2.42,0.318,20,"-0.784568651",0.34,0.362,"0.784568651",-0.026,-0.02200000000000002,-0.05,-0.028,24,"30.2",6.958794771980548,3.597822001992178,32.80589397182787,0.48250728862973763,36.91679685707803,27.796854848268506
1637,676282,"Cantillo, Joey",1637,100,0.218,0.134,0.282,0.353,0.289,0.299,0.23,78,357,89.2,12.5,1908,84.3,85.87,210,708,929,1.6000000000000085,7.34,111,151,123,148,297,321,298,"2.436","-2.436","68.7","7.3",401,251,50,18,0,10,108,26.9,42,10.5,2.61426,0.66493,0.34524,-0.18309,"92.0",157,41.832669322709165,7.171314741035857,4.488778054862843,5.86,0.56,-0.04,2.32,0.299,18,"-0.148808797",0.31,0.363,"0.148808797",-0.012,-0.01100000000000001,-0.01,-0.01,29.7,"53.3",11.578813852007922,-6.843321868149148,31.022514131118786,0.4107402031930334,36.88423683071609,34.519604891016144
1627,669432,"Rogers, Trevor",1627,100,0.18,0.082,0.228,0.263,0.226,0.287,0.227,70,388,88.9,12.9,2115,88.8,89.35,220,860,767,0.6000000000000085,6.69,109,150,119,147,302,323,296,"29.288","-29.288","71.1","7.4",423,289,53,8,3,6,103,24.3,29,6.9,2.23384,0.69737,0.80403,-0.56143,"92.2",156,48.44290657439446,7.612456747404845,5.200945626477541,5.79,2.13,0.02,2.25,0.24,22,"-1.800122926",0.284,0.368,"1.800122926",-0.047,-0.043999999999999984,-0.105,-0.061,25.6,"22.1",10.262328350049458,-1.8954413772232468,32.29649326552049,0.46208530805687204,37.33771000998826,31.014678971633227
1622,676083,"Junk, Janson",1622,100,0.266,0.131,0.302,0.397,0.295,0.323,0.281,112,421,91.1,14.3,2296,88.2,88.58,155,851,771,0.3999999999999915,6.53,110,148,116,149,304,324,294,"7.153","-7.153","70.9","7.2",447,353,74,29,1,8,77,17.2,13,2.9,2.32236,0.63525,-0.18089,-0.17835,"92.7",161,47.44318181818182,8.522727272727272,6.7114093959731544,5.77,-0.59,0.21,2.28,0.289,30,"-0.440998767",0.307,0.44,"0.440998767",-0.015,-0.018000000000000016,-0.043,-0.028,18.2,"52.6",8.104814970659111,1.8515469414898316,32.127882988992454,0.5273390036452005,36.93956302193109,29.04653215304364
1585,641302,"Alexander, Tyler",1603,98.9,0.277,0.13,0.33,0.407,0.318,0.329,0.281,107,386,86.9,16,2169,86.5,86.44,166,773,812,-0.09999999999999432,6.25,107,148,116,146,300,321,297,"-2.4","2.4","68.8","7.0",423,308,78,17,3,9,82,19.4,30,7.1,2.32555,0.74844,0.39387,-0.25253,"91.5",169,39.869281045751634,5.88235294117647,4.25531914893617,5.43,1.87,0.09,2.52,0.331,18,"0.151419558",0.335,0.428,"-0.151419558",-0.004,-0.0040000000000000036,-0.021,-0.011,21.5,"32.6",7.4014649963497625,3.220829987158035,32.15592942424937,0.49801849405548215,36.908662203280166,27.668680623086974
1575,669372,"Ginn, J.T.",1580,99.7,0.26,0.212,0.314,0.472,0.344,0.301,0.23,92,354,88.4,7.9,1951,90.8,91.22,194,675,900,0.4000000000000057,6.68,110,148,117,147,299,324,296,"-9.376","9.376","70.7","7.3",392,256,53,20,2,17,99,25.3,31,7.9,2.55621,0.23687,0.64512,0.02001,"92.7",126,44.70588235294118,9.803921568627452,6.377551020408164,5.63,-1.13,0.11,2.27,0.329,25,"0.595301587",0.302,0.384,"-0.595301587",0.03,0.027000000000000024,0.088,0.043,28.7,"44.6",11.28458223330231,-3.9303449203957364,33.134657781577275,0.49698795180722893,35.563130178014156,31.31771645689739
1573,680885,"Schwellenbach, Spencer",1577,99.7,0.217,0.149,0.26,0.366,0.266,0.295,0.255,89,410,88.6,8.2,2175,91.2,92.37,231,815,758,1.2000000000000028,6.96,115,149,123,151,298,322,298,"13.68","-13.68","69.9","7.3",434,306,56,18,2,13,108,24.9,18,4.1,2.27424,0.50242,0.27603,0.02763,"92.3",152,41.50326797385621,7.516339869281046,5.299539170506913,5.39,-2.12,-0.04,2.13,0.252,23,"-0.869675779",0.289,0.392,"0.869675779",-0.038,-0.03699999999999998,-0.026,-0.029,28.3,"35.8",7.958265728055875,0.20708833041309105,32.5143675521542,0.44543147208121825,36.66523542176106,29.594562066837483
1568,605400,"Nola, Aaron",1568,100,0.267,0.213,0.316,0.48,0.346,0.317,0.251,99,371,89,13,2274,86.2,86.89,185,735,833,0.7000000000000028,6.85,113,147,113,149,294,320,293,"-8.925","8.925","70.6","7.5",404,275,59,19,3,18,97,24,28,6.9,2.77754,0.34974,0.42651,-0.12771,"92.6",151,43.27272727272727,9.090909090909092,6.188118811881188,5.05,-1.95,0.05,2.19,0.325,25,"0.569196429",0.31,0.415,"-0.569196429",0.016,0.015000000000000013,0.065,0.029,25.2,"19.7",12.490009479170586,-6.898778086764329,32.90821235350177,0.5513888888888889,36.62929016237099,33.884270798119964
1546,656794,"Newcomb, Sean",1554,99.5,0.269,0.089,0.348,0.357,0.306,0.303,0.251,94,350,88,9.7,2441,88.7,87.3,153,714,832,-1.4000000000000057,5.57,109,149,117,146,294,321,293,"4.661","-4.661","69.2","7.0",391,263,73,16,0,5,91,23.3,31,7.9,2.49529,0.45322,0.27769,0.00038,"91.6",151,41.98473282442748,5.7251908396946565,3.8363171355498724,6,2.51,0.13,2.36,0.335,15,"-0.30148771",0.321,0.364,"0.30148771",0.018,0.014000000000000012,-0.007,0.003,21.4,"30.6",6.6308060979586845,4.236346817149352,33.577677471405714,0.45545977011494254,35.9752302571633,27.670499326501275
1543,682243,"Miller, Bryce",1545,99.9,0.267,0.216,0.29,0.483,0.349,0.351,0.278,93,348,91.8,16.1,2198,90.2,90.2,190,786,757,0,6.33,114,147,115,145,290,320,297,"-15.521","15.521","70.7","7.2",392,280,53,22,1,17,74,18.9,34,8.7,2.08458,0.75434,0.481,0.03909,"92.5",165,48.92086330935252,9.352517985611511,6.63265306122449,5.67,-1,0.2,2.44,0.333,26,"1.005897602",0.346,0.46,"-1.005897602",-0.011,-0.012999999999999956,0.023,-0.002,24.2,"44.1",9.404365814987667,-1.478643679475319,31.64279447893765,0.5168393782383419,36.97598951795183,29.6522337970788
1537,681347,"Burrows, Mike",1542,99.7,0.243,0.149,0.293,0.392,0.305,0.322,0.251,88,362,89,13.8,2224,89.9,90.18,202,748,789,0.29999999999999716,6.45,109,148,113,148,292,309,294,"3.679","-3.679","70.3","7.4",402,269,62,11,2,13,97,24.1,31,7.7,2.2059,0.65365,0.38011,-0.06523,"92.3",154,42.00743494423792,10.780669144981413,7.213930348258707,6.12,-1.41,0.06,2.39,0.308,29,"-0.239362394",0.317,0.418,"0.239362394",-0.008,-0.009000000000000008,-0.026,-0.017,27,"47.7",12.470256373128734,-6.585519914203235,31.1673454124114,0.5006784260515604,36.68373320582572,33.57274305971478
1528,647336,"Soroka, Michael",1528,100,0.216,0.159,0.263,0.374,0.302,0.289,0.21,72,334,88.7,14.2,2619,88.1,87.72,165,695,833,-0.3999999999999915,6.14,113,150,122,151,302,327,302,"4.312","-4.312","69.3","7.2",379,240,44,15,1,12,95,25.1,29,7.7,2.51501,0.48096,0.28988,-0.0599,"91.8",156,40.416666666666664,6.666666666666667,4.221635883905013,5.78,-2.66,0,2.44,0.306,16,"-0.282198953",0.302,0.337,"0.282198953",0.006,0.0040000000000000036,0.037,0.013,23.7,"32.8",10.482370628047246,-2.3224473916251407,31.860734790255055,0.5007320644216691,36.04425344779398,31.13178109925982
1501,682847,"Ortiz, Luis",1502,99.9,0.237,0.148,0.294,0.386,0.312,0.334,0.249,80,337,91.8,9.4,2212,91.8,92.54,202,698,803,0.7000000000000028,6.74,113,148,122,149,296,318,296,"-0.267","0.267","70.3","7.2",382,243,55,12,1,12,96,25.1,42,11,2.2429,0.48748,0.59463,-0.07841,"92.8",156,48.333333333333336,10.416666666666668,6.544502617801047,5.06,-1.94,0.04,2.41,0.322,25,"0.017788141",0.334,0.432,"-0.017788141",-0.012,-0.01200000000000001,-0.046,-0.022,28.9,"21.9",8.118418947578139,0.7590311564054438,33.21661058135323,0.4828614008941878,37.01482769381569,28.634567627479285
1480,607192,"Glasnow, Tyler",1484,99.7,0.177,0.133,0.225,0.31,0.266,0.283,0.204,56,316,88.2,11.2,2620,91.3,93.46,177,627,853,2.200000000000003,7.51,111,150,120,150,297,317,293,"10.274","-10.274","68.5","7.1",366,214,34,12,0,10,106,29,43,11.7,2.33532,0.43155,0.07557,0.0555,"91.6",155,37.558685446009385,7.981220657276995,4.644808743169399,5.97,-1.64,0.38,2.23,0.279,17,"-0.694189189",0.304,0.317,"0.694189189",-0.027,-0.024999999999999967,-0.007,-0.017,28.2,"56.1",8.676934116541585,-0.5989497029725263,31.804516401916068,0.4819672131147541,36.223694254848546,29.512784961099882
1473,672456,"Montero, Keider",1474,99.9,0.268,0.177,0.296,0.445,0.337,0.333,0.262,95,355,88.7,14.5,2404,88.6,88.57,139,703,770,0,6.33,112,149,115,150,298,327,297,"-8.156","8.156","69.7","7.3",389,284,65,13,1,16,72,18.5,31,8,2.37301,0.57804,0.20415,0.05831,"91.9",158,39.8576512455516,8.185053380782918,5.912596401028278,5.78,-2.35,-0.06,2.31,0.33,23,"0.553699932",0.325,0.442,"-0.553699932",0.006,0.0050000000000000044,0.003,0.004,19.8,"41.0",9.660076028027554,-1.056884490935909,31.94966200502063,0.4780701754385965,36.79522552641552,30.415700506525354
1465,700241,"McGreevy, Michael",1466,99.9,0.268,0.158,0.289,0.426,0.318,0.331,0.278,100,373,90.1,8.8,2268,88.3,88.96,129,672,793,0.7000000000000028,6.72,110,148,112,148,301,325,299,"1.596","-1.596","69.4","7.0",400,319,69,15,4,12,58,14.5,20,5,2.63715,0.31802,0.24379,-0.0867,"92.6",151,40.25157232704403,8.80503144654088,7.000000000000001,5.78,-2.33,-0.09,2.25,0.309,28,"-0.10894198",0.319,0.445,"0.10894198",-0.01,-0.010000000000000009,-0.019,-0.013,19.2,"33.4",6.9919886908298094,4.314510074182223,32.9132463795627,0.4670750382848392,37.71167196773927,27.8494121680124
1451,676467,"Gordon, Colton",1459,99.5,0.293,0.25,0.312,0.543,0.367,0.329,0.27,103,352,88.5,18.4,2239,85.9,86.51,132,733,718,0.5999999999999943,6.83,110,150,119,147,301,329,298,"-20.402","20.402","70.6","7.3",379,286,58,23,1,21,72,19,19,5,2.30303,0.85266,0.19592,-0.11347,"91.7",174,40.70175438596491,11.578947368421053,8.70712401055409,5.5,2.65,0,2.32,0.329,33,"1.406064783",0.311,0.459,"-1.406064783",0.023,0.018000000000000016,0.084,0.038,18,"31.1",9.857995297669925,-2.373615647145932,31.805067043388657,0.4936530324400564,36.086946521783005,31.496282368384872
1448,592866,"Williams, Trevor",1448,100,0.31,0.167,0.348,0.477,0.352,0.326,0.278,106,342,88.8,17.4,2104,83.2,84.22,134,676,772,1,6.89,111,148,120,149,302,321,301,"-10.1","10.1","70.0","7.1",373,285,74,18,3,11,65,17.4,21,5.6,2.72862,0.59345,0.0394,-0.06437,"91.8",168,40.845070422535215,8.450704225352112,6.434316353887399,4.95,-2.44,-0.11,2,0.347,24,"0.697513812",0.322,0.424,"-0.697513812",0.032,0.024999999999999967,0.053,0.026,19.8,"16.3",8.969034145516057,-1.8799712055836992,34.566736575671584,0.3978494623655914,36.33739430379223,32.09238633003396
1423,676106,"Hancock, Emerson",1423,100,0.269,0.176,0.29,0.445,0.339,0.358,0.293,93,346,88.9,13.1,2252,91.1,90.6,143,706,717,-0.5,6.11,114,148,116,146,288,321,299,"-9.394","9.394","70.3","7.1",385,285,62,16,0,15,64,16.6,31,8.1,2.36421,0.42746,1.06319,-0.27658,"92.0",156,42.45614035087719,7.719298245614035,5.714285714285714,5.38,-2.47,-0.1,2.3,0.336,22,"0.660154603",0.359,0.465,"-0.660154603",-0.024,-0.022999999999999965,-0.02,-0.019,20.3,"18.5",7.4481291957414,0.9234307556452364,33.2178165823454,0.44316546762589926,36.943919280079925,28.216954756587945
1390,453286,"Scherzer, Max",1392,99.9,0.262,0.235,0.293,0.497,0.346,0.332,0.25,87,332,88.3,21.5,2286,88.5,88.37,164,696,694,-0.09999999999999432,6.28,113,148,117,149,293,324,292,"-10.197","10.197","71.3","7.3",358,251,47,21,0,19,82,22.9,23,6.4,2.22349,0.73463,0.33084,-0.10094,"92.0",184,38.24701195219124,12.350597609561753,8.659217877094973,5.63,-2.99,0.05,2.37,0.313,31,"0.733597122",0.301,0.474,"-0.733597122",0.012,0.01200000000000001,0.023,0.014,23.6,"33.1",10.801554067338133,-3.0770031142440812,32.81720512044713,0.5441176470588235,36.44555642524432,30.676559661683296
1388,656641,"Latz, Jacob",1397,99.4,0.223,0.132,0.272,0.355,0.29,0.314,0.246,69,310,90,17.6,2283,88.9,89.23,201,683,705,0.29999999999999716,6.63,111,150,113,148,297,322,296,"10.52","-10.52","69.7","7.2",348,235,45,14,3,7,76,21.8,37,10.6,2.01884,0.91881,0.51721,-0.3504,"91.7",162,42.73504273504273,6.41025641025641,4.310344827586207,5.9,1.9,0.05,2.5,0.305,15,"-0.757925072",0.326,0.39,"0.757925072",-0.023,-0.02100000000000002,-0.035,-0.024,29.4,"48.8",10.127852203242485,-1.3635176418754678,30.58795928613066,0.5247376311844077,38.356285492312786,30.768106503753174
1381,641816,"Mahle, Tyler",1381,100,0.218,0.092,0.26,0.31,0.265,0.319,0.257,69,316,88.3,14.7,2193,88.1,88.28,160,689,692,0.20000000000000284,6.56,111,150,114,149,296,325,296,"13.939","-13.939","70.6","7.2",346,251,51,12,1,5,66,19.1,29,8.4,1.95082,1.0236,0.71428,-0.04362,"91.4",162,37.05179282868526,7.968127490039841,5.780346820809249,5.62,-1.83,0.07,2.55,0.283,20,"-1.009341057",0.32,0.408,"1.009341057",-0.039,-0.03700000000000003,-0.098,-0.054,23.2,"41.1",10.634860759488872,0.22328930298423222,29.927198683100844,0.5178571428571429,39.15115370278634,29.825222746833166
1380,674370,"Bido, Osvaldo",1386,99.6,0.297,0.24,0.316,0.537,0.384,0.354,0.256,93,313,90.2,19.8,2317,90.6,90.32,171,683,697,-0.29999999999999716,6.27,111,148,118,147,303,324,298,"-18.322","18.322","70.1","7.3",363,254,57,16,1,19,68,18.7,35,9.6,1.98315,0.83178,0.48474,-0.05635,"92.3",187,41.10671936758894,11.857707509881422,8.264462809917356,5.92,-2.32,0.15,2.49,0.37,30,"1.327681159",0.339,0.481,"-1.327681159",0.041,0.030999999999999972,0.056,0.03,25,"35.1",10.57162920221335,-2.358221812088683,31.220025817663785,0.533532041728763,37.61358138856538,30.193141443526404
1354,687765,"Spence, Mitch",1362,99.4,0.281,0.199,0.305,0.48,0.35,0.361,0.288,96,342,89.7,11.9,2684,87.8,87.64,177,688,666,-0.20000000000000284,6.24,111,148,119,147,299,323,295,"-12.361","12.361","69.2","7.4",375,278,60,20,0,16,66,17.6,26,6.9,2.88173,0.10452,-0.53744,-0.0697,"92.9",151,42.96028880866426,11.913357400722022,8.799999999999999,6.11,-2.36,0.2,2.12,0.337,33,"0.912924668",0.346,0.496,"-0.912924668",-0.007,-0.008999999999999952,-0.016,-0.011,25.7,"43.6",10.721781683382815,-3.3718159041416595,33.10505141372868,0.5082706766917293,37.392248670938294,31.92172905715663
1353,805673,"Matthews, Zebby",1353,100,0.291,0.158,0.36,0.449,0.338,0.332,0.267,94,323,88.8,15.9,2292,91.9,92.21,190,692,661,0.29999999999999716,6.47,111,148,116,150,300,332,295,"-10.802","10.802","69.7","7.2",354,242,67,15,0,12,88,24.9,24,6.8,1.93198,0.79015,0.39806,-0.03153,"92.0",174,38.84297520661157,9.917355371900827,6.779661016949152,5.88,-2.15,0.14,2.29,0.335,24,"0.798373984",0.319,0.438,"-0.798373984",0.024,0.016000000000000014,0.011,0.006,27.5,"39.6",9.38085946392264,-0.18002346001627514,32.80746544978093,0.5102941176470588,36.75393431277751,28.590772711863284
1350,681517,"Leahy, Kyle",1352,99.9,0.244,0.095,0.301,0.338,0.281,0.324,0.267,80,328,88.5,9.8,2335,90.7,91.99,155,671,679,1.2999999999999972,7.09,109,147,113,148,301,324,297,"13.301","-13.301","69.5","7.1",363,254,59,16,0,5,80,22,28,7.7,2.32887,0.46834,-0.1315,-0.14771,"92.0",150,44.09448818897638,9.84251968503937,6.887052341597796,5.77,-2.19,0.01,2.37,0.3,25,"-0.985259259",0.325,0.407,"0.985259259",-0.023,-0.025000000000000022,-0.069,-0.043,23.1,"45.2",7.475319613738982,3.617457528206751,31.83588345270252,0.5138461538461538,37.6504812270337,27.756764100786437
1343,656288,"Canning, Griffin",1343,100,0.24,0.123,0.29,0.363,0.303,0.331,0.254,70,292,90.5,7.2,2215,90,89.27,157,615,728,-0.7000000000000028,5.93,112,149,121,150,298,327,294,"4.06","-4.06","70.3","7.3",327,223,51,10,1,8,70,21.4,34,10.4,2.46835,0.37132,0.45603,-0.1077,"92.7",143,46.15384615384615,9.502262443438914,6.422018348623854,5.76,-1.17,0.16,2.32,0.319,21,"-0.302308265",0.333,0.422,"0.302308265",-0.014,-0.014000000000000012,-0.059,-0.028,25.5,"42.3",9.517450256285127,-1.2749493244028511,32.665206453884736,0.5050675675675675,36.70435140094863,30.25480314815869
1339,671131,"Rutledge, Jackson",1341,99.9,0.297,0.218,0.327,0.515,0.374,0.336,0.259,87,293,90.5,16.4,2135,90.9,91.05,160,633,706,0.09999999999999432,6.35,111,148,122,148,302,323,298,"-19.172","19.172","69.6","7.2",331,234,56,14,1,16,65,19.6,25,7.6,2.19719,0.58659,0.68523,0.0306,"92.4",153,49.35622317596567,9.871244635193133,6.948640483383686,6.06,-2.24,0.15,2.62,0.361,23,"1.431814787",0.329,0.444,"-1.431814787",0.038,0.03199999999999997,0.071,0.038,25.3,"32.2",10.6172701208533,-1.0511651117617935,30.54701859373425,0.5080385852090032,37.44463070130543,30.807604756542506
1338,688138,"Evans, Logan",1344,99.6,0.262,0.185,0.285,0.447,0.339,0.349,0.275,82,313,89.7,13.3,2463,87.7,86.83,117,602,736,-0.9000000000000057,5.81,111,147,117,146,291,321,298,"-10.094","10.094","71.1","7.4",350,256,52,15,2,13,59,16.9,31,8.9,2.82223,0.16941,0.14694,-0.01614,"92.5",158,42.578125,10.546875,7.7142857142857135,5.93,-2.2,0.19,2.24,0.335,27,"0.754409567",0.347,0.455,"-0.754409567",-0.013,-0.011999999999999955,-0.008,-0.01,19.4,"33.4",10.344643134571067,-2.5548314643464036,32.761166119552655,0.5297113752122241,37.64415822047034,31.284067580930436
1322,678368,"Bellozo, Valente",1322,100,0.269,0.196,0.28,0.465,0.339,0.346,0.262,85,316,89.2,21.5,2368,84.6,84.11,133,660,662,-0.5,6.06,110,147,118,148,303,322,294,"-7.723","7.723","70.8","7.2",348,266,54,15,1,15,54,15.5,23,6.6,2.46533,0.76271,-0.10621,-0.35548,"91.7",180,41.509433962264154,11.69811320754717,8.908045977011495,6,-1.21,0.04,2.42,0.324,31,"0.58419062",0.318,0.494,"-0.58419062",0.007,0.006000000000000005,-0.029,-0.007,20.2,"45.5",10.068115152726492,-1.2613775352704903,31.455332325892105,0.503125,37.80023697178849,31.50538712493581
1312,686701,"Bergert, Ryan",1316,99.7,0.215,0.137,0.26,0.352,0.29,0.32,0.238,61,284,89.5,19.5,2462,89.4,89.59,147,615,697,0.19999999999998863,6.42,116,149,121,151,296,323,296,"3.756","-3.756","69.8","7.2",323,214,39,13,1,8,73,22.6,35,10.8,2.03005,0.84536,0.14175,-0.07387,"91.5",183,36.44859813084112,7.009345794392523,4.643962848297214,5.92,-1.77,0.06,2.35,0.302,15,"-0.286280488",0.325,0.403,"0.286280488",-0.023,-0.02300000000000002,-0.051,-0.03,23.9,"49.3",9.721957207802047,-0.8952101617839607,31.81870836285611,0.535234899328859,38.12322923294225,29.886739079670676
1294,702352,"Bivens, Spencer",1298,99.7,0.269,0.139,0.316,0.408,0.322,0.312,0.248,83,309,87,6.7,1963,91.1,91.19,108,635,659,0.10000000000000853,6.34,111,149,120,148,295,324,296,"-3.389","3.389","69.8","7.0",343,252,57,15,5,6,61,17.8,25,7.3,2.22552,0.54368,0.54081,-0.04574,"91.6",144,37.45019920318725,7.171314741035857,5.247813411078718,6.2,-1.79,0.06,2.37,0.331,18,"0.261901082",0.316,0.387,"-0.261901082",0.021,0.015000000000000013,0.021,0.01,17,"36.8",8.02525170633634,2.239785465252069,32.646823058596404,0.4668820678513732,37.02884783153878,27.822131957680483
1282,623474,"Herget, Jimmy",1287,99.6,0.233,0.113,0.292,0.346,0.287,0.281,0.219,72,309,88.2,18,2639,85.5,83.91,161,598,684,-1.5999999999999943,5.04,114,148,119,147,300,330,302,"5.635","-5.635","69.3","7.4",347,233,50,15,1,6,81,23.3,26,7.5,2.95367,0.19184,0.08372,-0.08481,"92.3",166,39.05579399141631,7.296137339055794,4.899135446685879,5.09,-2.51,0.01,2.43,0.303,17,"-0.439547582",0.293,0.34,"0.439547582",0.014,0.010000000000000009,0.006,0.006,26.9,"4.7",13.00501785969235,-8.163581005381854,31.88076870666983,0.4763572679509632,38.16223705043871,33.82945867076452
1274,605130,"Barlow, Scott",1286,99.1,0.2,0.136,0.249,0.336,0.301,0.323,0.228,50,250,85.9,16.4,2512,85.4,85.89,162,526,748,0.5,6.64,110,149,117,148,296,322,290,"5.952","-5.952","69.4","7.6",303,177,33,8,1,8,75,24.8,45,14.9,2.77491,0.3997,-0.44086,-0.08046,"91.4",142,30.681818181818183,7.386363636363637,4.29042904290429,5.2,-2.44,0.22,2.09,0.333,13,"-0.467189953",0.358,0.362,"0.467189953",-0.028,-0.024999999999999967,-0.026,-0.022,30.8,"22.6",13.886705703073982,-9.001321618907356,33.62186161750837,0.43079922027290446,37.07363559485777,35.71272250902048
1262,676508,"Casparius, Ben",1263,99.9,0.254,0.156,0.306,0.41,0.312,0.297,0.24,78,307,86.9,19,2796,89.5,88.7,173,627,635,-0.7999999999999972,5.78,111,150,122,149,297,316,294,"5.342","-5.342","68.8","7.1",333,238,47,22,1,8,71,21.3,21,6.3,2.4899,0.39626,-0.5146,-0.19312,"91.1",163,31.932773109243694,7.142857142857142,5.105105105105105,6.19,-0.78,0.28,2.36,0.307,17,"-0.423296355",0.295,0.38,"0.423296355",0.014,0.01200000000000001,0.03,0.015,27.6,"46.5",8.242015393075892,-0.26187583514156804,31.68926901408502,0.511326860841424,37.323920625365844,29.023621539427655
1259,641154,"López, Pablo",1259,100,0.225,0.116,0.278,0.34,0.274,0.31,0.25,64,285,88.1,14.6,2175,89.7,90.76,158,611,648,1.0999999999999943,7.01,114,147,116,151,297,325,292,"9.185","-9.185","69.0","7.1",312,215,44,13,1,6,73,23.4,20,6.4,2.38654,0.48309,0.28898,-0.18322,"91.6",160,35.348837209302324,6.046511627906977,4.166666666666666,5.52,-1.98,-0.12,2.2,0.282,13,"-0.72954726",0.308,0.398,"0.72954726",-0.025,-0.026000000000000023,-0.058,-0.036,25.9,"35.4",7.937007865576537,0.8467766657861,32.574519735216285,0.4595959595959596,36.709227055037175,29.33785259825618
1253,693645,"Schlittler, Cam",1253,100,0.217,0.12,0.284,0.337,0.291,0.313,0.231,58,267,89,14.5,2467,94.3,94.38,164,628,625,0.10000000000000853,6.33,113,148,124,152,292,323,283,"6.389","-6.389","70.3","6.8",304,184,42,8,0,8,84,27.6,31,10.2,1.83223,0.76034,0.10411,-0.00387,"90.9",178,40.43715846994536,8.19672131147541,4.934210526315789,6.39,-1.88,-0.03,2.68,0.309,15,"-0.509896249",0.323,0.376,"0.509896249",-0.014,-0.014000000000000012,-0.039,-0.022,26.1,"41.8",4.528499928191321,8.709950533136793,29.939851280643513,0.4410339256865913,36.96688845822337,24.45105203657645
1252,669920,"Alexander, Jason",1252,100,0.262,0.207,0.286,0.469,0.341,0.336,0.272,80,305,89.7,10.6,2074,85.5,85.58,135,549,703,0.09999999999999432,6.53,112,149,121,149,297,328,299,"-10.072","10.072","71.3","7.5",336,242,49,14,2,15,65,19.3,26,7.7,3.00462,0.18313,0.91464,-0.07007,"93.1",142,46.25,8.333333333333332,5.952380952380952,5.49,-1.6,0.05,2.14,0.324,20,"0.804472843",0.335,0.432,"-0.804472843",-0.01,-0.01100000000000001,0.037,0.005,24.6,"21.7",12.576403784377558,-6.1060552951977245,33.87868376531634,0.45540796963946867,37.6571483234678,33.72477763597744
1244,685299,"Gordon, Tanner",1245,99.9,0.304,0.228,0.335,0.532,0.374,0.367,0.298,96,316,89.5,16.2,2181,88.2,88.19,119,662,582,0,6.2,115,149,119,148,299,331,303,"-20.679","20.679","70.8","7.2",337,255,59,18,3,16,62,18.4,17,5,2.13963,0.80795,0.68189,-0.20815,"92.1",182,41.50197628458498,11.462450592885375,8.605341246290802,6.16,-2.77,-0.11,2.22,0.344,29,"1.662299035",0.34,0.52,"-1.662299035",0.006,0.003999999999999948,0.012,0.007,18,"42.9",8.143733839605032,0.9861081691343071,33.565389687808,0.4126738794435858,36.83099245167466,29.56939372074216
1240,663893,"Little, Brendon",1252,99,0.196,0.078,0.299,0.273,0.273,0.286,0.196,48,245,89.3,1.2,1936,90.5,89.11,219,503,737,-1.4000000000000057,5.64,108,146,113,146,291,322,295,"7.011","-7.011","69.0","7.4",295,157,35,9,2,2,91,30.8,45,15.3,3.13621,-0.32254,0.48793,0.05495,"93.0",105,47.13375796178344,6.369426751592357,3.389830508474576,6.04,1.9,-0.1,1.58,0.323,10,"-0.565403226",0.329,0.285,"0.565403226",0,-0.006000000000000005,-0.012,-0.013,43.5,"33.4",10.844542432009895,-3.4028015900645885,35.21719854778147,0.523517382413088,36.92933788027539,31.734772147027385
1236,669093,"Estrada, Jeremiah",1244,99.4,0.216,0.175,0.303,0.39,0.295,0.261,0.186,58,269,89.5,20.6,2019,92.7,93.49,224,642,594,0.7999999999999972,6.89,114,149,121,148,302,323,297,"6.454","-6.454","68.1","7.0",304,166,36,9,1,12,108,35.5,27,8.9,1.52637,1.17861,0.23394,-0.10371,"91.2",178,39.1566265060241,9.036144578313253,4.934210526315789,5.84,-0.53,0.03,2.75,0.291,15,"-0.522168285",0.266,0.323,"0.522168285",0.03,0.024999999999999967,0.067,0.034,34.9,"66.3",7.642669870854747,0.355106068303673,29.109711285673423,0.4768,37.00883592689605,29.26145386354295
1234,656731,"Megill, Tylor",1234,100,0.23,0.115,0.32,0.345,0.303,0.307,0.22,60,261,89.6,14.8,2294,90.8,91.76,170,554,680,1,7.1,112,148,119,149,298,324,295,"0.001","-0.001","68.5","7.1",305,176,43,10,1,6,89,29.2,33,10.8,2.28419,0.53895,0.40886,0.03197,"92.1",155,44.50867052023121,6.358381502890173,3.606557377049181,5.89,-2.73,0.05,2.13,0.329,11,"-0.000081037",0.325,0.346,"0.000081037",0.01,0.0040000000000000036,-0.001,-0.004,30.7,"35.4",7.775534991388477,1.4761359525801963,32.288624498184504,0.466789667896679,36.38112719536056,29.034727280540135
1230,663574,"Santillan, Tony",1230,100,0.2,0.136,0.25,0.336,0.28,0.321,0.247,53,265,91,16.4,2296,92.8,91.95,165,611,619,-0.7999999999999972,5.89,111,148,119,149,295,324,292,"4.702","-4.702","69.2","7.0",301,191,33,11,2,7,75,24.9,29,9.6,2.03715,0.64434,0.36248,-0.07895,"91.8",178,45.3125,8.333333333333332,5.3156146179401995,5.38,-2.36,0.04,2.56,0.29,16,"-0.382276423",0.332,0.396,"0.382276423",-0.047,-0.04200000000000004,-0.06,-0.041,27,"26.2",7.323314662066451,3.979299640572882,31.374437691431044,0.4714765100671141,36.97947632521332,26.653495748726815
1226,657376,"Schmidt, Clarke",1227,99.9,0.199,0.152,0.233,0.351,0.277,0.273,0.2,56,282,87.9,19.2,2876,89.1,88.85,155,583,643,-0.29999999999999716,6.11,115,149,121,151,295,324,290,"9.989","-9.989","70.6","7.1",316,212,33,12,2,9,73,23.1,30,9.5,2.61151,0.28,-0.32827,-0.03561,"91.8",173,35.37735849056604,6.60377358490566,4.430379746835443,5.6,-1.51,0.24,2.37,0.276,14,"-0.814763458",0.278,0.338,"0.814763458",-0.001,-0.0020000000000000018,0.013,0.004,26.6,"35.1",7.787786125704293,1.163188844288073,31.635800526080285,0.5177935943060499,36.74514831462426,29.017454610693544
1225,641755,"Kinley, Tyler",1239,98.9,0.196,0.107,0.244,0.304,0.263,0.288,0.219,53,270,86.4,20.5,2531,88.7,87.96,188,602,623,-0.7000000000000028,5.58,114,148,117,147,300,327,299,"11.101","-11.101","67.7","7.7",308,199,36,11,0,6,73,23.7,33,10.7,2.53831,0.3507,-0.09784,-0.02118,"91.8",161,29.64824120603015,7.035175879396985,4.545454545454546,6.52,-0.89,0.3,2.12,0.289,14,"-0.906204082",0.31,0.343,"0.906204082",-0.023,-0.02100000000000002,-0.039,-0.025,31.2,"45.8",14.593362831178911,-11.923410005085945,32.4972716017078,0.5181975736568457,37.291481154620755,35.744708411980184
1224,660825,"Bazardo, Eduard",1232,99.4,0.189,0.121,0.228,0.311,0.252,0.286,0.21,53,280,88.5,15.1,2351,89.7,88.81,102,525,699,-0.9000000000000057,5.85,113,147,116,146,289,320,295,"17.719","-17.719","70.3","7.3",313,202,38,5,1,9,82,26.2,27,8.6,2.45605,0.43722,0.09005,0.14784,"91.5",166,37.12871287128713,9.405940594059405,6.070287539936102,5.85,-2.01,0.21,2.33,0.262,19,"-1.447630719",0.286,0.357,"1.447630719",-0.021,-0.023999999999999966,-0.046,-0.034,19.4,"44.2",9.523402964387339,-1.0978372702522667,32.0276008102684,0.538160469667319,37.39350342985311,30.45006762257412
1219,650633,"King, Michael",1219,100,0.224,0.173,0.263,0.397,0.305,0.32,0.237,62,277,87.5,15.6,2354,89.2,88.24,139,538,681,-1,6.03,116,149,121,150,294,320,297,"-3.381","3.381","69.5","7.4",308,202,38,12,0,12,76,24.7,26,8.4,2.34819,0.57828,0.70002,-0.28417,"92.0",153,38.11881188118812,11.386138613861387,7.467532467532467,5.5,-3.1,-0.13,2.47,0.299,23,"0.277358491",0.311,0.42,"-0.277358491",-0.013,-0.01200000000000001,-0.023,-0.015,25.8,"26.6",11.673229624346952,-3.9123745071662173,32.146267186808714,0.5057692307692307,37.553572767042425,32.152099339511985
1216,685126,"Eisert, Brandon",1239,98.1,0.276,0.221,0.333,0.496,0.353,0.314,0.24,75,272,87.2,12.9,1862,86.2,87.34,182,569,647,1.0999999999999943,7.08,107,148,115,146,296,317,295,"-11.129","11.129","69.1","7.2",306,202,41,20,2,12,74,24.2,25,8.2,2.46265,0.6236,0.55109,-0.30452,"91.6",158,37.5,9.5,6.209150326797386,5.08,4.02,0.19,2.29,0.344,19,"0.915213816",0.317,0.413,"-0.915213816",0.036,0.02699999999999997,0.083,0.039,32,"32.0",9.816754600909228,-1.6588402549868575,32.22936306298477,0.554954954954955,38.192522865001564,32.0233534324421
1214,670955,"Uceta, Edwin",1226,99,0.22,0.17,0.298,0.39,0.3,0.305,0.221,62,282,87.6,16.8,2334,90.7,90.6,229,644,570,-0.10000000000000853,6.2,107,148,114,148,299,323,295,"2.574","-2.574","70.6","7.3",321,183,38,11,2,11,103,32.1,27,8.4,2.21262,0.57028,0.90181,0.00075,"91.8",168,36.81318681318682,9.340659340659341,5.29595015576324,4.54,-1.66,0.05,2.38,0.303,17,"-0.212026359",0.307,0.387,"0.212026359",-0.001,-0.0040000000000000036,0.003,-0.005,35.6,"13.7",10.681692137405715,-2.9178249041525763,31.493514550916554,0.5427215189873418,37.34808358776117,31.512210197359938
1208,678606,"Ferrer, Jose A.",1215,99.4,0.276,0.105,0.345,0.381,0.31,0.295,0.255,81,294,86.1,-0.2,2157,95,94.33,149,602,606,-0.7000000000000028,6.04,109,149,119,149,302,325,299,"1.125","-1.125","69.1","7.0",324,230,62,12,2,5,71,21.9,16,4.9,2.12957,0.42962,1.3953,-0.55559,"91.9",140,42.173913043478265,4.782608695652174,3.3950617283950617,5.81,3,-0.04,2.21,0.326,11,"-0.093129139",0.31,0.353,"0.093129139",0.021,0.016000000000000014,0.028,0.015,24.8,"32.1",4.459956304611092,6.099093192934782,33.58939977821645,0.35144312393887944,37.55861674419701,25.39799604207526
1199,663855,"Hicks, Jordan",1203,99.7,0.297,0.145,0.359,0.442,0.364,0.33,0.267,80,269,89.3,5.2,1996,92.6,92.83,121,523,676,0.20000000000000284,6.51,108,148,117,147,290,322,293,"-13.405","13.405","68.7","7.2",314,215,56,15,3,6,58,18.5,32,10.2,2.24425,0.47126,0.64427,0.00696,"92.5",140,45.58139534883721,4.651162790697675,3.1847133757961785,5.65,-1.77,0.19,2.33,0.387,10,"1.118015013",0.361,0.378,"-1.118015013",0.03,0.026000000000000023,0.064,0.034,23.1,"35.1",9.001715417465585,-1.4423337243495005,32.46670541515846,0.4361493123772102,36.581170085759986,29.06546187930796
1194,806185,"Birdsong, Hayden",1195,99.9,0.242,0.183,0.288,0.425,0.338,0.33,0.229,61,252,89.5,19.8,2275,90.6,90.98,148,522,672,0.4000000000000057,6.51,110,148,118,147,295,325,297,"-4.183","4.183","69.7","7.2",298,188,37,12,2,10,68,22.8,37,12.4,2.13927,0.67004,0.30532,-0.087,"92.1",165,46.808510638297875,9.574468085106384,6.0402684563758395,6.48,-1.91,0.07,2.4,0.347,18,"0.350335008",0.338,0.406,"-0.350335008",0.013,0.008999999999999952,0.019,0.008,28.4,"48.2",10.130571361483858,-1.0268922348134253,30.430602671337674,0.525691699604743,36.103507814202494,30.29192257992035
1189,650556,"Abreu, Bryan",1191,99.8,0.196,0.081,0.309,0.277,0.261,0.288,0.214,51,260,90.3,16.5,2605,92,92.02,226,549,640,0,6.57,110,148,117,148,300,328,299,"14.047","-14.047","69.1","7.3",296,156,38,9,0,4,105,35.5,31,10.5,2.2907,0.4585,-0.04616,-0.00907,"91.9",161,45.806451612903224,8.38709677419355,4.391891891891892,5.64,-2.5,0.3,2.38,0.291,13,"-1.181412952",0.307,0.33,"1.181412952",-0.018,-0.016000000000000014,-0.053,-0.027,41.2,"40.7",10.362421717660588,-1.3630952481288137,31.14124521503238,0.4713493530499076,37.305423687795965,30.280569829996416
1182,671922,"Smith, Cade",1194,99,0.201,0.128,0.304,0.328,0.255,0.245,0.203,55,274,88.8,15.5,1950,93.5,95.14,212,618,564,1.5999999999999943,7.36,113,149,123,149,295,319,300,"13.496","-13.496","68.6","6.9",300,173,29,21,1,4,104,34.7,19,6.3,1.68374,0.95776,0.5583,-0.09031,"91.1",176,36.99421965317919,4.046242774566474,2.3333333333333335,5.84,-2.54,-0.07,2.65,0.261,7,"-1.14179357",0.263,0.291,"1.14179357",-0.002,-0.0020000000000000018,0.037,0.01,34.3,"37.4",5.404875327918406,6.104053110707818,30.42633204819168,0.4083333333333333,37.47470342822688,25.26175925721126
1180,676477,"Whitlock, Garrett",1188,99.3,0.206,0.053,0.304,0.26,0.247,0.263,0.204,54,262,88.5,11.1,2188,89.8,91.38,205,625,555,1.6000000000000085,7.27,110,147,116,148,287,320,294,"17.887","-17.887","68.8","7.2",293,173,44,8,0,2,91,31.1,24,8.2,2.42368,0.44376,0.69807,-0.06999,"91.4",152,36.41618497109826,8.670520231213873,5.1194539249146755,5.78,-1.47,0.24,2.25,0.283,15,"-1.515847458",0.282,0.309,"1.515847458",0.002,0.0010000000000000009,-0.049,-0.016,32.8,"39.5",7.304365737738763,2.0732059700886927,32.38286896602567,0.4491803278688525,36.543846647363885,28.585020129634675
1164,694819,"Misiorowski, Jacob",1165,99.9,0.213,0.146,0.299,0.36,0.298,0.285,0.202,51,239,89.1,15.9,2513,95.8,98,172,580,584,2.200000000000003,7.55,114,149,122,151,304,327,299,"3.114","-3.114","69.6","7.0",272,152,33,9,1,8,87,32,30,11,1.72431,0.77884,0.38352,-0.13306,"90.7",180,37.5,7.894736842105263,4.411764705882353,5.24,-1.63,0.09,2.62,0.309,12,"-0.267525773",0.299,0.334,"0.267525773",0.011,0.010000000000000009,0.026,0.013,29.7,"29.8",5.992400890719193,2.9708088307053058,31.086304583856563,0.4774305555555556,36.759403684725264,26.687663520730336
1164,682842,"Uribe, Abner",1174,99.1,0.194,0.061,0.278,0.255,0.247,0.259,0.202,51,263,85.2,5.5,2406,93.5,93.52,170,532,632,0,6.43,112,149,122,150,303,327,299,"16.239","-16.239","67.7","7.4",298,175,43,4,0,4,90,30.2,27,9.1,2.21042,0.44285,0.20789,-0.09543,"91.3",133,35.26011560693642,2.8901734104046244,1.6778523489932886,5.87,-1.19,0.18,2.19,0.284,5,"-1.395103093",0.292,0.275,"1.395103093",-0.008,-0.008000000000000007,-0.02,-0.012,32,"38.2",10.966550920262767,-3.586341859492827,33.59913257347961,0.4608030592734226,37.8566257960482,31.077380549683284
1160,571927,"Matz, Steven",1160,100,0.249,0.147,0.285,0.396,0.291,0.285,0.234,73,293,87.3,9.9,2287,89.2,89.45,106,564,596,0.29999999999999716,6.54,109,147,115,147,295,323,294,"5.704","-5.704","68.8","6.9",309,237,49,13,3,8,59,19.1,11,3.6,2.56888,0.35601,0.77377,-0.25234,"91.6",156,40.67796610169492,6.3559322033898304,4.854368932038835,5.71,1.85,-0.02,2.5,0.28,15,"-0.491724138",0.266,0.396,"0.491724138",0.015,0.014000000000000012,0,0.006,18.8,"34.5",5.8008067708898245,5.930173706248416,31.83960465872765,0.43956043956043955,36.71562251135876,28.067559691527464
1159,684320,"Rodríguez, Yariel",1172,98.9,0.196,0.129,0.231,0.325,0.281,0.317,0.23,50,255,85.5,15.2,2473,90.8,90.7,145,528,631,-0.09999999999999432,6.38,110,150,117,149,295,322,294,"8.098","-8.098","68.3","7.2",298,192,34,7,1,8,66,22.1,34,11.4,2.23036,0.58152,0.13242,-0.16365,"91.4",162,35.9375,9.375,6.0402684563758395,5.72,-1.73,0.07,2.4,0.304,18,"-0.698705781",0.335,0.38,"0.698705781",-0.034,-0.031000000000000028,-0.055,-0.036,27.5,"36.4",8.341449306692066,0.07492949597751151,31.678412699778228,0.501937984496124,38.49177571368292,29.420470136206905
1159,663947,"Holton, Tyler",1164,99.6,0.226,0.181,0.236,0.408,0.288,0.302,0.252,65,287,86.6,9.3,2284,87.4,87.79,136,552,607,0.3999999999999915,6.49,111,149,112,148,294,325,296,"5.999","-5.999","69.2","7.2",312,231,43,7,0,15,64,20.5,17,5.4,2.43251,0.57034,0.18627,-0.02492,"92.5",145,37.66233766233766,8.225108225108226,6.089743589743589,5.83,1.56,-0.11,2.05,0.266,19,"-0.517601381",0.291,0.41,"0.517601381",-0.026,-0.024999999999999967,-0.002,-0.014,24.6,"40.7",9.440473204222931,-2.7692907550908212,32.91215439196047,0.5168539325842697,36.405824355754966,31.21503002538447
1159,681857,"Olson, Reese",1167,99.3,0.228,0.106,0.288,0.335,0.287,0.31,0.245,58,254,91.3,11.6,2310,89.6,88.76,153,515,644,-0.7999999999999972,5.88,113,149,116,150,295,325,295,"3.865","-3.865","68.9","7.5",285,190,41,12,0,5,65,22.8,25,8.8,2.50931,0.3707,0.70287,0.16444,"92.8",149,44.97354497354497,7.4074074074074066,4.912280701754386,5.98,-2.78,0.17,1.93,0.31,14,"-0.333477135",0.325,0.38,"0.333477135",-0.017,-0.015000000000000013,-0.045,-0.023,29.7,"36.5",12.178029743827747,-6.334815435390907,34.21422351845578,0.474,36.67097588454944,32.49500687691216
1158,678692,"Henriquez, Ronny",1167,99.2,0.199,0.135,0.273,0.333,0.269,0.269,0.184,53,267,87.2,15.9,2378,90.5,90.59,206,572,586,0.09999999999999432,6.51,110,148,116,149,302,320,293,"12.658","-12.658","68.5","7.4",303,174,33,12,0,8,98,32.3,27,8.9,2.18034,0.64522,0.03589,-0.2537,"91.8",155,42.5287356321839,10.919540229885058,6.270627062706271,5.24,-2.37,0.03,2.02,0.278,19,"-1.093091537",0.267,0.343,"1.093091537",0.015,0.01100000000000001,-0.01,0,36,"41.9",11.979451677057094,-7.480928628071334,32.83067295897098,0.49012567324955114,36.672058191931235,33.94090234395011
1158,681982,"Anderson, Grant",1170,99,0.223,0.129,0.277,0.352,0.287,0.3,0.244,59,264,87.4,11.5,2469,88.1,88.23,172,557,601,0.10000000000000853,6.48,110,148,122,149,303,326,298,"1.816","-1.816","68.9","7.2",299,194,42,8,1,8,74,24.7,29,9.7,2.5905,0.41315,0.3382,-0.06154,"91.8",154,38.144329896907216,5.154639175257731,3.3444816053511706,4.34,-2.54,0.25,2.39,0.303,10,"-0.156822107",0.322,0.359,"0.156822107",-0.021,-0.019000000000000017,-0.007,-0.013,30.9,"3.8",8.708216322600773,-2.3287298978058733,32.18345536110523,0.4225092250922509,37.61561754725316,30.42461344021408
1158,506433,"Darvish, Yu",1160,99.8,0.245,0.219,0.278,0.465,0.334,0.297,0.221,66,269,86.9,14.7,2348,86.7,87.02,125,544,614,0.29999999999999716,6.65,119,149,119,150,303,323,299,"-6.385","6.385","69.8","7.3",296,203,36,15,1,14,68,23,19,6.4,2.86036,0.28151,0.15123,-0.01837,"91.6",163,33.004926108374384,8.866995073891626,6.081081081081082,5.33,-2.39,0.01,2.22,0.31,18,"0.551381693",0.287,0.39,"-0.551381693",0.024,0.02300000000000002,0.075,0.037,23,"30.8",9.304746058112213,-3.1700623600957365,33.157208307393645,0.4826923076923077,37.43405369479759,32.11316067158576
1157,571948,"Milner, Hoby",1170,98.9,0.256,0.124,0.306,0.38,0.298,0.301,0.237,68,266,87.1,5.4,1856,83.2,83.29,78,504,653,0.09999999999999432,6.68,110,149,111,148,292,321,295,"3.378","-3.378","69.0","7.0",293,212,47,14,2,5,58,19.8,21,7.2,3.35672,0.00486,0.47877,-0.2843,"91.5",145,36.79245283018868,8.962264150943396,6.484641638225256,4.17,4.33,0.11,2.2,0.312,19,"-0.291961971",0.298,0.395,"0.291961971",0.019,0.014000000000000012,-0.015,-0.003,15.5,"-6.0",6.206881753607902,3.647882461611271,33.857138770370916,0.4329896907216495,37.48227133174211,28.333607698043036
1147,621121,"McCullers Jr., Lance",1147,100,0.269,0.194,0.327,0.463,0.376,0.352,0.246,61,227,90.5,12.1,2515,86.3,85.55,115,459,688,-0.7999999999999972,5.98,111,148,117,148,300,327,300,"-16.195","16.195","70.1","7.3",274,166,38,12,1,10,61,22.3,39,14.2,2.96069,0.14228,-0.11946,0.13705,"92.7",132,50,11.44578313253012,6.934306569343065,5.12,-1.85,0.14,2.23,0.392,19,"1.411944202",0.373,0.419,"-1.411944202",0.023,0.019000000000000017,0.044,0.024,25.1,"24.8",10.765943320314655,-1.800415499572969,34.22502917170733,0.5167037861915368,35.9196786397369,31.084949697098942
1146,686218,"Sheehan, Emmet",1146,100,0.185,0.132,0.246,0.317,0.251,0.27,0.206,49,265,89.3,20.1,2210,90.6,91.28,190,578,568,0.7000000000000028,6.66,109,151,120,150,297,317,294,"9.596","-9.596","69.2","7.2",291,178,30,10,2,7,89,30.6,22,7.6,2.06886,0.73856,0.39486,-0.02801,"92.2",181,41.57303370786517,10.112359550561797,6.185567010309279,5.49,-1.15,0.23,2.57,0.251,18,"-0.837347295",0.272,0.338,"0.837347295",-0.021,-0.02100000000000002,-0.021,-0.019,32.9,"34.7",9.465506007687399,-4.431409154631048,30.564016337703723,0.5355871886120996,36.936474434557056,31.304364447821854
1146,676263,"Dreyer, Jack",1166,98.3,0.203,0.109,0.257,0.312,0.247,0.255,0.202,56,276,88.8,15.8,2390,89.3,89.76,157,589,557,0.5,6.55,109,150,119,148,297,316,292,"18.846","-18.846","70.3","7.1",307,209,36,14,2,4,74,24.1,24,7.8,2.10716,0.77199,0.1169,-0.05759,"91.7",157,39.90384615384615,5.288461538461538,3.5830618892508146,5.94,1.31,-0.03,2.38,0.263,11,"-1.644502618",0.265,0.321,"1.644502618",0.001,-0.0020000000000000018,-0.009,-0.008,26.7,"56.2",7.900751567986829,-0.35566592094112104,32.015821229777764,0.5133214920071048,35.921688052155865,29.336598659451685
1143,663485,"Sands, Cole",1152,99.2,0.242,0.149,0.287,0.39,0.296,0.305,0.238,65,269,88.1,11.4,2295,89.6,88.7,123,554,589,-0.8999999999999915,5.79,115,147,117,149,298,327,294,"2.783","-2.783","69.6","7.2",299,212,42,13,3,7,64,21.4,19,6.4,2.43827,0.43544,0.33028,-0.06562,"92.3",157,41.509433962264154,9.90566037735849,7.023411371237458,5.62,-2.58,0.06,2.26,0.297,21,"-0.243482065",0.299,0.394,"0.243482065",0.004,-0.0020000000000000018,-0.004,-0.009,22.2,"24.1",9.331042639930237,-1.3507634134824416,32.47999780497711,0.5541044776119403,35.97528573629025,30.286164835535576
1143,669199,"Bachar, Lake",1153,99.1,0.213,0.174,0.254,0.388,0.296,0.325,0.231,55,258,89.4,17.4,2573,89.9,89.32,160,529,614,-0.6000000000000085,6.08,109,148,117,149,304,323,294,"5.662","-5.662","69.6","7.4",296,188,33,9,3,10,75,25.3,30,10.1,2.18206,0.68089,0.11695,-0.13586,"92.0",167,41.711229946524064,10.695187165775401,6.756756756756757,5.66,-1.54,-0.01,2.11,0.298,20,"-0.49536308",0.318,0.436,"0.49536308",-0.018,-0.020000000000000018,-0.048,-0.029,30.2,"36.2",11.450231739355791,-3.4118511131959055,32.69497054973299,0.5514563106796116,37.89409983620551,31.47085988139305
1141,670102,"Francis, Bowden",1143,99.8,0.283,0.255,0.286,0.538,0.382,0.372,0.284,71,251,91.3,20.4,1976,87,87.52,124,533,608,0.5,6.84,110,148,118,149,291,326,299,"-16.444","16.444","70.6","7.3",288,201,46,5,1,19,54,18.8,27,9.4,2.21201,0.89263,0.30858,-0.08928,"92.9",175,52.23880597014925,12.437810945273633,8.680555555555555,5.96,-2.13,-0.14,2.41,0.361,25,"1.441191937",0.365,0.488,"-1.441191937",-0.001,-0.0040000000000000036,0.05,0.01,23.3,"39.2",11.396119941625559,-4.103302765939127,31.340441251322158,0.5136186770428015,36.491574941206636,32.30499066345166
1138,593974,"Peralta, Wandy",1153,98.7,0.238,0.116,0.289,0.354,0.293,0.308,0.254,66,277,87.2,3.2,2151,91.9,90.72,160,552,586,-1.2000000000000028,5.72,115,149,118,149,300,323,297,"4.088","-4.088","70.5","7.5",313,218,46,13,2,5,63,20.1,30,9.6,2.11537,0.61202,1.06901,-0.30732,"92.0",128,36.405529953917046,6.912442396313365,4.792332268370607,6.08,0.57,0.22,2.12,0.315,15,"-0.359226714",0.33,0.372,"0.359226714",-0.016,-0.015000000000000013,-0.018,-0.015,29,"45.1",11.003385242587253,-3.516382249681668,34.15592622220067,0.5300751879699248,37.661084410931686,31.115373579459636
1137,608718,"Suter, Brent",1141,99.6,0.257,0.167,0.282,0.424,0.316,0.313,0.252,69,269,84.8,12.4,2116,84.3,85.96,117,546,591,1.7000000000000028,7.38,112,149,119,148,294,322,290,"-1.026","1.026","68.0","7.0",291,218,47,10,1,11,53,18.2,18,6.2,2.33873,0.91502,0.26757,-0.101,"91.2",163,33.0188679245283,8.018867924528301,5.841924398625429,6.09,3.31,0.1,2.44,0.307,17,"0.090237467",0.304,0.419,"-0.090237467",0.005,0.0030000000000000027,0.005,0.003,21.4,"51.0",6.022129745766799,3.551263823908066,31.93595992089526,0.4126679462571977,37.13426143354029,28.536846708155263
1137,676684,"Vest, Will",1141,99.6,0.236,0.093,0.315,0.328,0.277,0.265,0.218,61,259,88.1,6,2312,94.2,94.26,146,546,591,0.09999999999999432,6.37,113,148,113,148,297,326,297,"6.61","-6.61","68.8","6.9",284,186,47,8,2,4,75,26.4,22,7.7,1.67989,0.90832,0.4366,0.06545,"91.7",146,41.39784946236559,4.301075268817205,2.8169014084507045,5.64,-1.96,0.04,2.26,0.297,8,"-0.581354442",0.282,0.312,"0.581354442",0.018,0.015000000000000013,0.016,0.012,26.7,"52.4",4.9881014329978735,6.066345333428135,32.91616855294434,0.45746691871455575,36.87735713737313,24.92288541054526
1130,673929,"Leasure, Jordan",1133,99.7,0.207,0.219,0.255,0.426,0.312,0.277,0.192,49,237,88.4,24.2,2366,92.2,93.28,176,552,578,1.0999999999999943,6.92,110,149,118,146,298,317,294,"-3.781","3.781","69.0","7.3",269,157,22,14,1,12,81,30.1,30,11.2,1.68181,1.01725,-0.02328,-0.0814,"91.4",174,37.57961783439491,10.828025477707007,6.319702602230483,5.86,-0.94,0.18,2.4,0.297,17,"0.33460177",0.285,0.339,"-0.33460177",0.015,0.01200000000000001,0.087,0.035,31.9,"53.3",10.095545281948496,-4.243833992086619,30.559915258569646,0.5175600739371534,36.98307553503936,32.09489700312296
1128,656546,"Hoffman, Jeff",1132,99.6,0.213,0.233,0.252,0.447,0.32,0.304,0.203,54,253,88.5,15.4,2388,92,92.26,181,572,556,0.29999999999999716,6.59,113,149,117,149,293,323,296,"-1.876","1.876","68.5","7.3",287,172,25,14,0,15,84,29.3,27,9.4,1.98902,0.74063,0.69114,-0.21721,"91.7",161,39.53488372093023,12.790697674418606,7.665505226480835,5.77,-2.56,0.01,2.39,0.298,22,"0.166312057",0.29,0.408,"-0.166312057",0.01,0.008000000000000007,0.039,0.016,31.6,"37.2",10.848031608086577,-3.96497114171247,30.99003260483739,0.5144927536231884,37.55486734701308,31.238352728239363
1127,621107,"Eflin, Zach",1127,100,0.304,0.253,0.313,0.557,0.378,0.323,0.266,88,289,88.4,10.5,2162,86.2,86.52,116,565,562,0.29999999999999716,6.51,113,148,118,149,300,325,302,"-17.746","17.746","69.6","7.3",309,244,51,19,0,18,50,16.2,13,4.2,2.84925,0.2614,0.22921,-0.18626,"92.3",158,40.57377049180328,9.426229508196721,7.443365695792881,5.56,-2.42,-0.11,2.19,0.336,23,"1.574622893",0.3,0.455,"-1.574622893",0.038,0.03600000000000003,0.102,0.055,20.5,"23.8",9.718770498140513,-2.8963404099717676,33.93478665778875,0.4340659340659341,37.422708834245334,32.11182736365425
1127,677958,"Rocker, Kumar",1128,99.9,0.277,0.199,0.313,0.477,0.352,0.365,0.284,71,256,90.9,8.4,2158,90.9,91.66,140,563,564,0.7999999999999972,6.82,114,149,113,150,294,324,295,"-8.91","8.91","69.8","7.3",287,204,45,12,3,11,56,19.5,23,8,2.4143,0.38594,0.53701,-0.13323,"92.8",157,47.783251231527096,11.822660098522167,8.362369337979095,5.68,-2.19,0.07,2.17,0.343,24,"0.790594499",0.353,0.488,"-0.790594499",-0.007,-0.009999999999999953,-0.011,-0.013,24.9,"29.7",10.614779740470565,-1.1853412550099567,33.460120191284766,0.43566176470588236,36.53967405639589,31.530066970657728
1125,663687,"Harris, Hogan",1141,98.6,0.226,0.113,0.285,0.339,0.289,0.303,0.24,54,239,87.4,15.1,2351,86.7,86.62,118,513,612,-0.10000000000000853,6.57,110,149,120,147,300,324,295,"4.035","-4.035","68.7","7.0",277,178,37,12,0,5,65,23.5,33,11.9,2.49092,0.68169,0.38086,-0.25092,"90.9",163,32.58426966292135,5.617977528089887,3.6101083032490973,6.07,2.23,-0.19,2.39,0.319,10,"-0.358666667",0.334,0.346,"0.358666667",-0.014,-0.015000000000000013,-0.007,-0.014,23,"54.5",7.698326138884835,1.5446894535329094,31.173843895625502,0.4497991967871486,36.25676151770056,29.14963293438018
1118,542888,"Armstrong, Shawn",1118,100,0.157,0.106,0.196,0.264,0.224,0.269,0.203,40,254,88,19.1,2388,91,91.61,130,532,586,0.5999999999999943,6.71,112,150,113,149,296,324,296,"19.773","-19.773","70.4","7.0",284,184,25,8,2,5,74,26.1,20,7,1.79498,0.9769,0.10632,0.10904,"90.9",176,34.23913043478261,7.065217391304348,4.577464788732395,5.78,-1.58,0.22,2.4,0.232,13,"-1.768604651",0.275,0.328,"1.768604651",-0.046,-0.04300000000000001,-0.064,-0.045,24.4,"41.0",6.495618806407646,5.35590845003255,31.612326237970166,0.441233140655106,37.99978948651223,26.74441697648468
1115,642207,"Williams, Devin",1119,99.6,0.197,0.123,0.299,0.32,0.271,0.274,0.195,45,228,89.2,10.6,2564,88.6,89.93,210,557,558,1.3000000000000114,7.35,114,149,121,151,292,323,286,"10.236","-10.236","70.5","7.3",259,140,28,11,1,5,90,34.7,25,9.7,2.54807,0.41504,1.34075,0.12074,"91.5",142,35.714285714285715,9.285714285714286,5.019305019305019,5.26,-2.44,0.05,2.34,0.287,13,"-0.918026906",0.288,0.314,"0.918026906",0.002,-0.0010000000000000009,0.006,-0.003,37.7,"21.0",10.337425583609742,-3.4945364938690324,31.503733362246514,0.4562043795620438,37.02735552846185,32.44079645043392
1114,663969,"Phillips, Tyler",1114,100,0.226,0.125,0.251,0.352,0.284,0.296,0.242,65,287,89.1,5.2,2172,89.1,89.27,146,534,580,0.20000000000000284,6.47,111,148,119,150,300,320,293,"6.131","-6.131","69.2","7.5",313,235,46,10,1,8,52,16.6,24,7.7,2.84289,0.06662,0.3615,-0.02519,"93.0",117,43.58974358974359,5.128205128205128,3.8338658146964857,5.91,-1.2,0.06,1.8,0.291,12,"-0.550359066",0.305,0.363,"0.550359066",-0.016,-0.014000000000000012,-0.011,-0.012,27.3,"30.0",11.228477166538312,-3.790492353616017,34.24544142047692,0.535645472061657,37.43661650883706,31.758377097827186
1113,641745,"Keller, Brad",1114,99.9,0.182,0.065,0.244,0.247,0.238,0.262,0.2,45,247,86,6.1,2370,93.3,92.66,135,502,611,-0.5999999999999943,5.91,111,150,117,152,300,321,298,"18.645","-18.645","68.7","7.1",276,173,37,4,0,4,75,27.2,22,8,1.93248,0.71113,0.07751,-0.11805,"91.0",142,30.63583815028902,5.780346820809249,3.6231884057971016,6.35,-1.53,0.03,2.25,0.265,10,"-1.675202156",0.281,0.295,"1.675202156",-0.018,-0.016000000000000014,-0.048,-0.024,26.9,"47.0",6.776062567243447,3.82274336369904,32.057788681668825,0.4798387096774194,38.38867266192452,27.237716635916712
1105,660853,"De Los Santos, Enyel",1118,98.8,0.242,0.155,0.293,0.397,0.308,0.314,0.247,61,252,87.3,16.6,2204,92.1,92.13,171,570,535,0,6.36,112,149,121,149,299,325,296,"1.882","-1.882","70.3","7.3",280,192,37,16,1,7,62,22.1,24,8.6,1.89278,0.81541,0.60535,-0.13664,"91.5",164,40.10416666666667,8.854166666666668,6.071428571428571,5.42,-2.03,0.12,2.36,0.312,17,"-0.170316742",0.318,0.406,"0.170316742",-0.005,-0.006000000000000005,-0.009,-0.006,30,"23.3",10.106123415553869,-1.0628147294919548,32.307136337329105,0.473967684021544,37.896760174919464,30.03147778628661
1104,666808,"Doval, Camilo",1113,99.2,0.214,0.088,0.288,0.303,0.285,0.298,0.223,51,238,87.8,5.7,2567,93.6,94.1,148,522,582,0.5,6.4,111,148,120,148,294,323,292,"7.391","-7.391","69.3","7.4",278,168,38,9,0,4,72,25.9,35,12.6,2.21496,0.39224,-0.12603,-0.0113,"92.1",146,40.476190476190474,5.952380952380952,3.597122302158273,5.37,-1.43,0.13,2.15,0.321,10,"-0.669474638",0.329,0.329,"0.669474638",-0.009,-0.008000000000000007,-0.026,-0.013,28.4,"15.7",10.017888640389625,-3.244541186324392,32.477188084838765,0.515686274509804,37.465751773935814,31.10360418146816
1102,641329,"Baker, Bryan",1102,100,0.231,0.204,0.287,0.435,0.306,0.313,0.237,59,255,90.2,16.6,2196,91.4,91.66,164,563,539,0.29999999999999716,6.42,112,147,117,148,299,323,298,"5.285","-5.285","69.9","7.2",274,174,35,9,2,13,83,30.3,17,6.2,1.75393,1.0003,0.3571,-0.25138,"92.0",176,48.275862068965516,12.643678160919542,8.02919708029197,6.59,-0.76,-0.01,2.45,0.278,22,"-0.479582577",0.284,0.443,"0.479582577",-0.006,-0.00599999999999995,-0.008,-0.007,29.1,"54.3",9.461407779244816,0.5429846253260492,30.1661630828601,0.4864376130198915,37.90304470224605,29.221428913190056
1102,669276,"Lee, Dylan",1104,99.8,0.213,0.185,0.248,0.398,0.279,0.264,0.203,53,249,85.5,16.4,2149,88.6,88.54,191,568,534,-0.09999999999999432,6.24,113,150,122,150,301,323,297,"12.214","-12.214","70.4","7.7",266,176,33,7,0,13,76,28.6,14,5.3,1.96592,0.9517,0.33017,-0.12755,"91.5",161,33.714285714285715,10.285714285714285,6.7669172932330826,6.52,1.76,-0.14,2.05,0.254,18,"-1.108348457",0.247,0.362,"1.108348457",0.01,0.007000000000000006,0.036,0.015,33.6,"46.5",14.038284412864169,-11.386467618215105,32.73366102128645,0.496415770609319,37.671353006856805,35.61093237971921
1102,677952,"Ashcraft, Braxton",1107,99.5,0.239,0.102,0.314,0.341,0.286,0.287,0.237,63,264,87.5,8.5,2543,92.5,92.6,145,553,549,0.09999999999999432,6.28,108,147,115,148,292,310,295,"8.401","-8.401","70.2","7.3",292,195,43,16,1,3,71,24.3,24,8.2,2.24352,0.43831,0.22039,0.12777,"91.6",138,38.860103626943,4.66321243523316,3.0821917808219177,6.25,-1.02,0.18,2.27,0.306,9,"-0.762341198",0.305,0.343,"0.762341198",0.002,0.0010000000000000009,-0.002,-0.001,26.2,"41.1",9.951213341534128,-2.156642688204487,32.518127467752926,0.5504587155963303,36.85122081875225,29.88491326170147
1102,622554,"Domínguez, Seranthony",1109,99.4,0.198,0.104,0.281,0.302,0.28,0.28,0.2,44,222,87.5,13.4,2141,92.8,92.89,164,492,610,0.10000000000000853,6.41,111,147,117,147,297,322,295,"7.585","-7.585","68.9","7.2",261,144,31,8,0,5,79,30.3,36,13.8,1.93171,0.75388,0.25193,-0.11792,"91.1",149,36.80555555555556,6.944444444444445,3.8314176245210727,5.6,-2,0.09,2.23,0.314,10,"-0.688294011",0.318,0.289,"0.688294011",-0.002,-0.0040000000000000036,0.013,0,33.3,"31.6",8.87457530179928,-1.2877979316397865,31.335230468688163,0.40824742268041236,38.231738870753794,30.314259363928173
1099,672582,"Zerpa, Angel",1100,99.9,0.271,0.154,0.326,0.425,0.33,0.311,0.249,67,247,88.3,-0.5,2209,92.7,91.39,78,476,623,-1.2999999999999972,5.54,110,149,121,150,294,320,291,"-2.619","2.619","67.4","6.7",275,193,43,17,0,7,58,21.1,22,8,2.51641,0.16961,0.64539,-0.00846,"92.2",134,43.005181347150256,8.290155440414509,5.818181818181818,5.33,2.75,-0.15,2.43,0.333,16,"0.238307552",0.314,0.396,"-0.238307552",0.022,0.019000000000000017,0.029,0.019,16.4,"29.5",3.465861762597479,9.48073496919873,31.833717380821028,0.3900862068965517,35.628531757859264,24.10640504362048
1099,672782,"Gómez, Yoendrys",1104,99.5,0.247,0.193,0.274,0.44,0.335,0.346,0.252,60,243,89.2,17.3,2447,89.2,89.95,124,518,581,0.7999999999999972,6.88,108,147,117,147,299,320,295,"-5.982","5.982","69.8","7.2",277,187,38,9,1,12,58,20.9,27,9.7,2.23571,0.67917,0.17907,-0.19491,"91.6",172,37.634408602150536,12.365591397849462,8.303249097472925,5.54,-2.01,0.06,2.44,0.33,23,"0.544313012",0.335,0.46,"-0.544313012",-0.005,-0.0050000000000000044,-0.02,-0.011,23.9,"33.7",9.46270006348529,0.43408358853016443,31.983328910641248,0.5584158415841585,37.318317498208486,29.476569052789753
1095,676130,"Buttó, José",1106,99,0.256,0.132,0.314,0.388,0.318,0.331,0.254,62,242,89.7,7.7,2374,90.7,90.65,149,517,578,0,6.32,110,148,117,148,297,324,294,"-1.108","1.108","69.2","7.3",284,191,40,16,2,4,58,20.4,32,11.3,2.26635,0.53499,0.26455,-0.07537,"92.0",145,39.79057591623037,9.424083769633508,6.338028169014084,5.52,-2.05,-0.08,2.2,0.342,18,"0.101187215",0.341,0.418,"-0.101187215",0.002,0.0010000000000000009,-0.03,-0.013,28.8,"37.8",9.824068336093095,-0.30926159747556214,32.75614639591769,0.5311871227364185,38.025232847852415,29.94004181589529
1095,672841,"Vargas, Carlos",1117,98,0.273,0.148,0.302,0.421,0.327,0.297,0.249,81,297,87.9,4,2204,95.8,96.35,101,533,562,0.5,6.68,111,147,114,145,289,319,293,"-1.32","1.32","68.8","6.8",331,247,58,12,1,10,54,16.3,23,6.9,2.07753,0.42283,0.81399,0.16927,"92.2",134,35.65573770491803,4.918032786885246,3.625377643504532,5.8,-2.7,-0.16,2.4,0.337,12,"0.120547945",0.317,0.364,"-0.120547945",0.024,0.020000000000000018,0.057,0.03,18.9,"33.3",4.092535006582385,6.6819058740012744,33.09331347181387,0.42065009560229444,35.456159628151724,24.515130156016056
1095,640455,"Manaea, Sean",1095,100,0.257,0.216,0.318,0.473,0.337,0.308,0.242,62,241,88.4,16.7,2103,86.6,87.11,154,574,521,0.5,6.85,110,150,121,149,300,324,297,"-5.765","5.765","68.9","6.9",263,169,37,11,1,13,75,28.5,12,4.6,2.45446,0.67554,0.41475,-0.23353,"91.5",170,42.60355029585799,8.875739644970414,5.7034220532319395,5.13,3.63,0.07,2.53,0.31,15,"0.526484018",0.297,0.41,"-0.526484018",0.015,0.013000000000000012,0.063,0.029,26.8,"15.8",6.298681613585857,3.0168217585995882,32.49187622948777,0.36151079136690645,36.77548061649902,28.310394684922493
1093,643377,"Jax, Griffin",1105,98.9,0.249,0.136,0.375,0.385,0.299,0.282,0.23,64,257,88.5,6,2603,91.7,91.76,206,553,540,0.09999999999999432,6.38,113,147,117,149,298,325,293,"2.966","-2.966","69.4","7.4",283,161,44,12,1,7,99,35,21,7.4,2.42799,0.30599,-0.03332,-0.04454,"92.2",141,44.375,9.375,5.30035335689046,5.49,-0.65,0.1,2.05,0.307,15,"-0.27136322",0.291,0.354,"0.27136322",0.019,0.016000000000000014,0.031,0.017,37.3,"43.2",10.53904239622779,-3.035652370323338,33.08670428333156,0.5446096654275093,37.03553469425124,30.112340820942947
1093,686993,"Sterner, Justin",1101,99.3,0.201,0.15,0.236,0.35,0.278,0.284,0.205,47,234,89.8,22,2536,89.7,89.6,168,546,547,-0.10000000000000853,6.46,111,149,119,148,301,325,298,"7.588","-7.588","68.7","7.1",266,167,32,5,0,10,70,26.3,21,7.9,1.96562,0.91553,0.08851,-0.05605,"91.6",180,38.92215568862276,9.580838323353294,6.015037593984962,5.45,-2.95,0.33,2.56,0.283,16,"-0.694236048",0.288,0.36,"0.694236048",-0.004,-0.0050000000000000044,-0.01,-0.006,30.8,"35.2",8.710450303535445,0.6807191078225858,30.206602753095737,0.4971857410881801,37.52196953434936,29.191909658984734
1092,680736,"Wrobleski, Justin",1096,99.6,0.255,0.125,0.335,0.38,0.299,0.287,0.243,65,255,91,6.4,2332,91.7,90.56,136,553,539,-1.1000000000000085,5.53,108,151,120,149,299,318,293,"4.379","-4.379","68.8","6.8",280,184,45,14,0,6,76,27.1,17,6.1,2.1182,0.61236,0.31926,-0.08381,"92.1",148,48.08743169398907,3.825136612021858,2.5,5.47,2.23,0.05,2.57,0.306,7,"-0.401007326",0.296,0.355,"0.401007326",0.012,0.010000000000000009,0.025,0.012,24.6,"36.7",3.778942600233291,5.8269158596132895,31.862013853931682,0.3827392120075047,36.14821138477539,25.284369198798235
1088,663738,"Lynch IV, Daniel",1092,99.6,0.26,0.142,0.287,0.402,0.327,0.328,0.255,66,254,87.8,9.9,2112,89.2,89.8,104,467,621,0.5999999999999943,6.62,110,149,122,150,294,321,292,"-3.257","3.257","69.6","7.3",289,212,46,12,0,8,45,15.6,26,9,2.37146,0.50941,0.6309,-0.22702,"92.4",143,42.65402843601896,8.056872037914692,5.88235294117647,5.79,1.28,-0.02,2.39,0.341,17,"0.299356618",0.337,0.411,"-0.299356618",0.005,0.0040000000000000036,-0.009,-0.001,22.3,"36.0",10.10407975098421,-2.3260024058505016,32.53487116530107,0.5219298245614035,36.967949561268156,30.735518397061618
1088,606160,"Montero, Rafael",1096,99.3,0.195,0.121,0.242,0.316,0.283,0.295,0.206,42,215,87.8,11.2,2022,91,90.91,150,512,576,-0.09999999999999432,6.26,112,149,118,148,299,324,297,"5.765","-5.765","69.7","7.3",253,158,26,11,0,5,58,22.9,37,14.6,2.19211,0.585,0.82587,0.05475,"91.7",145,38.853503184713375,7.006369426751593,4.3478260869565215,5.02,-1.81,-0.01,2.22,0.312,11,"-0.529871324",0.324,0.326,"0.529871324",-0.011,-0.01200000000000001,-0.01,-0.012,29.3,"34.0",9.650153930951019,-3.115638468088449,31.91977672717977,0.5219123505976095,37.58915560245612,30.400316592166014
1087,592094,"Adam, Jason",1097,99.1,0.21,0.071,0.277,0.282,0.256,0.259,0.197,50,238,88.5,14.6,2408,87.2,87.2,177,531,556,0,6.37,116,149,121,149,300,323,298,"11.095","-11.095","69.3","7.6",270,171,41,5,0,4,70,25.9,25,9.3,2.662,0.381,0.45556,-0.21656,"91.7",140,38.01169590643275,7.017543859649122,4.444444444444445,6.39,-1.06,-0.11,2.46,0.291,12,"-1.020699172",0.28,0.305,"1.020699172",0.013,0.010999999999999954,-0.023,-0.003,33.3,"37.6",14.08544083310391,-9.56900834040306,30.936635078183947,0.515625,37.9810823793491,35.566595481731724
1084,621383,"Banks, Tanner",1088,99.6,0.224,0.148,0.26,0.372,0.273,0.302,0.255,56,250,86.3,14.1,2248,87.5,86.51,119,543,541,-1,5.7,109,147,116,147,295,320,290,"10.34","-10.34","68.7","6.8",267,193,39,6,2,9,61,22.8,12,4.5,2.44254,0.56554,-0.15777,0.06081,"91.2",168,36.787564766839374,7.772020725388601,5.617977528089887,6.4,2.68,-0.07,2.56,0.261,15,"-0.953874539",0.29,0.412,"0.953874539",-0.031,-0.02899999999999997,-0.04,-0.029,21.9,"48.2",4.761852035473515,8.517127966917272,32.03172006595153,0.4307400379506641,36.1639123271024,25.20492384134568
1084,672282,"Detmers, Reid",1100,98.5,0.244,0.113,0.34,0.357,0.295,0.294,0.232,58,238,89.6,9.1,2283,88.8,88.5,176,539,545,-0.29999999999999716,6.24,107,148,115,147,304,324,300,"6.782","-6.782","67.5","6.9",266,159,43,9,0,6,80,30.1,25,9.4,2.64637,0.3618,0.07096,-0.03576,"91.7",161,42.76729559748428,8.176100628930817,4.887218045112782,6.06,1.39,-0.11,2.56,0.32,13,"-0.625645756",0.311,0.353,"0.625645756",0.012,0.009000000000000008,0.004,0.001,32.7,"46.6",6.134815477712814,4.696650218293989,31.495636153419806,0.4079696394686907,36.26452692541557,26.606057627339332
1079,666142,"Ragans, Cole",1079,100,0.228,0.155,0.357,0.384,0.295,0.255,0.189,53,232,88,16.2,2474,89.5,89.19,186,535,544,-0.29999999999999716,6.16,110,151,121,149,299,320,290,"2.271","-2.271","69.0","7.2",257,137,32,13,1,7,98,38.1,20,7.8,2.146,0.74967,0.68305,-0.40723,"91.3",169,39.416058394160586,9.48905109489051,5.058365758754864,6.17,1.27,-0.14,2.48,0.293,13,"-0.21047266",0.258,0.316,"0.21047266",0.039,0.034999999999999976,0.068,0.04,34.8,"38.2",8.417976806020873,-0.4012505804652579,30.978950568972856,0.4619771863117871,36.677699987133074,29.621817845250316
1076,663158,"Suarez, Robert",1086,99.1,0.189,0.104,0.243,0.293,0.235,0.297,0.24,47,249,89.9,15.3,2270,96.6,97.19,140,584,492,0.6000000000000085,6.81,119,149,122,150,298,321,298,"15.151","-15.151","69.7","6.9",269,176,34,6,1,6,75,27.9,16,5.9,1.19337,1.27715,0.8358,-0.07812,"91.3",179,42.857142857142854,9.142857142857142,5.947955390334572,6.16,-1.21,-0.15,2.48,0.243,16,"-1.408085502",0.291,0.396,"1.408085502",-0.051,-0.04799999999999999,-0.103,-0.062,24,"44.8",5.623564384463357,4.8501934121953685,31.799925211639735,0.43872113676731794,36.910209745807144,25.914111002037085
1074,675848,"Mejia, Juan",1078,99.6,0.23,0.155,0.297,0.385,0.309,0.27,0.201,52,226,85.5,15.2,2666,92.2,92.32,157,516,558,0.09999999999999432,6.12,114,149,120,148,299,330,302,"-0.03","0.03","67.7","7.0",261,162,31,13,2,6,68,26.1,25,9.6,2.05898,0.64389,-0.32334,-0.20029,"91.1",176,35.6687898089172,5.095541401273886,3.065134099616858,5.97,-1.3,0.2,2.48,0.319,8,"0.002793296",0.297,0.294,"-0.002793296",0.029,0.02200000000000002,0.091,0.039,30.4,"37.7",5.845036528208948,3.9429305168924644,32.25706118897401,0.41846758349705304,37.596273216390294,26.085453061067998
1073,689147,"Kerkering, Orion",1083,99.1,0.238,0.126,0.299,0.364,0.3,0.295,0.229,55,231,85.6,14.6,2623,92.2,92,109,460,613,-0.20000000000000284,6.3,108,146,116,145,295,319,289,"-1.886","1.886","68.9","7.1",266,170,38,11,0,6,65,24.4,27,10.2,2.04312,0.6819,0.03029,0.10444,"91.3",155,33.92857142857143,6.547619047619048,4.135338345864661,5.72,-1.69,0.04,2.26,0.323,11,"0.175768872",0.321,0.341,"-0.175768872",0.009,0.0020000000000000018,0.023,0.005,23.7,"31.3",6.8395194475266665,3.0192980001849343,33.34183003950448,0.48444444444444446,36.7106940288629,26.150566477853157
1073,661395,"Duran, Jhoan",1086,98.8,0.221,0.065,0.302,0.285,0.248,0.249,0.211,58,263,88.8,-3,2127,96.2,95.88,176,571,502,-0.29999999999999716,6.19,114,146,117,148,294,324,293,"19.166","-19.166","69.1","6.9",287,185,47,8,0,3,80,27.9,19,6.6,2.24694,0.25034,0.70551,-0.19013,"92.2",125,41.62162162162162,4.324324324324325,2.7874564459930316,6.01,-2.3,0.07,2.43,0.279,8,"-1.786206897",0.271,0.297,"1.786206897",0.01,0.008000000000000007,-0.012,-0.001,30.8,"33.0",4.554893596651459,7.668387921238261,32.008002741827035,0.4265232974910394,36.653766124936446,24.307718373801034
1069,669711,"Weissert, Greg",1073,99.6,0.227,0.127,0.268,0.355,0.284,0.287,0.222,57,251,89.5,13.1,2333,90.2,89.46,112,499,570,-0.7000000000000028,5.9,110,149,114,148,287,319,293,"7.547","-7.547","70.1","7.2",278,197,37,14,0,6,57,20.5,21,7.6,2.40653,0.43487,0.45898,0.07165,"91.8",160,38.775510204081634,7.653061224489796,5.39568345323741,4.95,-2.29,-0.04,2.19,0.292,15,"-0.705986904",0.289,0.364,"0.705986904",0.005,0.0030000000000000027,-0.009,-0.003,22.4,"16.2",8.406560695614264,0.5824998964177853,32.689400734294594,0.4928131416837782,37.01286112879864,27.73152063857579
1068,641941,"Pagán, Emilio",1069,99.9,0.168,0.168,0.2,0.336,0.254,0.266,0.183,41,244,88.6,23.6,2245,91.7,92.6,166,568,500,0.8999999999999915,6.86,114,149,120,149,294,324,293,"14.288","-14.288","69.6","7.3",270,165,20,11,0,10,81,30,22,8.1,1.67937,1.06683,0.39578,-0.15462,"91.2",181,37.19512195121951,9.146341463414634,5.555555555555555,5.6,-1.6,-0.08,2.49,0.241,15,"-1.337827715",0.257,0.342,"1.337827715",-0.015,-0.016000000000000014,-0.006,-0.012,29.2,"42.5",10.884167216158017,-4.068540225439862,30.588292338963207,0.5261261261261261,37.19371192883033,31.69764012190794
1067,621242,"Díaz, Edwin",1067,100,0.164,0.08,0.264,0.244,0.234,0.244,0.17,37,225,87.6,11.2,2295,93.4,94.87,211,508,559,1.5,7.15,115,147,116,148,299,325,298,"17.044","-17.044","68.8","7.1",258,131,27,6,0,4,98,38,21,8.1,1.91189,0.71694,0.51154,-0.08907,"91.7",161,40,4.615384615384616,2.3255813953488373,4.93,-1.95,-0.02,2.49,0.258,6,"-1.59737582",0.266,0.257,"1.59737582",-0.006,-0.008000000000000007,-0.013,-0.01,41.5,"19.2",8.533903983707866,1.6375396256851948,32.63767551043165,0.4244306418219462,36.69200651184192,28.80076461275736
1066,686973,"Varland, Louis",1070,99.6,0.244,0.139,0.314,0.383,0.299,0.308,0.253,65,266,89.3,4.6,2248,93.5,94.5,152,560,506,1,6.96,111,147,117,148,297,324,291,"3.656","-3.656","68.7","7.0",296,197,41,17,1,6,75,25.3,22,7.4,2.12704,0.50906,0.27853,-0.02557,"92.2",155,44.1025641025641,9.230769230769232,6.081081081081082,5.5,-2.9,0.14,2.15,0.304,18,"-0.342964353",0.315,0.382,"0.342964353",-0.009,-0.01100000000000001,0.001,-0.009,27.1,"41.8",5.265484185818569,3.939114994726496,32.74626229035404,0.4185185185185185,37.44042613065111,26.656901663292928
1065,607455,"Banda, Anthony",1091,97.6,0.197,0.157,0.227,0.354,0.285,0.296,0.209,45,229,89.5,13.5,2222,90.7,90.44,138,508,557,-0.29999999999999716,6.17,110,151,121,149,295,315,294,"9.298","-9.298","68.5","7.1",269,171,26,10,1,8,61,22.7,35,13,2.37701,0.42749,0.27807,-0.08631,"91.7",160,38.59649122807017,8.771929824561402,5.5762081784386615,5.52,2.41,-0.24,2.35,0.305,15,"-0.873051643",0.32,0.351,"0.873051643",-0.012,-0.015000000000000013,0.003,-0.011,27.2,"34.6",8.86202130605782,-1.0068591576666854,31.451949829628504,0.4681724845995893,36.08921015756521,29.76158854739203
1063,592773,"Stanek, Ryne",1063,100,0.253,0.149,0.31,0.403,0.33,0.325,0.239,56,221,90.3,19.9,2229,94,93.29,155,558,505,-0.7000000000000028,5.97,109,147,120,148,300,324,296,"-5.666","5.666","69.2","7.1",255,165,38,10,1,7,58,22.7,32,12.5,1.6766,0.94226,0.38374,-0.09663,"91.3",182,43.63636363636363,10.909090909090908,7.0588235294117645,6.5,-0.54,0.11,2.46,0.345,18,"0.533019755",0.334,0.4,"-0.533019755",0.014,0.010999999999999954,0.003,0.005,27.8,"49.5",8.193891835528058,3.258942846867212,30.89096784833552,0.5218181818181818,36.797598483240215,27.46165167246986
1063,673513,"Matsui, Yuki",1073,99.1,0.227,0.189,0.259,0.416,0.318,0.315,0.231,53,233,88.3,20.3,2108,87.4,86.39,158,521,542,-1,5.83,114,149,120,148,301,324,297,"-2.083","2.083","69.6","7.5",272,177,31,10,2,10,61,22.4,33,12.1,2.18967,0.83945,0.25953,-0.18611,"91.9",168,37.28813559322034,9.03954802259887,5.88235294117647,6.06,2.03,0.06,2.19,0.321,16,"0.195954845",0.325,0.399,"-0.195954845",-0.004,-0.0040000000000000036,0.017,0.003,30.3,"54.9",12.169310057066259,-5.987461533892188,32.96325045473861,0.5110220440881763,37.55066208414721,33.09394743272352
1058,660896,"Alcala, Jorge",1062,99.6,0.299,0.253,0.351,0.552,0.393,0.328,0.239,66,221,87.8,19.2,2474,93.2,92.35,129,501,557,-0.7999999999999972,5.85,110,148,117,148,294,321,292,"-14.309","14.309","69.6","7.1",257,165,36,17,0,13,61,23.7,30,11.7,1.85062,0.80539,0.41313,0.11801,"91.6",170,37.57575757575757,10.909090909090908,7.003891050583658,6.62,-2.02,-0.05,2.58,0.379,18,"1.352457467",0.329,0.424,"-1.352457467",0.06,0.04999999999999999,0.128,0.065,25.7,"51.1",9.345222619643058,-0.4225149310473437,31.5069106539951,0.5807770961145194,35.75879388433686,28.975949004973998
1058,669211,"Akin, Keegan",1066,99.2,0.233,0.168,0.267,0.401,0.318,0.332,0.241,54,232,88.7,16.2,2371,89.9,88.8,139,542,516,-1.1000000000000085,5.72,109,149,117,148,300,323,297,"1.403","-1.403","68.6","7.1",268,175,35,9,0,10,59,22,33,12.3,1.89551,0.95769,0.7033,-0.35377,"91.2",172,41.714285714285715,9.714285714285714,6.343283582089552,5.86,1.87,-0.03,2.42,0.328,17,"-0.132608696",0.336,0.432,"0.132608696",-0.008,-0.008000000000000007,-0.031,-0.014,25.6,"38.4",7.521637678990139,1.6055476180154558,31.323750358862807,0.4709193245778612,38.10487611264208,28.658296865485475
1054,676534,"Faucher, Calvin",1055,99.9,0.236,0.133,0.28,0.369,0.302,0.324,0.265,53,225,87.4,8.3,2770,91.5,90.87,106,448,606,-0.5999999999999943,5.91,109,147,116,148,302,322,294,"4.337","-4.337","69.3","7.0",255,169,40,4,1,8,59,23.1,24,9.4,2.57153,0.16808,-0.16316,0.02878,"91.2",156,34.319526627218934,4.733727810650888,3.1372549019607843,5.81,-1.35,0.19,2.2,0.314,8,"-0.411480076",0.341,0.387,"0.411480076",-0.029,-0.027000000000000024,-0.018,-0.022,23.7,"43.5",5.402875641706606,6.283048516208197,33.16637467171779,0.46485260770975056,37.748953574225055,25.64435735837161
1052,676428,"Hurter, Brant",1064,98.9,0.242,0.085,0.321,0.326,0.303,0.295,0.228,57,236,86.3,8.4,2253,88.4,87.9,121,465,587,-0.5,6.09,111,150,114,149,298,325,294,"3.068","-3.068","67.4","7.2",277,171,45,8,0,4,68,24.5,27,9.7,2.7117,0.24571,0.5856,-0.11218,"91.4",135,36.84210526315789,3.508771929824561,2.166064981949458,5.85,3.39,0.08,2.25,0.345,6,"-0.291634981",0.334,0.321,"0.291634981",0.014,0.010999999999999954,0.005,0.008,26,"28.8",8.679653816527269,-1.1768343693164915,32.608079721248195,0.4485776805251641,37.23895211951475,31.028298719675675
1052,595345,"Okert, Steven",1057,99.5,0.181,0.105,0.241,0.286,0.233,0.249,0.185,45,248,86.9,25.1,2376,85.5,85.19,177,540,512,-0.29999999999999716,6.24,111,148,117,147,297,325,295,"18.827","-18.827","69.3","7.3",276,171,31,8,0,6,84,30.4,19,6.9,2.25357,0.92169,-0.11375,-0.0558,"91.2",180,32.94117647058823,7.0588235294117645,4.3478260869565215,5.91,3.16,-0.1,2.54,0.242,12,"-1.789638783",0.249,0.313,"1.789638783",-0.004,-0.007000000000000006,-0.027,-0.016,32.8,"34.7",11.613166428305888,-7.050569882532839,31.580575394692396,0.4709193245778612,36.98083827880304,33.462161862693776
1049,596133,"Weaver, Luke",1053,99.6,0.195,0.169,0.229,0.364,0.269,0.269,0.195,46,236,89.7,21.6,2300,92.6,91.94,171,552,497,-0.6999999999999886,6.09,113,148,119,150,292,322,287,"9.318","-9.318","70.0","7.3",262,168,26,10,0,10,72,27.5,20,7.6,1.44451,1.24236,0.68531,-0.13918,"91.6",183,39.88095238095239,8.333333333333332,5.343511450381679,5.59,-1.52,0.01,2.33,0.258,14,"-0.888274547",0.261,0.356,"0.888274547",0,-0.0030000000000000027,0.008,0,31,"47.1",10.976143773214877,-2.8431803806442626,30.458532362822382,0.550561797752809,38.627994893686456,30.523870428422295
1049,683769,"Gaddis, Hunter",1060,99,0.234,0.149,0.296,0.383,0.293,0.298,0.23,58,248,89.1,17.5,2269,89.4,90.42,172,534,515,1,6.91,110,148,122,148,298,319,297,"6.933","-6.933","68.4","7.3",274,179,39,9,2,8,73,26.6,21,7.7,2.10594,0.77863,0.1546,-0.19378,"92.4",167,39.10614525139665,9.497206703910614,6.204379562043796,6.22,-2.25,0.24,2.34,0.294,17,"-0.660915157",0.295,0.38,"0.660915157",0.004,-0.0010000000000000009,0.003,-0.005,32.2,"36.8",11.195142676472692,-5.57505280859095,30.616948253523503,0.528957528957529,38.11415289922483,31.96964245672886
1047,670167,"Schreiber, John",1051,99.6,0.234,0.18,0.273,0.414,0.305,0.312,0.248,57,244,88.2,15.1,2362,89.5,89.86,117,499,548,0.4000000000000057,6.51,110,147,122,150,295,321,292,"3.38","-3.38","69.5","7.0",265,183,34,12,1,10,62,23.4,19,7.2,2.50445,0.37368,0.20757,-0.00503,"91.5",154,38.46153846153847,9.340659340659341,6.415094339622642,4.53,-2.66,0.17,2.45,0.292,17,"-0.322827125",0.305,0.412,"0.322827125",-0.014,-0.013000000000000012,0.002,-0.007,23.4,"11.8",5.87102583145775,3.0213352699914315,32.588883848522194,0.44171779141104295,36.547618109726635,27.06622966926279
1046,687911,"King, Bryan",1046,100,0.233,0.143,0.276,0.376,0.282,0.272,0.223,60,258,87.6,13.9,2165,88.2,88.46,127,520,526,0.29999999999999716,6.54,109,150,117,147,298,326,296,"3.201","-3.201","68.4","6.8",275,191,43,7,0,10,69,25.1,11,4,2.12761,0.85619,-0.15967,0.08221,"91.3",160,36.31578947368421,5.7894736842105265,4,5.49,2.71,-0.07,2.59,0.273,11,"-0.306022945",0.267,0.353,"0.306022945",0.01,0.006000000000000005,0.023,0.01,24.4,"33.5",4.811149984983232,7.4623345581618565,31.759952343107063,0.37450980392156863,35.282860657275286,25.42175044016122
1043,657649,"Koenig, Jared",1047,99.6,0.237,0.129,0.304,0.365,0.294,0.26,0.198,57,241,88,12.4,2344,91.9,91.61,105,458,585,-0.30000000000001137,6.2,110,149,121,149,303,326,299,"2.302","-2.302","69.2","7.0",268,176,39,11,1,6,68,25.4,20,7.5,2.12612,0.61301,0.65545,-0.27347,"91.3",160,34.85714285714286,5.142857142857142,3.3582089552238807,5.93,2.49,-0.13,2.26,0.305,9,"-0.220709492",0.27,0.314,"0.220709492",0.039,0.034999999999999976,0.051,0.034,22.9,"31.1",6.193408109267395,2.251857393767414,33.529958265492716,0.47240618101545256,36.62875960345636,27.33356516436027
1043,608032,"Estévez, Carlos",1064,98,0.199,0.116,0.235,0.315,0.255,0.299,0.231,48,241,88.8,22.9,2103,92,91.98,98,515,528,0,6.28,113,147,121,150,292,321,295,"15.585","-15.585","70.4","7.1",269,189,31,11,1,5,54,20.1,22,8.2,1.73823,0.97798,0.34205,-0.2262,"91.5",183,38.095238095238095,10.582010582010582,7.434944237918216,5.97,-1.9,-0.07,2.55,0.276,20,"-1.494247363",0.305,0.396,"1.494247363",-0.032,-0.02899999999999997,-0.081,-0.044,19,"41.5",6.7303525672299775,2.733599202464086,31.44021332366975,0.48490945674044267,36.899983853984374,27.922457519246706
1042,657571,"Ferguson, Caleb",1054,98.9,0.229,0.072,0.28,0.301,0.271,0.289,0.237,54,236,83.8,5.5,2533,89.8,89.89,107,499,543,0.10000000000000853,6.36,108,147,112,146,292,315,293,"11.539","-11.539","67.8","6.7",270,191,41,11,0,2,51,18.9,22,8.1,2.36036,0.50283,0.19814,0.27927,"90.7",147,27.89473684210526,3.1578947368421053,2.2222222222222223,5.9,2.29,-0.17,2.41,0.307,6,"-1.107389635",0.318,0.326,"1.107389635",-0.008,-0.01100000000000001,-0.025,-0.018,21.4,"45.2",3.243872953796095,8.454514998860219,32.26375938111918,0.37938144329896906,35.09355391974081,25.335995523427822
1039,668933,"Ashcraft, Graham",1039,100,0.268,0.094,0.351,0.362,0.309,0.29,0.245,68,254,83.1,3.4,2760,93.7,92.49,155,520,519,-1.2000000000000028,5.43,110,147,115,147,294,323,290,"-0.52","0.52","68.0","7.1",284,195,48,18,0,2,64,22.5,25,8.8,2.24601,0.35337,-0.50196,-0.08988,"91.6",128,32.47422680412371,4.123711340206185,2.8169014084507045,6.49,-0.11,0.43,2.28,0.333,8,"0.050048123",0.313,0.333,"-0.050048123",0.023,0.020000000000000018,0.029,0.019,29.8,"55.1",6.207320433106326,3.3178306159806916,33.21979324258561,0.41749502982107356,36.85701717916911,27.41032881900943
1039,676974,"Meyer, Max",1040,99.9,0.276,0.184,0.328,0.46,0.341,0.336,0.263,72,261,91.3,8.7,2413,91.1,91.05,135,492,547,-0.09999999999999432,6.34,110,148,118,149,299,314,291,"-6.766","6.766","70.6","7.2",285,195,48,12,0,12,68,23.9,20,7,2.46808,0.30276,0.38937,-0.10682,"92.9",138,48.205128205128204,9.230769230769232,6.315789473684211,5.63,-1.4,-0.12,2.1,0.33,18,"0.65120308",0.321,0.446,"-0.65120308",0.013,0.009000000000000008,0.014,0.005,27.4,"36.9",9.297561557048367,-0.417308620155512,33.46000902226533,0.5254237288135594,36.2359519941209,29.47005274957693
1035,592454,"Kahnle, Tommy",1037,99.8,0.217,0.153,0.243,0.37,0.302,0.327,0.245,51,235,88.3,11.5,1413,87.6,88.3,115,452,583,0.7000000000000028,6.69,113,148,114,149,296,327,297,"1.197","-1.197","69.6","7.4",267,185,33,8,2,8,50,18.7,31,11.6,2.70027,0.27892,0.91369,-0.09882,"92.0",134,37.2972972972973,9.18918918918919,6.367041198501873,5.53,-2.2,-0.08,2.06,0.311,17,"-0.115652174",0.336,0.406,"0.115652174",-0.028,-0.025000000000000022,-0.036,-0.025,25.4,"32.6",11.100073652282287,-4.759193319447465,33.171654445088315,0.581081081081081,37.739022328955926,32.4019253072959
1035,662253,"Muñoz, Andrés",1047,98.9,0.167,0.056,0.254,0.222,0.228,0.267,0.199,36,216,86.1,8.4,2275,92,92.57,178,488,547,0.5999999999999943,6.67,112,145,114,144,289,319,295,"16.171","-16.171","66.5","7.2",254,138,28,6,0,2,83,32.7,28,11,2.34688,0.38655,0.28326,0.09645,"91.3",144,40.14598540145985,6.569343065693431,3.543307086614173,5.33,-2.46,0,2.23,0.271,9,"-1.562415459",0.299,0.297,"1.562415459",-0.032,-0.02799999999999997,-0.075,-0.039,36.5,"29.9",8.742539011227628,-4.511964968677075,31.99347015237043,0.42016806722689076,37.821047336365645,30.73025881640047
1033,676879,"Ashby, Aaron",1033,100,0.227,0.084,0.319,0.311,0.279,0.277,0.222,54,238,88.5,0,2321,91.6,89.94,117,434,599,-1.6999999999999886,5.32,111,149,122,150,305,326,300,"8.737","-8.737","67.3","7.1",270,165,42,7,2,3,76,28.1,24,8.9,2.82425,-0.05114,0.54179,-0.20266,"92.0",121,40.49079754601227,3.067484662576687,1.8518518518518516,6.46,0.4,-0.09,2.1,0.307,5,"-0.845788964",0.305,0.302,"0.845788964",0.005,0.0020000000000000018,0.009,0.002,27,"50.2",6.927360722908177,0.5035232052113381,32.31045157732828,0.4940898345153664,37.3613521473455,28.81131053392064
1033,687134,"Blalock, Bradley",1035,99.8,0.35,0.247,0.333,0.597,0.423,0.408,0.326,85,243,91.1,12.6,2125,89.7,90.48,78,491,542,0.7999999999999972,6.54,113,149,119,148,299,330,302,"-29.283","29.283","69.7","7.1",275,222,59,9,0,17,27,9.8,23,8.4,2.18695,0.65349,0.11873,-0.16469,"92.8",171,45.94594594594595,12.162162162162163,9.818181818181818,6.31,-1.59,0.11,2.28,0.405,27,"2.834753146",0.386,0.582,"-2.834753146",0.024,0.019000000000000017,0.015,0.015,15.9,"62.4",8.285812838520576,1.4064177711703743,32.04963847075827,0.5168067226890757,36.7651746224133,29.1979797697265
1032,596001,"Junis, Jakob",1037,99.5,0.257,0.12,0.309,0.378,0.301,0.313,0.259,64,249,86.3,11.4,2121,86.6,85.96,104,459,573,-0.5999999999999943,6,112,148,123,147,301,321,299,"4.87","-4.87","69.5","7.5",274,197,46,11,2,5,55,20.1,18,6.6,2.71022,0.36483,0.10596,-0.19387,"92.1",145,38.578680203045685,6.091370558375635,4.37956204379562,5.58,-2.09,0.12,2.16,0.315,12,"-0.471899225",0.317,0.403,"0.471899225",-0.002,-0.0020000000000000018,-0.025,-0.012,22.7,"27.5",11.76105178500637,-6.085670681080881,33.199735623419215,0.504524886877828,38.47932249138008,32.311489943479955
1031,642397,"Soto, Gregory",1036,99.5,0.257,0.087,0.343,0.344,0.312,0.306,0.241,62,241,88.1,9.5,2370,92.4,92.78,145,485,546,0.3999999999999915,6.6,107,148,117,147,299,322,297,"-2.348","2.348","68.8","7.3",279,174,49,9,0,4,70,25.1,24,8.6,2.12938,0.5805,0.6944,-0.05955,"91.9",153,38.15028901734104,4.046242774566474,2.5089605734767026,5.66,1.98,-0.11,2.14,0.349,7,"0.227740058",0.336,0.343,"-0.227740058",0.016,0.012999999999999956,0.001,0.006,29.9,"36.0",9.364402246927627,-2.3692506223195133,32.52886237730858,0.4089935760171306,36.23442976428886,31.102699302875752
1029,666171,"Zeferjahn, Ryan",1039,99,0.227,0.204,0.28,0.431,0.335,0.32,0.218,49,216,86.7,14.8,2438,90.5,90.73,141,466,563,0.20000000000000284,6.49,108,147,116,148,305,327,301,"-6.501","6.501","67.7","7.1",256,145,29,8,0,12,73,28.5,34,13.3,2.26963,0.55535,-0.40319,-0.1164,"91.3",165,37.24137931034483,10.344827586206897,5.859375,5.89,-1.96,0.14,2.34,0.341,15,"0.631778426",0.334,0.396,"-0.631778426",0.009,0.007000000000000006,0.035,0.015,30.3,"37.5",8.297524786805404,-1.3049039111579657,32.01357238956489,0.44766146993318484,37.59956006710034,29.172073033191765
1028,605483,"Snell, Blake",1033,99.5,0.23,0.086,0.32,0.315,0.278,0.281,0.226,51,222,83.9,4.8,2295,88.9,89.7,173,486,542,0.7999999999999972,6.76,107,151,121,148,299,316,289,"9.856","-9.856","68.1","7.3",254,156,38,10,0,3,72,28.3,26,10.2,2.12284,0.79984,0.17126,-0.20626,"91.4",138,33.97435897435898,5.769230769230769,3.543307086614173,6.52,1.99,-0.01,2.17,0.307,9,"-0.958754864",0.307,0.314,"0.958754864",0.004,0,0.001,-0.003,35.6,"56.0",10.226349687721456,-3.6441345250876345,33.305266855049716,0.4418103448275862,37.731720956683304,32.250788979391466
1024,670280,"Bednar, David",1032,99.2,0.2,0.104,0.298,0.304,0.249,0.265,0.207,46,230,89.2,11.2,2301,89.1,89.33,152,489,535,0.20000000000000284,6.54,111,147,115,148,294,318,291,"12.019","-12.019","68.5","7.1",251,145,32,8,2,4,86,34.3,19,7.6,2.4581,0.51869,0.17969,-0.02127,"91.6",156,42.06896551724138,8.96551724137931,5.179282868525896,5.87,-1.69,0.14,2.29,0.263,13,"-1.173730469",0.27,0.334,"1.173730469",-0.007,-0.007000000000000006,-0.03,-0.016,31.1,"38.9",9.690910885970105,-1.494783283547418,30.80320710383921,0.4779874213836478,36.77529067730151,30.922055644556554
1023,681911,"Vesia, Alex",1036,98.7,0.181,0.167,0.235,0.348,0.269,0.274,0.187,37,204,86.6,24.1,2389,89.3,89.3,158,514,509,0,6.28,107,151,121,149,296,316,292,"11.482","-11.482","68.2","7.0",237,130,21,7,0,9,80,33.8,22,9.3,1.69512,1.18153,0.13454,-0.13834,"91.0",172,37.69230769230769,10.76923076923077,5.9071729957805905,6.01,0.26,-0.03,2.71,0.272,14,"-1.122385142",0.279,0.344,"1.122385142",-0.006,-0.007000000000000006,0.004,-0.005,30.7,"64.8",6.620352380274144,0.1705452865079652,30.421972003666887,0.4792079207920792,36.24053007158444,28.3137726328913
1022,683409,"Chivilli, Angel",1028,99.4,0.309,0.207,0.332,0.516,0.387,0.353,0.272,76,246,89.9,5.6,2114,92.8,92.94,152,512,510,0.10000000000000853,6.29,112,148,120,147,300,331,301,"-22.655","22.655","69.5","7.6",275,203,51,12,0,13,43,15.6,23,8.4,2.01664,0.63834,0.89022,0.02382,"93.0",142,42.857142857142854,9.852216748768473,7.2727272727272725,5.79,-1.6,-0.07,2.06,0.382,20,"2.216731898",0.348,0.464,"-2.216731898",0.037,0.03400000000000003,0.052,0.034,29.7,"34.5",12.644365233155881,-6.583026470864036,33.557013658150666,0.46092184368737477,37.015076070828115,33.0700539446292
1018,676254,"Walker, Ryan",1024,99.4,0.254,0.119,0.322,0.373,0.306,0.303,0.251,60,236,85.5,6.4,2491,91.4,91.4,95,440,578,0,6.4,110,147,117,146,294,322,295,"4.515","-4.515","68.0","7.0",266,180,41,14,1,4,60,22.6,18,6.8,2.52038,0.25621,0.39702,0.01472,"92.0",147,35.754189944134076,5.027932960893855,3.3834586466165413,5.03,-3.25,0.11,2.23,0.326,9,"-0.443516699",0.324,0.364,"0.443516699",0.003,0.0020000000000000018,0.009,0.003,21.6,"17.9",6.397211607385712,1.8945782274203435,33.31275837615117,0.3558139534883721,37.42273834561501,28.001872316676913
1017,642232,"Yarbrough, Ryan",1018,99.9,0.24,0.198,0.257,0.438,0.318,0.318,0.256,58,242,85.8,15.4,2016,81.4,81.05,123,463,554,-0.30000000000001137,6.19,110,150,123,151,294,322,286,"0.646","-0.646","69.2","7.2",264,188,37,7,1,13,55,20.8,19,7.2,3.05278,0.46634,0.56301,-0.36069,"91.6",164,34.04255319148936,6.914893617021277,4.924242424242424,5.04,3.25,0.23,2.37,0.299,13,"-0.063520157",0.314,0.415,"0.063520157",-0.016,-0.015000000000000013,0.023,0,26.6,"13.0",10.418246819092849,-1.3317784017794243,33.314644605227684,0.40757238307349664,37.30470041192084,31.714680848966278
1014,656271,"Burke, Brock",1028,98.6,0.254,0.162,0.289,0.417,0.308,0.302,0.251,58,228,86.5,7.6,2201,92,92.64,124,531,483,0.5999999999999943,6.75,108,147,114,146,303,325,299,"3.803","-3.803","69.9","7.2",257,184,40,7,3,8,52,20.2,18,7,1.87613,0.84039,0.7042,-0.27346,"91.7",150,41.208791208791204,7.142857142857142,5.058365758754864,6.29,1.99,0.1,2.52,0.311,13,"-0.37504931",0.312,0.386,"0.37504931",0.003,-0.0010000000000000009,0.031,0.006,23.4,"40.9",8.893886719659077,0.9787841666792876,31.480921916572907,0.4931506849315068,38.06073878108569,28.535099428753604
1011,623211,"Brazobán, Huascar",1017,99.4,0.227,0.12,0.271,0.347,0.294,0.308,0.226,51,225,86.4,10.9,2162,93.5,92.37,117,489,522,-1.0999999999999943,5.77,111,148,118,149,300,326,295,"5.149","-5.149","69.6","7.4",262,174,37,7,1,6,57,21.8,27,10.3,2.09484,0.54129,1.22435,0.13807,"91.7",137,34.883720930232556,8.13953488372093,5.343511450381679,5.86,-1.66,-0.17,2.14,0.315,14,"-0.509297725",0.323,0.356,"0.509297725",0.001,-0.008000000000000007,-0.009,-0.014,23.9,"36.4",11.316594446097511,-4.263678141142087,32.943089993226565,0.5336134453781513,35.98384214973693,31.543385615813545
1009,669203,"Burnes, Corbin",1010,99.9,0.21,0.146,0.256,0.356,0.288,0.305,0.23,49,233,88.9,5.7,2656,90.6,90.98,120,467,542,0.4000000000000057,6.52,113,149,118,150,300,320,299,"6.17","-6.17","70.3","7.5",265,173,29,13,0,7,63,23.8,26,9.8,2.29749,0.51919,-0.12014,0.08793,"92.5",133,41.61849710982659,8.092485549132949,5.283018867924529,5.87,-0.74,0.12,1.89,0.297,14,"-0.611496531",0.315,0.377,"0.611496531",-0.02,-0.018000000000000016,-0.021,-0.017,25.7,"41.1",11.023918001618885,-2.9159745296253026,35.274220976629366,0.5275938189845475,36.76196121479779,31.060948604592237
1008,664208,"Maton, Phil",1017,99.1,0.196,0.098,0.295,0.294,0.266,0.263,0.195,42,214,84.1,11.2,2798,83.9,84.86,171,473,535,1,7.04,111,147,112,148,298,323,298,"11.404","-11.404","68.1","7.2",249,137,27,12,0,3,81,32.5,24,9.6,3.08002,0.24827,-0.60074,-0.0779,"90.9",140,30.656934306569344,3.64963503649635,2.0080321285140563,5.16,-1.42,0.2,2.43,0.296,5,"-1.131349206",0.297,0.278,"1.131349206",0.001,-0.0010000000000000009,0.016,0.003,36.2,"26.0",11.693928009769422,-2.663423941443678,31.589839492351395,0.3769063180827887,37.99223482540302,32.98917526244012
1002,642701,"Santana, Dennis",1002,100,0.179,0.118,0.211,0.297,0.236,0.293,0.221,44,246,89,15.9,2454,90.3,90.1,141,517,485,-0.20000000000000284,6.13,109,148,115,148,294,312,294,"17.642","-17.642","70.4","7.5",270,190,28,8,3,5,60,22.2,17,6.3,2.16713,0.6374,0.3405,-0.03543,"92.0",166,37.56613756613756,10.582010582010582,7.4074074074074066,5.76,-2.11,0.19,2.2,0.237,20,"-1.760678643",0.278,0.397,"1.760678643",-0.042,-0.041000000000000036,-0.1,-0.057,27.3,"31.9",12.83371208973737,-4.844754724097653,32.87746426606578,0.5652173913043478,36.70522959462026,33.09818102407507
1000,663465,"Allard, Kolby",1012,98.8,0.261,0.122,0.294,0.384,0.293,0.285,0.243,64,245,87.2,17.2,1913,85,84.86,97,495,505,-0.09999999999999432,6.19,111,150,121,147,302,321,293,"4.626","-4.626","69.4","7.0",266,209,45,13,1,5,42,15.8,14,5.3,2.53108,0.68341,0.37209,-0.12495,"91.7",163,35.88516746411483,5.741626794258373,4.511278195488721,5.41,2.04,0.19,2.54,0.3,12,"-0.4626",0.285,0.382,"0.4626",0.018,0.015000000000000013,0.002,0.008,19.6,"46.0",7.468136973511011,1.9450677384489956,31.236806449727904,0.49156118143459915,36.6907702815948,29.131087581172434
999,596295,"Gomber, Austin",999,100,0.325,0.278,0.325,0.603,0.411,0.368,0.282,82,252,87.3,17.8,2133,83.1,84.02,78,490,509,0.9000000000000057,6.68,113,151,120,146,302,330,300,"-19.548","19.548","71.6","7.5",272,220,46,18,2,16,34,12.5,17,6.3,2.83575,0.48308,0.11574,-0.13483,"92.4",169,39.54545454545455,14.545454545454545,11.76470588235294,6.61,2.08,-0.05,2.25,0.369,32,"1.956756757",0.329,0.538,"-1.956756757",0.043,0.03999999999999998,0.065,0.043,15.9,"53.2",12.233890818560289,-6.2483643620006895,33.34902999023029,0.5410526315789473,36.492103759625486,33.80107185352653
999,670970,"Morejon, Adrian",1007,99.2,0.186,0.049,0.245,0.236,0.208,0.252,0.222,49,263,84.2,3.9,2452,94.5,94.14,114,480,519,-0.4000000000000057,6.31,115,150,119,149,300,322,297,"21.089","-21.089","69.4","6.9",286,199,41,5,1,2,70,24.5,17,5.9,1.98107,0.61443,0.76131,-0.1285,"91.0",141,30.65326633165829,4.0201005025125625,2.797202797202797,5.94,2.45,0.04,2.62,0.235,8,"-2.111011011",0.268,0.306,"2.111011011",-0.036,-0.03300000000000003,-0.07,-0.044,23.8,"43.2",5.094394883557677,5.105753014576512,31.707881181913834,0.4229934924078091,35.703130936567824,26.767821282844302
995,693855,"Seymour, Ian",999,99.6,0.221,0.106,0.287,0.327,0.274,0.306,0.239,48,217,86.9,13.8,2023,87.2,87.18,133,493,502,0,6.22,105,149,115,147,300,322,295,"4.207","-4.207","71.0","7.3",242,156,35,8,0,5,64,26.4,19,7.9,2.12347,0.89039,0.54491,-0.25218,"91.4",168,37.82051282051282,7.051282051282051,4.545454545454546,5.88,1.53,0.05,2.5,0.29,11,"-0.42281407",0.31,0.375,"0.42281407",-0.018,-0.020000000000000018,-0.048,-0.032,27,"46.6",9.892703618640727,-1.732371278517285,31.37099640687058,0.48427672955974843,37.434426450821356,31.3891886861992
993,621381,"Strahm, Matt",995,99.8,0.208,0.133,0.269,0.341,0.267,0.26,0.199,47,226,86.7,27.9,2565,88.5,88.07,124,520,473,-0.4000000000000057,6.21,108,149,117,148,296,319,288,"9.213","-9.213","68.4","7.0",256,164,29,11,2,5,70,27.3,20,7.8,2.04426,0.91027,0.5086,-0.22191,"91.2",179,38.41463414634146,4.2682926829268295,2.734375,5.37,2.34,-0.08,2.59,0.273,7,"-0.927794562",0.265,0.325,"0.927794562",0.009,0.008000000000000007,0.016,0.007,23.8,"30.8",8.23894206917584,-0.964237091219399,30.954054639887886,0.5049701789264414,35.938117193059156,29.826560089258262
990,668941,"Romero, JoJo",1008,98.2,0.217,0.069,0.276,0.286,0.265,0.288,0.22,47,217,86.5,5.2,2256,88.1,86.5,111,411,579,-1.5999999999999943,5.36,107,148,113,147,301,324,298,"10.611","-10.611","68.2","7.2",255,168,36,9,0,2,55,21.6,29,11.4,2.86338,0.11216,0.36941,-0.40426,"91.9",132,35.75757575757576,7.2727272727272725,4.705882352941177,5.39,1.96,-0.02,2.16,0.311,12,"-1.071818182",0.318,0.334,"1.071818182",-0.003,-0.007000000000000006,-0.048,-0.023,27,"30.7",8.52968947433068,-1.4923464805865017,33.03490637437739,0.49373433583959897,39.04786474657369,30.497779018998838
990,621053,"Ferguson, Tyler",998,99.2,0.214,0.114,0.264,0.328,0.296,0.3,0.212,43,201,86.2,18.1,2337,90.3,89.78,120,462,528,-0.5,6.16,108,148,118,147,302,326,296,"3.357","-3.357","69.1","7.2",246,154,31,5,3,4,54,22,34,13.8,2.21821,0.62912,0.22198,-0.00248,"91.1",159,31.818181818181817,6.493506493506493,4.0650406504065035,5.92,-3.27,-0.14,2.23,0.332,10,"-0.339090909",0.332,0.333,"0.339090909",0.002,0,-0.005,-0.004,26,"27.7",8.726725303430966,-0.7308815576115918,33.37256311108906,0.48868778280542985,36.21870387964818,28.746145616588926
987,664126,"Fairbanks, Pete",987,100,0.201,0.147,0.241,0.348,0.269,0.273,0.22,45,224,89.5,13.6,2453,92.1,92.44,130,499,488,0.30000000000001137,6.42,110,147,116,148,299,322,294,"5.724","-5.724","68.7","7.3",244,166,27,10,1,7,59,24.2,18,7.4,2.11314,0.59986,-0.13558,-0.05701,"91.4",152,43.03030303030303,4.848484848484849,3.278688524590164,7,0.01,0.04,2.47,0.263,8,"-0.57993921",0.282,0.331,"0.57993921",-0.019,-0.01899999999999996,0.017,-0.004,26.1,"58.5",9.522557364854231,-0.3587044203339288,30.493034083952608,0.5657620041753654,37.17803893525903,29.493002064673018
986,666974,"Cano, Yennier",992,99.4,0.284,0.138,0.344,0.422,0.342,0.296,0.235,62,218,86.8,5.1,2092,92.5,91.59,105,446,540,-0.9000000000000057,5.92,111,148,116,147,300,322,297,"-5.222","5.222","70.2","7.2",251,170,47,7,1,7,53,21.1,24,9.6,2.67733,0.018,0.86394,-0.03477,"91.9",122,35.294117647058826,4.705882352941177,3.187250996015936,5.54,-2.33,0,2.05,0.36,8,"0.529614604",0.318,0.343,"-0.529614604",0.049,0.04199999999999998,0.079,0.046,23.5,"17.0",8.300246152351669,-0.31743818293968956,33.910004440460156,0.5427251732101617,36.70205230405273,28.789013988963077
980,623437,"Topa, Justin",990,99,0.281,0.095,0.342,0.376,0.311,0.324,0.285,68,242,88.7,7.1,2292,89.2,88.36,84,463,517,-0.7999999999999972,5.77,114,147,116,149,298,327,292,"-0.885","0.885","69.9","7.1",268,197,49,17,0,2,49,18.3,18,6.7,2.75169,0.14277,0.38937,0.0621,"92.5",142,44.89795918367347,5.612244897959184,4.104477611940299,4.99,-2.48,0.12,2.33,0.338,11,"0.090306122",0.345,0.393,"-0.090306122",-0.004,-0.006999999999999951,-0.017,-0.013,18.1,"10.4",6.697436068449551,1.8120867747759437,32.80566661649991,0.45045045045045046,36.81434315947528,27.916330495437872
979,664854,"Helsley, Ryan",994,98.5,0.275,0.162,0.344,0.437,0.336,0.305,0.242,61,222,90.3,11.2,2469,93.2,93.62,153,519,460,0.3999999999999915,6.58,112,148,118,149,299,325,300,"-4.968","4.968","67.7","7.3",252,163,41,12,0,8,63,25,25,9.9,2.02465,0.64264,-0.08628,-0.05176,"91.9",157,41.717791411042946,7.361963190184049,4.761904761904762,6.13,-0.24,0.06,2.13,0.347,12,"0.507456588",0.319,0.384,"-0.507456588",0.033,0.02799999999999997,0.053,0.031,29.5,"62.1",10.12236120732013,-4.10624413389636,32.54803825858423,0.4651639344262295,36.93068226833784,31.50863312430163
979,657585,"Garrett, Reed",987,99.2,0.223,0.128,0.296,0.351,0.292,0.291,0.228,47,211,87.6,12.2,2293,91.7,91.42,135,443,536,-0.29999999999999716,6.15,112,148,118,149,299,325,294,"7.195","-7.195","70.0","7.4",238,147,30,12,0,5,64,26.9,26,10.9,2.31064,0.42471,0.30603,0.01231,"91.8",135,40.816326530612244,4.761904761904762,2.941176470588235,5.63,-2.3,-0.09,2.07,0.311,7,"-0.734933606",0.316,0.338,"0.734933606",-0.005,-0.0050000000000000044,0.013,0.001,30.5,"33.8",11.048869104021787,-2.7380549999014523,33.95836636075052,0.5024154589371981,36.51588835667106,31.73716194489899
978,657097,"Webb, Jacob",986,99.2,0.202,0.156,0.222,0.358,0.27,0.274,0.216,49,243,85.8,22.3,2424,88,87.66,138,500,478,-0.29999999999999716,6.38,113,150,113,149,296,324,297,"8.217","-8.217","69.4","7.3",267,188,31,8,0,10,58,21.7,19,7.1,2.14691,0.85894,0.59056,-0.18813,"91.1",168,34.946236559139784,5.913978494623656,4.119850187265917,5.56,-2.81,0,2.3,0.264,11,"-0.840184049",0.278,0.348,"0.840184049",-0.014,-0.014000000000000012,0.01,-0.004,27.6,"34.2",11.722647515048623,-3.9058717785135606,31.99044543691716,0.4762886597938144,38.086291923267986,32.130310854863794
978,643511,"Rogers, Tyler",978,100,0.229,0.073,0.261,0.302,0.241,0.254,0.247,66,288,85.4,-3.2,2088,81.1,80.14,85,534,444,-1,6.07,116,149,118,148,294,320,292,"21.761","-21.761","68.3","6.8",299,242,54,7,1,4,48,16.1,7,2.3,4.06782,-0.51448,-0.14151,-0.12089,"91.4",119,33.33333333333333,2.083333333333333,1.6722408026755853,1.33,-3.81,-0.02,2.26,0.248,5,"-2.225051125",0.268,0.307,"2.225051125",-0.018,-0.020000000000000018,-0.005,-0.013,15.9,"-60.6",-0.015146224964814868,10.160845717934851,34.03096853388935,0.27091633466135456,37.867872735340555,24.041103503830765
974,621051,"Wilson, Steven",982,99.2,0.239,0.134,0.272,0.373,0.296,0.299,0.235,50,209,89.6,24.9,2509,86.3,86.56,115,464,510,0.29999999999999716,6.6,107,149,117,146,298,317,294,"2.013","-2.013","69.1","7.3",241,165,36,7,0,7,51,21.2,22,9.1,2.55676,0.56495,-0.49095,-0.48116,"91.4",179,36.36363636363637,5.454545454545454,3.7344398340248963,5.87,-2.32,0.16,2.28,0.311,9,"-0.206673511",0.311,0.372,"0.206673511",0.004,0,0.001,-0.003,24.8,"47.7",11.210892075395988,-5.188915711882068,30.838145305500447,0.5164835164835165,38.968495014964866,32.666641633928656
972,695243,"Miller, Mason",981,99.1,0.139,0.109,0.245,0.248,0.225,0.249,0.158,28,202,86.9,14.9,2468,94.9,95.4,219,485,487,0.5,6.72,114,149,120,149,302,325,297,"17.114","-17.114","66.2","7.1",234,101,18,3,2,5,104,44.4,28,12,1.89909,0.69395,0.07311,-0.05008,"90.8",185,38,10,4.273504273504273,6.15,-1.82,0.2,2.6,0.246,10,"-1.760699588",0.266,0.276,"1.760699588",-0.019,-0.020000000000000018,-0.028,-0.024,45.2,"35.0",8.920098033698288,0.1368155210526821,30.38191484415947,0.3924050632911392,37.970868460965185,29.136764949622368
972,676395,"Garcia, Robert",981,99.1,0.24,0.132,0.299,0.372,0.295,0.301,0.235,58,242,87.5,11.7,2131,90.9,90.85,142,496,476,-0.10000000000000853,6.48,111,150,112,148,296,323,297,"7.468","-7.468","70.0","7.2",269,178,42,8,0,8,68,25.3,22,8.2,2.17045,0.62399,0.70319,-0.36965,"91.4",164,34.26966292134831,7.865168539325842,5.204460966542751,5.65,3.71,0.28,2.31,0.305,14,"-0.768312757",0.301,0.39,"0.768312757",0.005,0.0040000000000000036,-0.018,-0.006,28.6,"26.2",7.374292620462511,3.885768926267001,31.97723455262482,0.5071283095723014,38.6315585922523,27.490362879596265
970,661563,"Gil, Luis",970,100,0.226,0.139,0.256,0.365,0.311,0.342,0.258,47,208,90.5,21.3,2342,92,92.87,92,427,543,0.9000000000000057,6.85,112,148,122,152,292,324,289,"-0.088","0.088","70.6","7.1",244,169,28,14,0,5,41,16.8,33,13.5,1.80387,0.90965,0.23164,-0.07435,"92.2",174,42.60355029585799,8.284023668639055,5.737704918032787,5.59,-2.99,0.04,2.57,0.332,14,"0.009072165",0.359,0.413,"-0.009072165",-0.032,-0.02699999999999997,-0.048,-0.031,21.5,"34.6",8.659458472943843,0.08813562886070264,30.325807733856287,0.5,37.446391033942234,29.7280346526952
968,572955,"Johnson, Pierce",979,98.9,0.242,0.158,0.291,0.4,0.302,0.296,0.231,52,215,89.6,17.7,2769,88.3,87.53,112,428,540,-0.7999999999999972,5.72,111,149,116,149,302,323,296,"2.449","-2.449","68.9","7.2",238,159,35,8,1,8,59,24.8,19,8,2.84626,0.08522,-0.22277,-0.05207,"91.7",168,42.76729559748428,8.80503144654088,5.88235294117647,6.2,-1.88,0.07,2.36,0.303,14,"-0.252995868",0.296,0.387,"0.252995868",0.011,0.007000000000000006,0.013,0.006,26.2,"39.2",8.082469777503997,0.7271741988932982,32.85735576819825,0.5165876777251185,36.894743541827054,29.521934472450955
967,669371,"Henry, Cole",969,99.8,0.219,0.148,0.261,0.367,0.328,0.326,0.213,43,196,88.4,23.3,2531,89.5,89.99,106,414,553,0.5,6.65,111,149,121,149,302,323,299,"-1.262","1.262","68.6","7.1",241,146,28,8,0,7,52,21.6,32,13.3,2.19743,0.70979,0.40797,-0.10921,"91.9",160,36.986301369863014,7.534246575342466,4.564315352697095,5.32,-2.09,0.23,2.54,0.358,11,"0.130506722",0.356,0.36,"-0.130506722",0.006,0.0020000000000000018,0.007,0.002,25.6,"22.6",9.31764731168499,-0.8471005225853165,30.324590741746402,0.5450121654501217,36.12797595284319,29.637194567962187
964,605540,"Woodruff, Brandon",964,100,0.188,0.142,0.245,0.331,0.252,0.231,0.172,45,239,87.9,24.6,2263,90.1,90.4,136,487,477,0.30000000000001137,6.47,115,149,122,151,305,325,299,"10.972","-10.972","69.1","7.0",257,156,29,7,0,9,83,32.3,14,5.4,1.75776,1.07275,0.5863,-0.08382,"91.0",171,35.6687898089172,7.006369426751593,4.280155642023346,5.95,-1.41,-0.04,2.38,0.242,11,"-1.138174274",0.227,0.292,"1.138174274",0.016,0.014999999999999986,0.039,0.021,27.9,"43.9",7.270647308541241,1.1947970861383388,32.38401233535947,0.46487603305785125,37.045677936316146,28.506009502998193
964,694335,"Svanson, Matt",965,99.9,0.16,0.087,0.216,0.248,0.225,0.274,0.203,33,206,88.3,9.9,2265,92.7,93.2,98,425,539,0.5,6.59,111,148,116,149,301,322,296,"15.57","-15.57","68.7","6.8",234,142,23,5,2,3,68,29.1,20,8.5,2.10741,0.56679,0.30296,0.14007,"91.4",171,35.91549295774648,8.450704225352112,5.128205128205128,5.71,-1.59,0.14,2.49,0.244,12,"-1.615145228",0.283,0.33,"1.615145228",-0.043,-0.03899999999999998,-0.082,-0.049,23.1,"31.7",4.473118662125574,6.687117693030787,32.416074359850384,0.4156479217603912,36.59843166654633,25.06385511107692
964,628452,"Iglesias, Raisel",974,99,0.206,0.146,0.257,0.352,0.266,0.276,0.214,51,247,88.6,20.5,2273,92,91.78,154,499,465,-0.20000000000000284,6.18,115,149,120,150,303,323,298,"11.668","-11.668","69.9","7.3",267,175,31,12,0,8,73,27.3,17,6.4,1.90276,0.81032,0.89063,-0.12182,"91.8",178,35.26011560693642,8.670520231213873,5.617977528089887,5.47,-1.91,0,2.22,0.262,15,"-1.210373444",0.269,0.371,"1.210373444",-0.008,-0.007000000000000006,-0.019,-0.01,30.9,"30.7",9.466280850348905,-0.8033250194306136,33.697406664471,0.45134575569358176,37.43361078708946,29.671284346081475
963,668674,"Erceg, Lucas",976,98.7,0.238,0.101,0.286,0.339,0.283,0.304,0.251,54,227,88.9,8,2029,92.6,92.94,116,469,494,0.30000000000001137,6.5,112,148,124,150,294,322,293,"8.137","-8.137","69.5","7.1",249,179,40,9,1,4,48,19.3,18,7.2,2.06434,0.62861,0.78595,-0.08798,"92.0",146,37.640449438202246,7.303370786516854,5.220883534136546,5.98,-1.86,-0.02,2.27,0.305,13,"-0.844963655",0.317,0.381,"0.844963655",-0.013,-0.01200000000000001,-0.042,-0.021,24.7,"41.4",7.973904692052667,1.9467282356138345,33.14727534094631,0.3877995642701525,36.52313599876603,28.46214909162202
957,656234,"Bird, Jake",975,98.2,0.276,0.161,0.361,0.438,0.34,0.306,0.239,60,217,88.6,8.6,2548,87,86.53,118,420,537,-0.5,5.87,110,147,117,146,301,330,301,"-2.081","2.081","68.1","7.3",248,154,40,12,1,7,66,26.6,25,10.1,2.973,0.06865,-0.46613,-0.12691,"92.3",139,42.857142857142854,8.441558441558442,5.241935483870968,5.21,-2.77,-0.02,2.23,0.355,13,"0.217450366",0.325,0.371,"-0.217450366",0.037,0.02999999999999997,0.067,0.034,28.1,"17.5",10.712846846712614,-5.037762977780669,33.65049213559524,0.45454545454545453,37.548061779516296,32.532115288866606
946,669724,"Hanifee, Brenan",955,99.1,0.267,0.111,0.308,0.379,0.299,0.312,0.273,65,243,90.5,4.1,2073,93.5,93.25,69,428,518,-0.29999999999999716,6.14,113,149,114,148,299,328,294,"-2.19","2.19","69.9","7.1",260,204,46,14,2,3,40,15.4,14,5.4,2.26447,0.35418,0.97118,0.28868,"92.9",127,45.04950495049505,6.9306930693069315,5.384615384615385,5.51,-2.71,0.01,2.19,0.312,14,"0.231501057",0.317,0.405,"-0.231501057",-0.006,-0.0050000000000000044,-0.026,-0.013,16.1,"32.2",5.929232598578246,4.1782433850689396,33.40422685915679,0.46190476190476193,35.8395670215435,25.82017351758589
940,687064,"Young, Brandon",941,99.9,0.291,0.23,0.318,0.522,0.372,0.319,0.244,67,230,88.6,12.4,2125,87.9,88.33,98,453,487,0.3999999999999915,6.57,113,147,116,149,299,325,302,"-14.6","14.6","70.6","7.2",256,187,38,17,0,12,47,18.4,22,8.6,2.38112,0.62381,0.09364,-0.1466,"92.1",154,42.24598930481284,10.16042780748663,7.421875,6.02,-0.75,0.19,2.34,0.35,19,"1.553191489",0.308,0.43,"-1.553191489",0.047,0.04199999999999998,0.092,0.053,21.6,"48.9",10.13188332667847,-1.2394092559929095,31.387668175569157,0.5276497695852534,37.27467971832715,30.794333562891666
934,570632,"Ureña, José",938,99.6,0.263,0.189,0.278,0.452,0.342,0.391,0.298,57,217,88.7,14.7,2077,91.8,91.52,89,450,484,-0.29999999999999716,6.22,113,148,119,149,302,326,298,"-6.017","6.017","71.1","7.4",245,185,33,15,1,8,34,13.9,23,9.4,1.96531,0.76653,0.973,-0.20923,"92.5",155,40,12.972972972972974,9.795918367346939,5.67,-2.65,-0.02,2.15,0.34,24,"0.644218415",0.374,0.538,"-0.644218415",-0.035,-0.033999999999999975,-0.086,-0.049,19.8,"29.5",12.04603189521198,-5.721423055524516,33.783428963070584,0.5148741418764302,37.348380453781104,31.32510885763921
934,671212,"Boyle, Joe",936,99.8,0.221,0.154,0.282,0.374,0.312,0.31,0.221,43,195,91.1,15.1,2494,94.9,95.65,119,410,524,0.6999999999999886,6.53,110,148,116,149,297,324,296,"-1.419","1.419","70.7","7.2",226,137,25,12,0,6,58,25.7,28,12.4,1.82484,0.70151,0.4437,-0.09225,"92.4",159,45.98540145985402,10.218978102189782,6.1946902654867255,5.81,-1.25,-0.08,2.53,0.327,14,"0.151927195",0.328,0.368,"-0.151927195",0,-0.0010000000000000009,0.006,0.002,29,"32.1",7.3060255326493415,2.5880810323516643,31.040565777204364,0.49504950495049505,37.25964365546461,27.068569308310114
932,607481,"Bummer, Aaron",946,98.5,0.25,0.123,0.314,0.373,0.31,0.318,0.269,51,204,89.1,2.2,2292,85.8,85.92,92,402,530,0.10000000000000853,6.41,109,148,117,148,300,323,296,"1.046","-1.046","67.5","7.1",236,156,34,12,2,3,51,21.6,18,7.6,3.23655,-0.10223,-0.08273,0.13363,"92.1",115,39.35483870967742,3.225806451612903,2.11864406779661,5.24,2.21,-0.28,2.04,0.339,5,"-0.11223176",0.356,0.371,"0.11223176",-0.019,-0.01699999999999996,0.002,-0.008,22.9,"10.7",7.352649935058463,-2.7618528356450076,34.20262350604875,0.4205128205128205,35.313316547854726,30.501868626272778
931,690928,"Dobbins, Hunter",936,99.5,0.257,0.143,0.296,0.401,0.31,0.31,0.245,61,237,89.3,9.5,2374,89.5,89.76,95,433,498,0.29999999999999716,6.45,111,149,115,148,285,323,298,"-0.409","0.409","69.4","7.2",256,192,40,14,1,6,45,17.6,17,6.6,2.39522,0.50213,-0.16462,-0.1233,"92.4",154,42.10526315789473,6.842105263157896,5.078125,6.06,-1.88,0.08,2.23,0.313,13,"0.043931257",0.302,0.413,"-0.043931257",0.012,0.01100000000000001,-0.012,0,21.9,"49.1",9.327784039242811,0.17721679083832995,31.348670876764917,0.4846335697399527,37.468525129866705,28.837323796127933
921,642100,"Speier, Gabe",925,99.6,0.192,0.134,0.271,0.326,0.247,0.245,0.188,43,224,89,14.8,2178,91.8,91.15,148,479,442,-0.7000000000000028,5.96,111,147,116,145,289,319,293,"12.936","-12.936","69.1","7.0",243,145,25,11,2,5,82,33.7,11,4.5,2.03296,0.71022,0.69961,0.03561,"91.6",159,40.689655172413794,8.96551724137931,5.349794238683128,5.34,1.88,0,2.43,0.243,13,"-1.404560261",0.243,0.304,"1.404560261",0.004,0,0.022,0.002,30.9,"27.8",6.5067273483618076,3.034997691395657,31.65683313265026,0.42948717948717946,36.462844703524496,27.334710260505354
919,680767,"Vodnik, Victor",927,99.1,0.239,0.133,0.301,0.372,0.308,0.317,0.236,45,188,91,4.1,2211,95.2,96.24,107,404,515,1,6.71,115,148,119,148,299,330,301,"2.474","-2.474","69.8","7.1",215,140,29,11,1,4,49,22.8,26,12.1,1.87555,0.64394,0.52981,-0.2806,"92.6",156,48.92086330935252,8.633093525179856,5.5813953488372094,5.33,-2.02,0,2.25,0.33,12,"-0.269205658",0.33,0.391,"0.269205658",0.003,0,-0.019,-0.009,26.5,"40.7",5.500076099448268,4.32224301526289,32.37717739450721,0.39185750636132316,37.7253070963758,26.307440786887195
917,547973,"Chapman, Aroldis",920,99.7,0.132,0.066,0.2,0.198,0.177,0.225,0.177,28,212,88.3,19.4,2293,96.1,97.82,188,525,392,1.7000000000000028,7.32,108,149,115,146,290,320,288,"23.224","-23.224","69.2","7.0",228,128,20,5,0,3,85,37.3,15,6.6,1.30348,1.19309,0.34197,-0.27764,"90.7",179,36.71875,5.46875,3.070175438596491,6.19,0.31,-0.04,2.61,0.189,7,"-2.532606325",0.231,0.273,"2.532606325",-0.045,-0.04200000000000001,-0.075,-0.048,35.8,"52.4",7.024369731731798,1.9148719392252491,30.365523316062934,0.47244094488188976,37.27885825967542,27.14690464270256
916,656222,"Beeks, Jalen",924,99.1,0.202,0.139,0.231,0.341,0.271,0.305,0.239,42,208,87.9,11.9,2163,91.3,91.59,125,451,465,0.29999999999999716,6.52,109,148,119,148,300,321,300,"9.392","-9.392","70.6","7.1",231,162,25,11,0,6,47,20.3,20,8.7,1.75376,1.00453,0.76879,-0.23864,"91.9",157,39.50617283950617,10.493827160493826,7.35930735930736,5.94,1.06,-0.12,2.35,0.277,17,"-1.025327511",0.311,0.387,"1.025327511",-0.037,-0.033999999999999975,-0.046,-0.034,27.7,"47.9",8.249489736303397,0.412907532546264,31.649967769880515,0.45871559633027525,36.817497451708114,29.66599515515092
911,656945,"Scott, Tanner",919,99.1,0.254,0.207,0.299,0.46,0.332,0.318,0.25,54,213,89.8,17.1,2589,92.9,92.98,150,509,402,0.09999999999999432,6.21,109,151,120,148,299,317,294,"-1.646","1.646","69.6","7.2",237,156,34,7,2,11,60,25.3,17,7.2,1.87159,0.77628,0.05061,-0.03527,"92.1",162,42.30769230769231,8.974358974358974,5.9071729957805905,5.24,2.49,-0.28,2.24,0.318,14,"0.180680571",0.317,0.414,"-0.180680571",0.004,0.0010000000000000009,0.046,0.014,29.5,"34.7",8.142769207251211,-2.6405847006489034,32.35959684958385,0.4534412955465587,34.52832898817394,29.736538037636684
908,806188,"Gibson, Cade",917,99,0.219,0.1,0.263,0.318,0.279,0.306,0.249,44,201,87.2,6.8,2585,84.7,83.91,86,386,522,-0.7999999999999972,5.94,109,147,115,148,300,321,293,"6.948","-6.948","68.9","7.2",230,160,31,9,1,3,43,18.7,21,9.1,3.31924,-0.07694,0.0621,-0.16508,"91.6",127,37.5,5.625,3.91304347826087,5.84,1.37,-0.22,2.28,0.31,9,"-0.765198238",0.338,0.348,"0.765198238",-0.03,-0.028000000000000025,-0.03,-0.027,22.3,"35.0",9.00172061433255,-0.6723197778242839,32.79731571398738,0.4708994708994709,37.14510501943702,30.359315635235635
902,527048,"Pérez, Martín",904,99.8,0.198,0.149,0.221,0.347,0.278,0.349,0.251,40,202,87.9,15.4,1997,85.4,85.05,80,382,520,-0.4000000000000057,6.04,105,150,117,145,297,320,296,"6.252","-6.252","71.0","7.4",228,160,23,10,1,6,44,19.3,22,9.6,2.39351,0.75355,0.74076,-0.34435,"92.5",159,39.375,15,10.526315789473683,5.68,1.12,0.1,2.3,0.281,24,"-0.693126386",0.33,0.474,"0.693126386",-0.053,-0.04899999999999999,-0.127,-0.071,20.9,"46.5",11.443231502403355,-4.187262590270346,33.645949468637106,0.5066666666666667,36.159934257759154,31.84521934952485
899,657612,"Hill, Tim",912,98.6,0.231,0.131,0.242,0.363,0.274,0.288,0.244,58,251,89.6,-2.1,2064,88.4,88.46,80,487,412,0.09999999999999432,6.6,113,149,119,150,289,314,284,"4.789","-4.789","69.9","6.7",269,215,41,9,0,8,37,13.8,16,5.9,3.34826,-0.39962,1.30598,-0.00258,"92.6",114,45.32710280373832,7.943925233644859,6.319702602230483,3.03,3.96,0.45,2.42,0.276,17,"-0.532703003",0.289,0.38,"0.532703003",-0.013,-0.012999999999999956,-0.017,-0.014,16.4,"-24.3",1.7946823953602307,10.38550279041706,32.41334824089453,0.3547008547008547,36.628495546210296,23.93537857297348
896,472610,"García, Luis",914,98,0.271,0.123,0.342,0.394,0.32,0.327,0.266,55,203,90.2,4.1,2084,90.3,90.72,105,436,460,0.4000000000000057,6.55,112,148,120,148,300,320,298,"1.362","-1.362","69.1","7.2",233,159,36,15,2,2,48,20.6,26,11.2,2.2702,0.56944,0.33258,-0.244,"92.4",133,48.42767295597484,7.547169811320755,5.150214592274678,6.21,-2.13,0.1,1.97,0.351,12,"-0.152008929",0.349,0.413,"0.152008929",0.005,0.0020000000000000018,-0.019,-0.007,24.1,"44.0",9.835199579995558,-1.7184167321121357,33.42770774250231,0.46172248803827753,36.9146607826846,31.025959290456353
894,573124,"Rogers, Taylor",899,99.4,0.247,0.189,0.299,0.437,0.329,0.315,0.236,47,190,89.3,12.9,2511,85.3,84.27,92,396,498,-1,5.73,112,150,119,150,296,321,293,"-5.95","5.95","68.3","7.2",221,142,26,13,1,7,53,24,23,10.4,2.87039,0.35244,0.00735,-0.10956,"92.1",155,44.680851063829785,9.929078014184398,6.334841628959276,5.64,1.91,-0.43,2.39,0.332,14,"0.665548098",0.324,0.398,"-0.665548098",0.011,0.008000000000000007,0.039,0.014,23.2,"29.4",9.653915797522004,-4.510427135053236,32.24149561260698,0.40512820512820513,35.81607109902775,32.757134271266615
886,694462,"Waldrep, Hurston",887,99.9,0.222,0.084,0.288,0.305,0.276,0.308,0.253,45,203,88.7,6.3,1768,89.6,89.75,113,396,490,0.20000000000000284,6.32,113,148,118,151,307,323,298,"7.844","-7.844","70.2","7.5",229,149,34,8,0,3,55,24,22,9.6,2.59235,0.26442,0.25956,-0.08396,"92.4",128,40.55944055944056,4.195804195804196,2.6200873362445414,6.21,-0.82,-0.06,2.15,0.306,6,"-0.885327314",0.336,0.353,"0.885327314",-0.031,-0.030000000000000027,-0.048,-0.032,28.5,"55.6",12.012740472083681,-5.2600593955968975,32.58802129712251,0.46236559139784944,36.63403888886646,33.26375781150582
882,701581,"Festa, David",882,100,0.24,0.181,0.275,0.422,0.322,0.342,0.247,49,204,89.7,19.5,2258,90.5,91.51,124,452,430,1,6.94,116,148,119,150,297,327,293,"0.496","-0.496","70.0","7.4",229,153,32,7,0,10,53,23.1,19,8.3,1.92067,0.87876,0.48268,-0.06917,"92.1",160,40.52287581699346,11.76470588235294,7.860262008733625,6,-2.27,-0.04,2.2,0.316,18,"-0.056235828",0.323,0.469,"0.056235828",-0.007,-0.007000000000000006,-0.047,-0.02,27.4,"49.7",11.963534711848354,-3.4998284904878374,32.26922369943207,0.5349887133182845,37.35760333803843,31.850339916455287
877,695549,"Jobe, Jackson",877,100,0.249,0.173,0.277,0.422,0.337,0.339,0.245,46,185,88.5,12.1,2444,90.9,90.33,95,385,492,-0.6000000000000085,5.99,112,148,113,149,297,330,296,"-2.265","2.265","69.4","7.3",218,150,29,9,1,7,39,17.9,27,12.4,2.15777,0.63635,0.37257,0.08878,"92.2",158,43.333333333333336,8.666666666666668,5.963302752293578,5.81,-1.88,-0.06,2.24,0.347,13,"0.258266819",0.344,0.429,"-0.258266819",0.004,0.0030000000000000027,-0.007,-0.002,24.7,"43.2",10.757199738453513,-4.414995710930393,31.732849865552982,0.5648648648648649,36.56593321645829,31.20673396594586
874,664076,"Cleavinger, Garrett",874,100,0.184,0.157,0.244,0.341,0.271,0.279,0.206,40,217,87.7,10.6,2519,91.2,90.95,156,433,441,-0.20000000000000284,5.99,106,149,114,147,300,321,292,"9.301","-9.301","68.9","7.2",243,136,25,5,1,9,82,33.7,18,7.4,2.32979,0.42834,0.23209,-0.10068,"92.2",153,41.48148148148148,5.9259259259259265,3.292181069958848,5.23,1.17,-0.18,2.34,0.267,8,"-1.064187643",0.291,0.326,"1.064187643",-0.022,-0.023999999999999966,0.015,-0.008,36,"31.6",8.327384179947641,0.8577904227141268,31.66959090625984,0.4375,35.76603511641183,29.48232387793189
869,445276,"Jansen, Kenley",878,99,0.175,0.146,0.196,0.321,0.246,0.3,0.215,37,212,90.4,24.7,2566,91.9,92.75,125,484,385,0.7999999999999972,6.9,110,146,117,148,305,327,302,"10.074","-10.074","70.9","7.1",234,157,23,5,1,8,57,24.4,19,8.1,1.31028,1.41111,-0.17458,-0.05463,"91.9",185,44.5859872611465,8.9171974522293,5.982905982905983,6.34,-2.17,-0.12,2.66,0.245,14,"-1.159263521",0.282,0.418,"1.159263521",-0.04,-0.03699999999999998,-0.097,-0.054,25.8,"52.6",9.118137963426863,0.02226842307553259,30.706756649723694,0.5324675324675324,36.001905710438905,29.27336892276253
865,664199,"Clarke, Taylor",865,100,0.194,0.163,0.208,0.357,0.256,0.298,0.241,38,196,89.3,13.5,2203,90.8,90.91,96,412,453,0.10000000000000853,6.22,114,149,125,151,294,322,293,"10.655","-10.655","69.6","7.3",206,152,23,6,1,8,44,21.4,9,4.4,2.18268,0.58374,0.41579,-0.12549,"92.1",154,40.78947368421053,7.894736842105263,5.825242718446602,6.05,-0.87,0.18,2.24,0.233,12,"-1.231791908",0.278,0.413,"1.231791908",-0.047,-0.04500000000000001,-0.056,-0.042,23.3,"44.3",11.902716594102102,-5.054433500644534,32.96654593019383,0.5643564356435643,36.31899960891134,32.18174653801007
862,605452,"Ross, Joe",863,99.9,0.282,0.213,0.308,0.495,0.356,0.374,0.291,57,202,88.2,10.4,2118,91.9,92.56,98,438,424,0.6999999999999886,6.75,108,147,117,147,296,319,289,"-8.82","8.82","69.6","7.0",228,168,31,17,1,8,39,17.1,18,7.9,2.08519,0.63477,0.44913,-0.01206,"92.4",159,43.452380952380956,11.904761904761903,8.771929824561402,5.82,-2.18,0.29,2.52,0.344,20,"1.023201856",0.356,0.512,"-1.023201856",-0.009,-0.01200000000000001,-0.017,-0.018,22.4,"34.6",7.166647960200209,2.7396538889276245,32.42113919554545,0.498812351543943,36.25306054186505,27.316692856261184
861,668984,"Legumina, Casey",869,99.1,0.247,0.158,0.31,0.405,0.325,0.302,0.22,47,190,90.2,16.5,2357,91.2,91.78,105,427,434,0.5999999999999943,6.74,112,146,117,145,288,320,296,"-2.508","2.508","68.4","6.7",219,137,31,9,0,7,55,25.1,25,11.4,1.96866,0.81492,0.9395,-0.1248,"91.6",172,43.79562043795621,8.75912408759124,5.47945205479452,4.64,-2.18,-0.02,2.74,0.339,12,"0.291289199",0.316,0.369,"-0.291289199",0.027,0.02300000000000002,0.036,0.023,24.6,"17.0",4.743900740205805,7.413321566313815,30.835330644174434,0.40384615384615385,36.44025137589701,24.360100981239814
859,689254,"Fluharty, Mason",875,98.2,0.193,0.139,0.238,0.332,0.271,0.281,0.207,36,187,85.8,15.1,2754,86.6,87.23,127,398,461,0.6000000000000085,6.73,109,147,116,147,288,319,291,"7.783","-7.783","68.8","7.2",215,133,22,8,0,6,56,26,24,11.2,2.50221,0.5722,-0.74214,-0.06494,"91.4",162,33.08270676691729,7.518796992481203,4.651162790697675,5.67,3.33,-0.14,2.51,0.29,10,"-0.906053551",0.304,0.341,"0.906053551",-0.014,-0.014000000000000012,-0.009,-0.01,31.9,"32.6",9.9246150604273,-0.7981528275573595,30.45083771150873,0.49743589743589745,39.06163786736953,30.224707700102005
859,682254,"Montgomery, Mason",859,100,0.277,0.158,0.391,0.435,0.354,0.329,0.245,49,177,87.6,11,2400,95.7,96.56,157,439,420,0.8999999999999915,6.78,104,147,115,146,301,322,294,"-11.223","11.223","69.1","6.9",209,118,33,10,0,6,63,30.1,27,12.9,1.43386,1.07616,0.31708,-0.10751,"91.5",160,39.31623931623932,9.401709401709402,5.263157894736842,5.82,1.45,-0.33,2.57,0.372,11,"1.306519208",0.346,0.396,"-1.306519208",0.032,0.026000000000000023,0.039,0.025,35.8,"52.3",5.091607472125439,5.183147856873947,32.41108298267523,0.3911007025761124,35.73289147272815,25.556193006872167
854,669060,"Wilson, Bryse",854,100,0.335,0.235,0.344,0.57,0.41,0.42,0.339,67,200,90.2,15.7,2120,88.2,88.35,67,401,453,0.09999999999999432,6.48,108,149,120,148,296,317,293,"-18.556","18.556","69.9","7.0",224,174,44,10,2,11,28,12.5,19,8.5,2.33705,0.62604,0.47924,-0.06457,"92.6",167,45.664739884393065,10.982658959537572,8.482142857142858,5.81,-2.57,-0.05,2.39,0.395,19,"2.172833724",0.403,0.569,"-2.172833724",-0.004,-0.008000000000000007,0.001,-0.01,16.7,"39.7",7.993001363482842,2.74252326777554,32.859656993015925,0.4897435897435897,36.53900455707165,28.342197164247267
847,623352,"Hader, Josh",851,99.5,0.158,0.185,0.208,0.342,0.249,0.219,0.151,29,184,86.5,28.6,2393,90.2,90.25,189,467,380,0,6.62,111,150,117,147,301,329,301,"12.641","-12.641","67.7","7.4",206,111,11,10,0,8,76,36.9,16,7.8,2.0096,0.8711,0.36091,-0.17978,"90.5",177,34.234234234234236,8.108108108108109,4.368932038834951,5.56,3.13,-0.11,2.32,0.232,9,"-1.49244392",0.226,0.264,"1.49244392",0.007,0.006000000000000005,0.078,0.03,40.5,"28.6",11.286503087902393,-5.698503076139663,31.20351435035794,0.48123620309050774,36.25087044078957,31.734075471214965
846,640448,"Finnegan, Kyle",855,98.9,0.221,0.127,0.277,0.348,0.273,0.277,0.228,45,204,89.3,11,1787,92.4,92.99,104,423,423,0.5999999999999943,6.64,112,148,119,149,302,328,303,"9.302","-9.302","70.5","7.2",229,154,30,8,3,4,55,24,18,7.9,1.75639,0.93709,0.77513,-0.09426,"91.9",156,42.857142857142854,7.792207792207792,5.240174672489083,5.69,-2.09,-0.08,2.31,0.283,12,"-1.099527187",0.293,0.33,"1.099527187",-0.007,-0.010000000000000009,0.018,-0.004,24.6,"50.0",9.260910307252605,-1.1660508713794098,31.593264705912073,0.5085158150851582,36.15433977109471,29.405688397888547
845,683232,"Mears, Nick",849,99.5,0.213,0.157,0.229,0.371,0.266,0.322,0.262,42,197,89.6,16.5,2391,91.2,91.87,116,464,381,0.7000000000000028,6.71,113,148,120,149,304,327,299,"6.079","-6.079","67.9","7.2",222,161,27,6,2,7,46,20.7,14,6.3,1.99696,0.77026,0.13733,-0.01235,"91.7",178,43.125,10.625,7.657657657657657,6.24,-1.69,0.14,2.37,0.258,17,"-0.719408284",0.307,0.452,"0.719408284",-0.049,-0.04899999999999999,-0.081,-0.056,25,"55.3",9.611038523305721,-1.1213640265787224,30.77142647870114,0.516629711751663,38.06914996461769,30.090247256381478
841,642152,"Trivino, Lou",843,99.8,0.258,0.14,0.288,0.399,0.323,0.345,0.254,46,178,85.5,19.5,2186,89.8,89.98,98,390,451,0.20000000000000284,6.38,110,149,119,148,296,320,294,"-1.422","1.422","70.1","7.3",207,146,34,5,1,6,37,17.9,18,8.7,2.27658,0.58773,0.28541,-0.17686,"91.2",153,30.82191780821918,9.58904109589041,6.763285024154589,6.07,-1.28,0.04,2.47,0.34,14,"0.169084423",0.344,0.437,"-0.169084423",0.004,-0.003999999999999948,-0.038,-0.022,25.1,"34.8",9.944736823448375,-2.818733501602317,31.534828358570383,0.5800524934383202,37.83732127654057,30.478142562028115
841,694037,"Palencia, Daniel",845,99.5,0.224,0.138,0.298,0.362,0.284,0.283,0.227,44,196,89.1,13.7,2274,96.5,97.02,118,429,412,0.5,6.63,114,150,117,152,297,320,299,"7.133","-7.133","68.1","6.8",215,136,30,6,3,5,61,28.4,16,7.4,1.51633,0.96018,0.70927,-0.05513,"91.5",176,48.529411764705884,4.411764705882353,2.7906976744186047,5.55,-1.2,0.03,2.79,0.288,6,"-0.848156956",0.291,0.354,"0.848156956",-0.003,-0.0030000000000000027,0.008,0.001,27.5,"34.4",6.607914160120721,4.606070277165431,30.33883044618229,0.475177304964539,36.49438377366304,26.78324281388504
840,641401,"Brogdon, Connor",853,98.5,0.253,0.247,0.283,0.5,0.341,0.306,0.227,45,178,88.7,20.3,2185,89.3,90.19,121,413,427,0.9000000000000057,7.03,109,147,115,148,306,326,301,"-7.728","7.728","68.6","7.3",199,132,24,9,1,11,49,24.6,18,9,2.0389,0.87213,0.9164,-0.14515,"91.6",179,40.15151515151515,12.878787878787879,8.542713567839195,5.7,-2.77,-0.12,2.27,0.318,17,"0.92",0.296,0.428,"-0.92",0.026,0.02200000000000002,0.072,0.035,29.3,"30.6",10.564416335339116,-3.344255095320106,32.463340460690205,0.46782178217821785,37.911005135887095,31.05483686795212
839,656457,"Gilbert, Tyler",853,98.4,0.215,0.14,0.263,0.355,0.291,0.313,0.225,40,186,89.3,19.4,2227,86.3,85.66,103,393,446,-0.5999999999999943,5.94,109,149,116,147,296,317,295,"6.172","-6.172","69.1","7.1",215,140,24,11,0,5,49,22.8,24,11.2,2.67452,0.42002,0.44276,-0.32922,"91.7",170,41.007194244604314,10.071942446043165,6.511627906976744,4.89,3.21,-0.06,2.46,0.31,14,"-0.735637664",0.321,0.397,"0.735637664",-0.01,-0.01100000000000001,-0.042,-0.022,26.2,"10.8",8.138256077143758,1.8927112154427657,31.49450041755869,0.5039370078740157,37.62551663741422,29.232024374188867
839,573204,"Thielbar, Caleb",842,99.6,0.186,0.127,0.226,0.314,0.236,0.245,0.201,38,204,87.5,19.7,2446,85.6,85.44,112,417,422,-0.19999999999998863,6.22,113,150,116,152,299,320,298,"13.785","-13.785","69.0","7.3",220,151,23,9,1,5,56,25.5,13,5.9,2.81297,0.37795,-0.27456,-0.08391,"91.3",159,31.788079470198678,6.622516556291391,4.545454545454546,6.15,0.09,-0.15,2.27,0.232,10,"-1.643027414",0.247,0.316,"1.643027414",-0.015,-0.014999999999999986,-0.002,-0.009,26.9,"55.6",11.161660654248543,-4.352299305916737,30.1928254409205,0.5679611650485437,37.51714702906936,32.18855591637624
834,680755,"Fisher, Braydon",839,99.4,0.181,0.102,0.248,0.282,0.248,0.284,0.208,32,177,87.6,16.4,2369,87.9,86.84,109,364,470,-1.1000000000000085,5.66,109,147,117,147,293,322,291,"8.426","-8.426","67.9","7.3",202,118,22,6,0,4,62,30.7,19,9.4,3.00098,-0.01771,-0.13996,-0.01409,"91.6",160,36.440677966101696,7.627118644067797,4.455445544554455,6.47,0.27,0.25,2.61,0.269,9,"-1.010311751",0.293,0.345,"1.010311751",-0.027,-0.023999999999999966,-0.063,-0.036,29.9,"49.1",11.813192069082664,-3.9803061947406606,30.49811651083713,0.5484764542936288,37.259582399644216,32.108709205383136
833,657514,"Bernardino, Brennan",855,97.4,0.205,0.058,0.255,0.263,0.256,0.289,0.213,39,190,86.7,8.7,2263,85.5,84.29,70,363,470,-1.2000000000000028,5.61,110,147,115,146,285,320,293,"9.537","-9.537","68.8","7.2",225,151,30,8,0,1,43,19.1,27,12,2.88357,0.28904,0.38337,-0.07041,"91.8",133,36,7.333333333333333,4.888888888888889,5.04,3.05,-0.09,2.17,0.309,11,"-1.144897959",0.321,0.324,"1.144897959",-0.008,-0.01200000000000001,-0.061,-0.033,19.3,"17.6",8.071119985239156,-0.56627606581345,34.91186249824383,0.4491525423728814,37.37464446036561,29.7973698603735
832,643410,"Leiter Jr., Mark",832,100,0.289,0.137,0.374,0.426,0.343,0.299,0.235,57,197,86.8,13.4,1687,86,86.39,110,378,454,0.4000000000000057,6.67,110,146,116,149,289,320,286,"-5.177","5.177","69.1","7.3",219,144,41,10,1,5,54,24.7,17,7.8,3.0004,0.1876,0.44895,-0.07179,"91.6",142,33.56643356643357,5.594405594405594,3.65296803652968,5.79,-1.03,-0.07,2.01,0.356,8,"0.622235577",0.309,0.358,"-0.622235577",0.054,0.046999999999999986,0.068,0.044,29.1,"50.1",11.976777814515446,-7.022557286028945,31.501266274972743,0.5205479452054794,37.00006607955514,34.89234167877948
826,668964,"Myers, Tobias",826,100,0.269,0.129,0.306,0.398,0.315,0.322,0.265,54,201,89.6,15.2,2107,88.8,89.62,90,421,405,0.7999999999999972,6.77,112,148,121,149,303,324,298,"-0.041","0.041","69.8","7.2",220,165,39,9,1,5,38,17.3,15,6.8,1.80893,1.1055,0.21388,-0.08011,"92.1",169,44.84848484848485,6.666666666666667,5,5.89,-0.85,0.08,2.5,0.323,11,"0.00496368",0.32,0.42,"-0.00496368",0.004,0.0030000000000000027,-0.022,-0.007,21.4,"60.7",10.152720470348143,-1.8840456643337578,30.28957600728869,0.5132530120481927,37.28500625819142,30.464491098522156
822,666374,"Brash, Matt",828,99.3,0.236,0.103,0.327,0.339,0.288,0.28,0.225,41,174,84.9,5.6,2618,89.2,89.12,107,346,476,-0.10000000000000853,6.37,112,147,115,146,292,320,297,"5.15","-5.15","68.8","7.3",199,121,31,6,0,4,58,29.1,18,9,2.78748,0.11418,-0.3026,-0.11633,"91.4",126,30.833333333333336,5.833333333333333,3.5175879396984926,5.26,-2.66,0.34,2.31,0.313,7,"-0.626520681",0.304,0.33,"0.626520681",0.011,0.009000000000000008,0.009,0.008,30.9,"29.7",10.263978872978404,-1.887296995537959,32.153541173260926,0.4808259587020649,38.2875739331486,30.00708469995129
821,806960,"Morales, Luis",821,100,0.212,0.184,0.233,0.397,0.297,0.323,0.239,38,179,89,18.9,2618,91.4,90.63,85,361,460,-0.8000000000000114,6,111,147,119,147,304,327,297,"2.013","-2.013","70.0","7.3",199,137,23,5,2,8,43,21.6,18,9,2.02934,0.76741,0.00829,-0.29024,"91.7",177,41.911764705882355,11.029411764705882,7.537688442211055,5.68,-2.01,0.1,2.44,0.286,15,"-0.245188794",0.311,0.43,"0.245188794",-0.027,-0.025000000000000022,-0.033,-0.026,23.5,"39.2",9.747066399559468,-2.2865149507995883,30.556282177796835,0.5014084507042254,38.43549788767737,30.245157135975006
817,670036,"Festa, Matt",823,99.3,0.221,0.101,0.282,0.322,0.268,0.29,0.234,44,199,85.5,11.8,2561,88.5,88.78,115,421,396,0.29999999999999716,6.37,111,147,121,148,295,320,299,"3.233","-3.233","68.3","6.8",226,150,33,6,1,4,56,24.8,15,6.6,2.36891,0.56218,-0.50071,-0.05244,"91.1",158,34,6,3.982300884955752,5.09,-2.07,0.17,2.65,0.288,9,"-0.395716034",0.306,0.337,"0.395716034",-0.013,-0.018000000000000016,-0.015,-0.022,27.3,"32.9",4.734520867597197,4.5865640449540725,32.36589969566027,0.4320388349514563,36.35007141818998,26.141262743810152
817,663941,"Beck, Tristan",817,100,0.223,0.156,0.241,0.379,0.286,0.327,0.263,47,211,89.9,14.4,2439,87.9,88.58,92,401,416,0.6999999999999886,6.79,112,149,121,149,295,324,298,"4.493","-4.493","70.0","7.3",232,173,30,8,2,7,41,17.7,16,6.9,2.70129,0.29773,-0.35365,-0.05424,"92.2",155,38.372093023255815,8.720930232558139,6.4655172413793105,5.97,-2.44,0.16,2.37,0.28,15,"-0.5499388",0.322,0.428,"0.5499388",-0.04,-0.04199999999999998,-0.049,-0.041,22.9,"43.0",10.10356212395283,-1.124919208416805,32.20219918783174,0.5292620865139949,37.80151800525288,30.537032353569003
816,458677,"Wilson, Justin",832,98.1,0.262,0.104,0.363,0.366,0.309,0.298,0.24,48,183,88.4,12.1,2226,91.4,91.07,132,414,402,-0.30000000000001137,6.15,109,148,113,147,285,319,293,"3.005","-3.005","70.1","7.1",207,128,35,10,0,3,57,27.5,20,9.7,1.74775,1.00209,0.15373,-0.0107,"91.2",153,35.9375,7.03125,4.3478260869565215,6.37,1.19,-0.24,2.22,0.34,9,"-0.368259804",0.32,0.361,"0.368259804",0.022,0.020000000000000018,0.005,0.011,31.9,"51.6",7.157286598225512,3.3238882392341926,33.28620864008265,0.49876543209876545,36.30326147321925,26.488248559879448
814,687888,"Walter, Brandon",815,99.9,0.225,0.196,0.254,0.422,0.288,0.282,0.24,46,204,85.8,12,2270,86,86.46,101,411,403,0.5,6.59,108,150,117,147,304,328,296,"5.722","-5.722","70.5","7.3",212,153,27,8,1,10,52,24.5,4,1.9,2.75995,0.36218,0.25757,-0.16778,"91.8",145,38.81578947368421,7.236842105263158,5.188679245283019,5.5,2.29,0.07,2.35,0.251,11,"-0.702948403",0.265,0.388,"0.702948403",-0.015,-0.014000000000000012,0.034,0.006,24.6,"26.9",10.048858646851942,-2.830118874820705,32.65945412907335,0.4325,35.83745875428573,32.211267437414286
808,678495,"Rodríguez, Randy",808,100,0.187,0.099,0.268,0.286,0.239,0.249,0.189,34,182,87,17.7,2718,92.4,92.81,125,402,406,0.3999999999999915,6.58,110,147,116,146,294,323,295,"9.29","-9.29","68.6","7.2",198,116,24,6,0,4,67,33.8,11,5.6,1.77614,0.93452,-0.15067,0.01798,"91.1",159,36.52173913043478,7.82608695652174,4.545454545454546,5.52,-2.65,0.03,2.35,0.247,9,"-1.149752475",0.251,0.302,"1.149752475",-0.002,-0.0040000000000000036,-0.016,-0.01,31.1,"39.6",9.29007775918698,-2.5276057138836188,32.7716702658303,0.46365914786967416,36.74727580478526,29.648469898505596
800,519141,"Pomeranz, Drew",805,99.4,0.21,0.094,0.275,0.304,0.265,0.29,0.218,38,181,89.6,16.8,2563,90.6,89.9,98,400,400,-0.6999999999999886,5.79,109,150,117,151,299,320,297,"6.816","-6.816","68.9","6.9",203,126,31,2,0,5,57,28.1,15,7.4,1.90745,0.87976,-0.00556,0.02323,"91.6",170,42.857142857142854,8.73015873015873,5.41871921182266,6.22,2.37,0.06,2.67,0.287,11,"-0.852",0.296,0.357,"0.852",-0.008,-0.009000000000000008,-0.053,-0.025,24.5,"39.3",6.141076914303559,5.235479141516532,31.02726121159807,0.5140664961636828,36.43672744480267,25.415510162258286
794,669854,"Blanco, Ronel",794,100,0.21,0.17,0.244,0.381,0.292,0.276,0.2,37,176,84.2,17,2118,87,87.56,121,378,416,0.5999999999999943,6.83,111,150,117,148,299,324,297,"3.214","-3.214","69.5","7.6",199,131,21,9,0,7,48,24.1,20,10.1,2.29706,0.76918,0.09249,-0.14052,"90.9",158,30.53435114503817,8.396946564885496,5.527638190954774,5.97,-1.85,0.21,2.47,0.288,11,"-0.404785894",0.279,0.344,"0.404785894",0.01,0.008999999999999952,0.037,0.016,32,"45.5",14.200225019090714,-8.87939184008444,30.858709619876205,0.5365853658536586,38.953289377722975,34.908597444596964
792,518585,"Cruz, Fernando",793,99.9,0.192,0.128,0.292,0.32,0.281,0.287,0.201,33,172,86.8,16.3,1399,85.1,86.09,158,340,452,1,6.97,111,149,121,151,291,320,285,"5.556","-5.556","66.5","7.8",200,101,21,7,0,5,72,36,24,12,2.7442,0.45456,0.45464,0.16627,"92.1",148,38.613861386138616,8.91089108910891,4.5,6.02,-2.24,0.04,1.92,0.3,9,"-0.701515152",0.308,0.324,"0.701515152",-0.009,-0.008000000000000007,-0.004,-0.006,46.5,"48.7",16.537998481779994,-18.34668642315459,32.124489402113326,0.41916167664670656,36.43700452426303,41.119998456689935
788,672391,"Ort, Kaleb",793,99.4,0.213,0.183,0.25,0.396,0.316,0.288,0.191,35,164,89.3,17.1,2395,92.1,91.57,107,366,422,-0.5,6.24,109,148,119,147,300,328,300,"-1.656","1.656","69.7","7.2",194,116,21,6,0,8,49,25.3,27,13.9,1.78008,0.96085,0.19693,-0.12953,"91.4",166,37.93103448275862,7.758620689655173,4.639175257731959,5.86,-2.59,0.14,2.49,0.323,9,"0.210152284",0.304,0.34,"-0.210152284",0.022,0.019000000000000017,0.056,0.028,29.2,"41.7",9.837671015468368,-0.31024893721707864,29.70037855634747,0.48324022346368717,37.314229448862996,29.574173060620016
788,676917,"Cavalli, Cade",790,99.7,0.289,0.157,0.331,0.447,0.347,0.315,0.262,57,197,87.4,3.5,2265,92.5,92.81,109,391,397,0.29999999999999716,6.54,111,148,116,150,301,325,296,"-5.007","5.007","70.0","7.1",219,158,41,8,1,7,40,18.3,15,6.8,2.40332,0.29237,0.35571,-0.07352,"92.5",140,42.038216560509554,4.45859872611465,3.1963470319634704,6.18,-2.36,-0.01,2.29,0.35,7,"0.635406091",0.326,0.387,"-0.635406091",0.027,0.023999999999999966,0.06,0.032,27.9,"43.9",7.808661230536723,1.6681034034664537,33.160305867079195,0.47643979057591623,36.25165935150483,27.833287255713557
786,669674,"Long, Sam",790,99.5,0.291,0.176,0.328,0.467,0.369,0.345,0.265,48,165,87.5,14.2,2273,87.3,86.84,69,362,424,-0.5,6.01,108,148,122,148,294,318,292,"-9.138","9.138","68.6","7.1",189,132,33,8,0,7,33,17.5,22,11.6,2.59959,0.44427,0.29124,-0.08682,"91.6",165,42.42424242424242,8.333333333333332,5.82010582010582,5.88,1.75,-0.06,2.37,0.381,11,"1.16259542",0.358,0.428,"-1.16259542",0.026,0.02300000000000002,0.039,0.024,19.1,"48.6",8.872425434045763,-1.4076857247204086,31.7956869009261,0.480225988700565,36.337653587564255,30.867371833370445
783,669622,"Bender, Anthony",793,98.7,0.177,0.099,0.213,0.276,0.245,0.294,0.22,32,181,89.1,8.2,2590,88.4,87.33,67,325,458,-1.1000000000000085,5.73,109,148,117,149,299,317,291,"9.404","-9.404","69.2","7.3",204,139,21,7,1,3,42,20.6,21,10.3,2.80901,0.15292,-0.24927,-0.22267,"92.5",142,44.60431654676259,7.194244604316546,4.901960784313726,5.54,-1.95,0.06,2.27,0.27,10,"-1.201021711",0.308,0.356,"1.201021711",-0.043,-0.03799999999999998,-0.08,-0.049,20.6,"16.5",9.53422608769456,-1.4614869450114827,32.89962951283197,0.4890282131661442,37.184599516017805,30.658596757678577
782,667463,"King, John",782,100,0.316,0.15,0.333,0.466,0.357,0.337,0.292,65,206,89.3,-0.5,2271,89.6,89.09,78,392,390,-0.5,5.96,109,148,117,147,298,322,296,"-11.725","11.725","68.8","7.1",222,180,50,7,0,8,28,12.6,14,6.3,2.74848,0.11379,0.86228,-0.25366,"92.7",118,43.82022471910113,5.056179775280898,4.054054054054054,5.59,1.98,0.19,2.07,0.357,9,"1.499360614",0.336,0.437,"-1.499360614",0.024,0.020999999999999963,0.029,0.02,19.9,"28.7",6.375466172973683,5.564354519062857,35.540679270470854,0.4424083769633508,36.405696683933655,27.350114337609536
782,592426,"Jackson, Luke",802,97.5,0.225,0.088,0.259,0.313,0.286,0.32,0.242,41,182,89.7,6.6,2321,89.1,89.71,83,365,417,0.6000000000000085,6.76,114,149,116,148,295,325,295,"3.659","-3.659","70.3","7.4",219,150,33,4,0,4,38,17.4,28,12.8,2.74855,0.14904,0.12867,0.07149,"92.7",134,44.29530201342282,6.7114093959731544,4.5662100456621,6.32,-2.26,-0.04,2.18,0.333,10,"-0.467902813",0.349,0.391,"0.467902813",-0.017,-0.01599999999999996,-0.078,-0.034,22.7,"51.1",10.408717562736976,-2.4517362963492166,32.621320173636335,0.5710227272727273,37.212787078784935,30.95164442635487
779,471911,"Carrasco, Carlos",779,100,0.316,0.244,0.338,0.56,0.393,0.354,0.287,61,193,89.9,16.1,2027,86.6,87.41,80,355,424,0.8000000000000114,6.72,113,148,118,151,294,321,288,"-14.071","14.071","70.2","7.4",212,161,35,15,1,10,34,16,17,8,2.69534,0.36108,0.36867,-0.096,"93.0",151,43.67088607594937,10.759493670886076,8.018867924528301,5.88,-1.29,-0.02,2.06,0.368,17,"1.806290116",0.348,0.46,"-1.806290116",0.029,0.020000000000000018,0.1,0.039,22.5,"34.5",12.353427985128853,-7.109161757572732,33.22993138814397,0.5389048991354467,37.011684580829325,33.71504685909016
777,676755,"Mattson, Isaac",786,98.9,0.203,0.11,0.246,0.314,0.264,0.282,0.211,35,172,87.9,23.6,2271,92,92.66,92,396,381,0.7000000000000028,6.74,109,146,115,148,290,310,293,"7.102","-7.102","68.5","6.7",198,132,24,7,0,4,45,22.7,19,9.6,1.36878,1.34455,0.62293,-0.13437,"91.1",189,39.39393939393939,6.0606060606060606,4.040404040404041,6.03,-1.35,-0.1,2.74,0.286,8,"-0.914028314",0.292,0.353,"0.914028314",-0.008,-0.006000000000000005,-0.039,-0.018,23.2,"49.4",4.398583322733144,5.580441298730866,30.73344833663741,0.41968911917098445,36.13659316407433,25.525403415211443
773,689017,"Knack, Landon",773,100,0.247,0.241,0.268,0.488,0.35,0.364,0.267,40,162,91.6,17.3,2293,88.2,87.6,76,352,421,-0.6000000000000085,5.94,112,150,124,150,296,317,296,"-4.407","4.407","70.6","7.3",185,122,22,7,1,10,42,22.7,19,10.3,2.17818,0.78602,0.42997,-0.15894,"92.3",176,49.18032786885246,15.573770491803279,10.27027027027027,5.79,-1,0.04,2.53,0.33,19,"0.570116429",0.351,0.491,"-0.570116429",-0.02,-0.020999999999999963,-0.003,-0.014,21.6,"54.3",11.12388761007616,-3.029357010353696,30.746196837106567,0.5261627906976745,37.58928841860384,30.53883198961752
768,552640,"Kittredge, Andrew",772,99.5,0.211,0.16,0.272,0.371,0.266,0.258,0.211,41,194,90.3,7.4,2491,91.9,92.6,122,409,359,0.6999999999999886,6.6,113,149,117,149,301,322,299,"9.507","-9.507","69.5","7.5",208,133,26,6,2,7,64,30.8,11,5.3,2.21008,0.48983,0.23133,-0.02219,"92.0",133,44.696969696969695,6.8181818181818175,4.326923076923077,5.88,-1.71,0.04,1.87,0.251,9,"-1.237890625",0.253,0.341,"1.237890625",0,-0.0020000000000000018,0.03,0.008,29.8,"40.9",10.637950876430164,-3.845435051998589,33.75101724893487,0.5475,37.54770236602771,32.192608140349876
766,688158,"Morgan, David",770,99.5,0.208,0.119,0.272,0.327,0.287,0.303,0.227,35,168,91.1,10.8,2376,92.4,91.78,97,380,386,-0.6000000000000085,6.03,117,150,122,150,303,325,300,"3.548","-3.548","68.9","7.1",193,118,24,6,1,4,50,25.9,23,11.9,2.33683,0.38614,0.30445,0.19623,"91.7",148,46.15384615384615,7.6923076923076925,4.66321243523316,5.35,-2.18,0.05,2.44,0.311,9,"-0.463185379",0.328,0.347,"0.463185379",-0.019,-0.017000000000000015,-0.02,-0.016,25.5,"32.4",7.8355490949928654,-1.5175694063220093,32.153855863580674,0.4543010752688172,36.77211890253753,29.025792038386577
765,695505,"Burns, Chase",765,100,0.24,0.17,0.364,0.409,0.311,0.291,0.222,41,171,89.1,14.4,2615,95.4,95.54,128,401,364,0.09999999999999432,6.4,112,149,118,149,296,323,291,"1.167","-1.167","69.8","7.4",188,105,23,12,1,5,67,35.6,16,8.5,1.57348,0.95386,0.09916,-0.1363,"91.2",182,45.714285714285715,9.523809523809524,5.319148936170213,6.44,-1.68,0.1,2.45,0.305,10,"-0.15254902",0.288,0.37,"0.15254902",0.018,0.017000000000000015,0.039,0.02,31.9,"51.8",8.652259754010363,1.1995229677050385,32.42509648657421,0.4708860759493671,38.530866166289584,26.91139611627466
765,665660,"Alvarado, Elvis",767,99.7,0.214,0.157,0.272,0.371,0.305,0.303,0.222,34,159,89.9,16.7,2359,95.1,94.18,121,359,406,-0.8999999999999915,5.93,111,148,120,148,301,326,295,"-0.605","0.605","70.0","7.3",183,109,21,7,0,6,50,27.3,22,12,1.72226,0.83418,0.87561,0.03251,"92.1",174,46.788990825688074,8.256880733944955,4.918032786885246,5.66,-2.44,0.12,2.41,0.317,9,"0.079084967",0.324,0.355,"-0.079084967",-0.008,-0.007000000000000006,0.016,0.002,33.7,"18.6",8.802890895147497,-0.8583538636330095,32.424249402687146,0.49714285714285716,36.50498224766195,27.958260082019986
762,489446,"Yates, Kirby",762,100,0.239,0.277,0.293,0.516,0.354,0.32,0.232,38,159,87.8,17.8,1858,89.9,89.48,138,391,371,-0.4000000000000057,6.1,112,150,122,149,300,317,294,"-5.643","5.643","70.9","7.2",179,108,12,17,0,9,52,29.1,18,10.1,2.17349,0.66983,1.08021,0.3178,"91.7",174,42.592592592592595,12.962962962962962,7.82122905027933,5.15,-2.53,-0.02,2.12,0.318,14,"0.740551181",0.312,0.419,"-0.740551181",0.007,0.006000000000000005,0.097,0.034,35.3,"19.0",7.875165206158159,-0.13176762317825322,33.70174037145941,0.42063492063492064,35.655125624331475,29.415049603954248
759,672578,"Hernández, Carlos",761,99.7,0.286,0.114,0.343,0.4,0.338,0.358,0.275,50,175,88.5,16.6,2114,92.7,93.7,101,380,379,1,6.93,111,146,118,147,295,321,291,"-3.918","3.918","69.0","7.1",203,140,38,8,0,4,39,19.2,22,10.8,1.747,0.94219,0.46206,-0.10174,"91.8",177,38.57142857142858,11.428571428571429,7.8817733990147785,6.01,-1.77,0.03,2.43,0.368,16,"0.516205534",0.362,0.461,"-0.516205534",0.011,0.006000000000000005,-0.061,-0.02,26.6,"41.3",8.99232971183858,-1.3984589718566225,30.452715979217956,0.4592391304347826,36.15816972544507,30.30715781567835
758,676617,"O'Brien, Riley",767,98.8,0.196,0.077,0.254,0.274,0.27,0.296,0.234,33,168,84.6,4.5,2344,92.5,93.74,84,342,416,1.2000000000000028,6.95,109,148,113,148,300,323,296,"8.92","-8.92","67.7","7.1",199,125,25,5,1,2,45,22.6,22,11.1,2.40532,0.29044,0.25082,0.13227,"91.5",130,34.67741935483871,3.225806451612903,2.0100502512562812,5.49,-1.74,0.14,2.2,0.313,4,"-1.176781003",0.347,0.301,"1.176781003",-0.038,-0.033999999999999975,-0.027,-0.026,24.6,"28.9",8.361318337881523,1.072553396265728,32.64746130194554,0.45151515151515154,36.69604003577124,29.320500987018967
756,700669,"Graceffo, Gordon",756,100,0.286,0.171,0.353,0.457,0.34,0.325,0.276,50,175,92.8,10.6,2305,90.6,90.56,84,363,393,0,6.34,109,147,117,147,299,322,296,"-4.582","4.582","68.9","7.0",193,138,29,14,5,2,40,20.7,13,6.7,2.47168,0.34376,0.16953,-0.01545,"92.7",161,53.62318840579711,7.246376811594203,5.181347150259067,6.12,-1.54,0.05,2.15,0.337,10,"0.606084656",0.329,0.418,"-0.606084656",0.01,0.008000000000000007,0.039,0.015,23.1,"51.9",7.973678778025212,2.6374971050501115,32.31993408706113,0.4857142857142857,36.49532869662072,29.532199870181525
753,660271,"Ohtani, Shohei",753,100,0.227,0.085,0.325,0.313,0.249,0.246,0.213,40,176,86.1,13.2,2458,91.6,92.32,122,375,378,0.7000000000000028,6.64,110,150,122,149,298,321,295,"11.761","-11.761","69.2","7.2",187,117,31,6,0,3,62,33.2,8,4.3,2.24197,0.52338,-0.06839,-0.14102,"91.4",156,31.03448275862069,3.4482758620689653,2.13903743315508,5.73,-2.27,0.24,2.15,0.257,4,"-1.56188579",0.247,0.312,"1.56188579",0.014,0.010000000000000009,0.001,0.003,32.5,"35.4",8.655820789779085,-2.2035789422939898,32.62903718851589,0.3923705722070845,36.389757758979584,31.42738659444402
753,656730,"Megill, Trevor",765,98.4,0.209,0.116,0.295,0.326,0.259,0.28,0.223,36,172,89.4,12.3,2610,94.6,94.97,116,369,384,0.4000000000000057,6.62,116,149,120,150,303,327,300,"8.307","-8.307","66.7","7.1",192,115,22,11,0,3,60,31.3,17,8.9,1.83412,0.75166,0.10123,-0.02067,"91.6",176,39.130434782608695,7.82608695652174,4.6875,6.52,-0.11,0.04,2.23,0.276,9,"-1.103187251",0.291,0.357,"1.103187251",-0.014,-0.014999999999999958,-0.031,-0.021,31.4,"53.8",6.5686656910166565,2.0419571228467728,31.718666103278863,0.4638888888888889,37.36260848207862,27.36683042606907
750,682120,"Herrin, Tim",756,99.2,0.239,0.148,0.296,0.387,0.339,0.325,0.226,37,155,88.3,14.5,2352,87.9,87.92,92,313,437,0,6.38,109,149,122,148,298,319,295,"-4.755","4.755","68.0","7.5",194,113,24,8,0,5,45,23.2,30,15.5,2.74416,0.25814,0.03411,0.17094,"92.2",154,42.857142857142854,5.357142857142857,3.0927835051546393,5.78,1.98,-0.07,2.09,0.376,6,"0.634",0.368,0.347,"-0.634",0.013,0.008000000000000007,0.04,0.014,29.4,"31.2",11.4092746665765,-5.559845772055766,33.31217732187208,0.45394736842105265,37.05720558125288,32.965692182422764
749,656557,"Houck, Tanner",749,100,0.318,0.212,0.338,0.531,0.395,0.374,0.295,57,179,91,6.8,2306,89.7,89.08,72,333,416,-0.6000000000000085,6.06,112,148,114,148,290,318,294,"-13.226","13.226","69.6","7.2",203,149,39,8,0,10,32,15.8,17,8.4,2.92678,-0.04984,0.41163,-0.01849,"93.2",139,46.308724832214764,8.053691275167784,5.911330049261084,5.5,-2.53,-0.1,2.3,0.389,12,"1.765821095",0.373,0.483,"-1.765821095",0.023,0.016000000000000014,0.048,0.021,21.6,"20.3",9.51112298778572,-0.4850354666230086,32.916449872199685,0.5236593059936908,36.03525766570032,29.819768999821342
746,661403,"Clase, Emmanuel",754,98.9,0.256,0.089,0.326,0.344,0.285,0.277,0.231,46,180,87.8,12.6,2570,95.8,96.64,130,405,341,0.7999999999999972,6.68,114,148,123,149,296,315,292,"5.48","-5.48","69.4","7.0",201,138,35,8,1,2,47,23.4,12,6,1.72546,0.77553,-0.43678,-0.13346,"91.5",159,38.405797101449274,5.072463768115942,3.482587064676617,5.99,-0.92,0.2,2.2,0.31,7,"-0.73458445",0.293,0.335,"0.73458445",0.025,0.017000000000000015,0.009,0.008,32.1,"51.3",4.5201084417692,4.764470292488199,33.22045734892506,0.41475826972010177,36.59970599876764,26.006601422386144
742,676961,"Boushley, Caleb",743,99.9,0.305,0.153,0.374,0.458,0.356,0.365,0.308,54,177,90.4,11.9,2293,88.4,87.78,65,313,429,-0.6000000000000085,5.92,113,150,116,149,296,321,296,"-8.861","8.861","70.3","7.3",193,136,37,12,0,5,41,21.2,14,7.3,2.24635,0.70497,0.49912,0.03614,"92.5",159,50,11.76470588235294,8.290155440414509,5.91,-1.87,0.08,2.32,0.363,16,"1.194204852",0.366,0.48,"-1.194204852",-0.003,-0.0030000000000000027,-0.022,-0.009,20.8,"43.1",9.54568148672971,1.4589365108418066,31.551080465743215,0.5344262295081967,38.554516846989934,28.96652043685273
741,608650,"Enns, Dietrich",757,97.9,0.273,0.148,0.341,0.421,0.318,0.288,0.252,50,183,86.3,12.4,1821,88.9,88.89,109,401,340,0,6.28,110,149,116,147,298,321,295,"-0.295","0.295","69.2","7.0",200,136,36,7,1,6,49,24.5,15,7.5,2.12184,0.79593,0.49578,-0.20241,"91.0",155,36.029411764705884,4.411764705882353,3,6.3,1.82,-0.04,2.49,0.327,6,"0.039811066",0.307,0.362,"-0.039811066",0.021,0.020000000000000018,0.059,0.03,27.2,"48.9",6.741307937668914,3.7025444681022113,31.833154603757983,0.43765903307888043,36.675648414047,27.1968393200176
739,690997,"McLean, Nolan",740,99.9,0.2,0.094,0.275,0.294,0.259,0.293,0.229,34,170,89.5,2.8,2534,89.1,88.89,89,313,426,-0.19999999999998863,6.44,111,149,120,150,300,326,300,"8.318","-8.318","70.0","7.1",188,113,26,4,0,4,57,30.3,16,8.5,2.89191,0.0522,-0.0376,0.0336,"92.3",130,43.36283185840708,7.964601769911504,4.787234042553192,5.16,-3.69,-0.13,2.32,0.277,9,"-1.125575101",0.303,0.357,"1.125575101",-0.029,-0.025999999999999968,-0.063,-0.034,28.4,"27.4",6.702195637666435,4.615500256092633,34.698266228268615,0.43042071197411,35.94220856633783,27.709305510405862
735,690916,"Fitts, Richard",735,100,0.251,0.205,0.262,0.456,0.337,0.358,0.268,43,171,90.3,11.4,2401,90.8,91.22,99,391,344,0.4000000000000057,6.63,110,148,115,148,291,322,294,"-6.49","6.49","68.4","7.0",195,134,30,2,0,11,40,20.5,16,8.2,2.19418,0.61059,-0.07529,-0.04843,"92.0",158,48.87218045112782,12.781954887218044,8.717948717948717,6.02,-2.04,0.12,2.45,0.323,17,"0.882993197",0.344,0.476,"-0.882993197",-0.017,-0.020999999999999963,-0.02,-0.021,25.3,"52.6",6.967529987070105,2.285673373673566,31.263247016265026,0.5300261096605744,37.10452585902258,28.04759751595255
728,656986,"Sousa, Bennett",728,100,0.204,0.127,0.275,0.331,0.261,0.266,0.201,37,181,88.6,15.3,2303,89.6,89.76,142,386,342,0.20000000000000284,6.48,110,147,116,146,299,327,300,"8.685","-8.685","68.6","7.6",199,125,22,11,0,4,59,29.6,15,7.5,2.29014,0.59208,-0.04131,-0.00048,"92.3",155,37.096774193548384,8.064516129032258,5.025125628140704,6.35,1.13,0.06,2.16,0.263,10,"-1.192994505",0.263,0.328,"1.192994505",0.003,0,0.003,-0.005,36.8,"54.5",13.660636545583811,-9.614655474762417,32.457214441372074,0.48677248677248675,36.83500776837059,35.30680049342276
727,680742,"Bowlan, Jonathan",727,100,0.23,0.168,0.282,0.398,0.305,0.302,0.225,37,161,86.3,9.6,2305,90.6,91.24,118,350,377,0.6000000000000085,6.65,112,146,123,148,293,322,293,"5.33","-5.33","68.3","7.0",180,117,22,9,0,6,46,25.6,17,9.4,2.18629,0.62447,0.32486,0.00809,"91.5",158,36.75213675213676,9.401709401709402,6.111111111111111,6.17,-2.57,0.02,2.41,0.302,11,"-0.733149931",0.298,0.39,"0.733149931",0.005,0.0040000000000000036,0.008,0.003,33.7,"41.1",7.427194758662655,3.8924665510046474,32.10066950581578,0.5029239766081871,37.076860946681855,27.603669144583638
725,681892,"Funderburk, Kody",730,99.3,0.275,0.094,0.35,0.369,0.321,0.297,0.244,44,160,89.4,6.2,2286,89.5,90.73,65,304,421,1.2000000000000028,7.09,113,148,116,149,296,328,291,"2.043","-2.043","68.5","6.9",183,122,33,9,0,2,40,21.9,18,9.8,2.44567,0.43189,0.35218,-0.15204,"91.7",138,42.62295081967213,4.918032786885246,3.278688524590164,5.73,2.43,-0.23,2.45,0.355,6,"-0.281793103",0.329,0.338,"0.281793103",0.031,0.025999999999999968,0.031,0.024,21.4,"32.0",4.460890929933805,9.000949809378334,32.07723251499205,0.43356643356643354,37.45557575442805,24.759263763340886
724,669438,"Englert, Mason",725,99.9,0.251,0.094,0.315,0.345,0.285,0.318,0.273,43,171,91.3,12.3,2270,88.8,88.79,91,363,361,0,6.27,109,147,119,149,299,324,296,"6.864","-6.864","71.1","7.5",185,128,35,4,0,4,44,23.8,11,5.9,2.55427,0.36568,0.55582,0.06954,"93.0",153,46.875,9.375,6.486486486486487,5.89,-1.34,0.09,2.32,0.299,12,"-0.948066298",0.32,0.408,"0.948066298",-0.022,-0.02100000000000002,-0.063,-0.033,25.1,"40.4",12.240903346232972,-3.170007789171961,33.2018374342429,0.5042735042735043,37.313715784397836,32.065093507233996
720,690953,"Abel, Mick",720,100,0.274,0.191,0.318,0.465,0.351,0.347,0.272,43,157,91.3,15.9,2481,91.3,92.05,91,358,362,0.7999999999999972,6.77,113,148,118,150,293,323,292,"-2.574","2.574","69.4","7.0",174,118,31,2,2,8,39,22.4,16,9.2,2.2414,0.53282,0.30851,0.00083,"91.9",169,49.152542372881356,8.47457627118644,5.747126436781609,5.64,-1.69,-0.04,2.53,0.345,10,"0.3575",0.343,0.452,"-0.3575",0.002,0.0019999999999999463,0.013,0.004,25.4,"28.5",8.601273414225275,0.2108043185595997,31.129836889887137,0.484149855907781,36.352915003709285,28.037115954697335
719,543056,"Coulombe, Danny",720,99.9,0.205,0.083,0.261,0.288,0.261,0.304,0.242,32,156,86.1,16.5,2521,86.2,85.6,101,364,355,-0.6000000000000085,5.91,110,148,116,148,297,324,294,"6.842","-6.842","70.1","7.3",176,115,25,4,0,3,43,24.4,18,10.2,2.67082,0.41994,-0.19057,0.1677,"91.5",144,38.26086956521739,5.217391304347826,3.4090909090909087,6.09,-0.62,-0.46,2.31,0.286,6,"-0.951599444",0.319,0.368,"0.951599444",-0.037,-0.03300000000000003,-0.08,-0.043,27.7,"57.1",10.657569100099376,-4.2107751285619885,32.21210108788632,0.5254237288135594,34.83026624033106,31.978118992830716
719,594902,"Lively, Ben",720,99.9,0.233,0.16,0.25,0.393,0.302,0.326,0.247,38,163,92.1,20.4,1982,86.4,87.28,55,339,380,0.8999999999999915,6.87,111,148,120,149,294,318,298,"3.039","-3.039","71.0","7.1",178,134,24,8,0,6,29,16.3,15,8.4,2.1946,0.89705,0.48884,-0.07096,"92.1",178,44.776119402985074,10.44776119402985,7.865168539325842,5.12,-1.38,0.1,2.6,0.298,14,"-0.422670376",0.311,0.443,"0.422670376",-0.014,-0.013000000000000012,-0.05,-0.024,16.2,"36.9",6.861981868176267,1.974127259729958,29.759756639448444,0.48623853211009177,38.4095390288938,29.649484302973153
717,678226,"Hernández, Daysbel",723,99.2,0.206,0.107,0.253,0.313,0.31,0.318,0.207,27,131,88.3,9.4,2516,92.4,92.08,90,308,409,-0.30000000000001137,6.03,112,149,121,150,300,323,297,"-1.344","1.344","69.2","7.2",163,99,19,5,0,3,33,20.2,29,17.8,2.0506,0.63493,0.1948,0.01161,"91.5",164,37.37373737373738,9.090909090909092,5.521472392638037,5.94,-1.43,0.28,2.2,0.358,9,"0.187447699",0.359,0.335,"-0.187447699",-0.001,-0.0010000000000000009,-0.022,-0.008,29.2,"40.8",7.599220407976394,2.066835556910434,32.4467077787672,0.42524916943521596,36.94060186201067,28.435861178203528
715,650893,"Cabrera, Génesis",720,99.3,0.279,0.267,0.283,0.545,0.38,0.333,0.25,46,165,89.5,19.1,2154,90,89.48,93,343,372,-0.5,5.99,112,148,117,149,297,322,295,"-9.061","9.061","70.0","7.4",187,132,26,8,0,12,35,18.7,18,9.6,2.22092,0.63724,0.42606,-0.06197,"92.5",164,42.42424242424242,11.363636363636363,8.02139037433155,5.98,1.27,-0.01,2.24,0.353,15,"1.267272727",0.328,0.442,"-1.267272727",0.029,0.024999999999999967,0.103,0.047,27.1,"45.1",11.120925944933873,-3.9403760844362474,33.12628676116029,0.5535714285714286,36.1250840788827,31.796838042063634
711,656240,"Blewett, Scott",711,100,0.263,0.199,0.279,0.462,0.343,0.333,0.251,45,171,90.9,8.9,1968,87.7,88.94,95,344,367,1.2000000000000028,7.09,112,148,121,148,301,323,298,"-4.484","4.484","70.0","7.4",194,140,30,5,1,9,35,18,18,9.3,2.52731,0.47353,0.18849,-0.07937,"93.1",146,50,11.428571428571429,8.24742268041237,6.16,-1.89,0.12,2.21,0.333,16,"0.630661041",0.324,0.44,"-0.630661041",0.012,0.009000000000000008,0.022,0.01,27.6,"45.0",11.589313965194751,-4.002432205377373,32.29351326305732,0.5240963855421686,36.786183164743946,33.08902020562005
711,700363,"Smith-Shawver, AJ",711,100,0.249,0.13,0.309,0.379,0.315,0.377,0.299,42,169,90.9,15.3,1780,88.2,89.09,89,329,382,0.8999999999999915,6.89,116,150,120,151,298,323,296,"-0.116","0.116","69.1","7.4",191,128,29,8,1,4,42,22,20,10.5,2.27731,0.72342,0.53203,-0.09828,"93.2",174,51.181102362204726,12.598425196850393,8.37696335078534,5.69,-2.14,-0.16,2.08,0.332,16,"0.016315049",0.377,0.493,"-0.016315049",-0.05,-0.044999999999999984,-0.114,-0.062,27.1,"43.3",11.312045061090316,-5.362934916399614,33.43945168428399,0.45768025078369906,36.419253617474645,33.34140784969701
710,643338,"Green, Chad",718,98.9,0.291,0.274,0.294,0.566,0.385,0.372,0.274,51,175,91.9,18.6,2363,91.8,91.68,82,362,348,-0.09999999999999432,6.38,111,150,119,149,296,325,296,"-13.292","13.292","70.1","7.2",190,140,31,6,0,14,35,18.4,13,6.8,1.80375,0.93311,0.17934,-0.03897,"92.8",179,52.85714285714286,16.428571428571427,12.105263157894736,6.14,-1.86,0.33,2.44,0.347,23,"1.872112676",0.332,0.553,"-1.872112676",0.017,0.014999999999999958,0.013,0.013,22.7,"46.1",9.288697773553512,0.35929503477580405,30.186388257613768,0.5238095238095238,37.76277556263814,29.259117800357963
708,593423,"Montas, Frankie",709,99.9,0.298,0.236,0.328,0.534,0.38,0.35,0.281,48,161,88.1,14.4,2205,90.6,90.01,82,344,364,-0.5999999999999943,5.93,113,149,118,149,301,328,296,"-11.924","11.924","69.9","7.2",178,131,26,14,0,8,32,18,14,7.9,2.0886,0.71146,0.34513,0.02655,"92.3",159,40.76923076923077,11.538461538461538,8.426966292134832,6.07,-0.75,0.1,2.17,0.356,15,"1.684180791",0.341,0.47,"-1.684180791",0.017,0.014999999999999958,0.064,0.03,23.8,"47.0",9.469243018252063,-0.7211339738649059,33.16897686571615,0.45045045045045046,35.56812731132368,29.608374817222668
705,571946,"Miller, Shelby",720,97.9,0.201,0.122,0.259,0.323,0.26,0.289,0.228,33,164,88.8,15.2,2317,91.8,92.96,113,356,349,1.2000000000000028,7.11,114,149,121,150,302,321,297,"6.932","-6.932","70.4","7.2",186,113,23,5,0,5,54,29,15,8.1,1.68148,1.06061,0.81861,-0.27182,"91.4",179,42.47787610619469,8.849557522123893,5.376344086021505,5.37,-1.43,-0.11,2.29,0.28,10,"-0.983262411",0.304,0.37,"0.983262411",-0.027,-0.023999999999999966,-0.047,-0.029,31.7,"43.9",7.966099270996018,1.2928259074566244,31.2099065054754,0.4738372093023256,38.50709234005361,28.345232536816575
705,687223,"Palmquist, Carson",705,100,0.321,0.293,0.321,0.614,0.43,0.381,0.261,45,140,88.1,19.7,2055,83.8,85.69,64,305,400,1.9000000000000057,7.36,112,149,122,147,299,330,301,"-15.298","15.298","69.7","7.3",175,120,25,9,1,10,27,15.4,25,14.3,2.63484,0.67688,0.25591,-0.18749,"91.7",177,40,14.166666666666666,9.714285714285714,4.98,2.1,0.03,2.22,0.42,17,"2.169929078",0.377,0.512,"-2.169929078",0.06,0.04299999999999998,0.102,0.049,21,"20.7",10.448994576678576,-4.881340249746474,33.331047927977814,0.4589041095890411,36.19391319793241,32.81897373720617
704,573186,"Stroman, Marcus",705,99.9,0.282,0.186,0.304,0.468,0.356,0.363,0.278,44,156,89.8,11.7,2422,86.4,85.75,64,333,371,-0.7000000000000028,5.85,114,149,119,152,296,321,285,"-5.376","5.376","70.7","7.4",175,131,27,11,0,6,26,14.9,16,9.1,2.83911,0.23638,0.10148,-0.04556,"92.6",145,50,10.76923076923077,8,5.25,-1.06,0.19,2.16,0.354,14,"0.763636364",0.352,0.49,"-0.763636364",0.004,0.0020000000000000018,-0.022,-0.007,19.2,"33.2",10.057152304975281,-1.7175226462909192,34.207854401474364,0.5412844036697247,36.657415389735014,31.378234510593064
701,605447,"Romano, Jordan",705,99.4,0.276,0.239,0.318,0.515,0.365,0.309,0.223,45,163,88.3,18,2088,89.4,91.03,94,328,373,1.5999999999999943,7.4,111,146,116,147,295,319,288,"-5.851","5.851","69.8","7.3",187,120,26,9,0,10,47,25.1,17,9.1,2.35703,0.54431,0.10503,-0.01794,"92.1",162,39.166666666666664,10,6.417112299465241,6.11,-2.12,-0.01,2.45,0.348,12,"0.834664765",0.304,0.406,"-0.834664765",0.053,0.043999999999999984,0.109,0.056,28.7,"49.9",10.396718561043645,-1.8483925543320188,31.144884666477253,0.5297805642633229,36.37083442395412,31.652889970618897
692,663767,"Shugart, Chase",701,98.7,0.206,0.181,0.214,0.388,0.286,0.33,0.244,33,160,88,18.9,2329,89.1,88.87,74,301,391,-0.19999999999998863,6.15,108,148,114,147,296,315,292,"5.436","-5.436","69.6","7.2",181,132,18,7,2,6,31,17.1,17,9.4,2.36223,0.55512,-0.07204,-0.02366,"92.0",171,38.93129770992366,9.16030534351145,6.629834254143646,5.38,-2.18,0.12,2.37,0.282,12,"-0.785549133",0.325,0.428,"0.785549133",-0.038,-0.04300000000000004,-0.04,-0.044,24.6,"35.3",7.961273896330457,1.6299110438674942,32.322885871373934,0.4931972789115646,36.65561681622045,28.826168348381366
692,666277,"Soriano, George",696,99.4,0.307,0.26,0.343,0.567,0.405,0.404,0.315,46,150,88.7,9.1,2229,90.4,90.43,84,323,369,0,6.46,110,147,119,149,304,321,296,"-11.667","11.667","70.9","7.4",173,115,28,7,1,10,36,20.8,19,11,2.55204,0.27606,0.53114,-0.13016,"92.6",149,44.34782608695652,14.782608695652174,9.826589595375722,5.49,-2.35,0,2.26,0.39,17,"1.685982659",0.399,0.537,"-1.685982659",-0.008,-0.009000000000000008,0.03,0.001,26,"29.2",11.305480956689166,-2.6718775974341176,33.57031064504106,0.5396825396825397,36.893581357821795,31.319161144527303
691,606996,"Hart, Kyle",692,99.9,0.233,0.215,0.246,0.448,0.32,0.292,0.217,38,163,87.1,19.7,2280,86.2,86.04,61,306,385,-0.20000000000000284,6.38,116,151,121,149,301,324,296,"-0.484","0.484","69.8","7.2",179,127,21,8,0,9,37,20.7,13,7.3,2.50418,0.61856,0.24178,-0.31342,"91.7",176,39.37007874015748,7.874015748031496,5.58659217877095,5.57,2.75,0.09,2.21,0.296,10,"0.070043415",0.282,0.384,"-0.070043415",0.016,0.014000000000000012,0.064,0.028,19.9,"34.6",8.647187435882676,-2.8114079717195497,32.97458362165424,0.4689655172413793,37.242681935247504,31.86383137453188
681,679358,"Orze, Eric",685,99.4,0.244,0.135,0.304,0.378,0.317,0.3,0.22,38,156,86.9,17.3,2018,87.9,88.9,93,344,337,1,6.94,110,148,115,147,296,323,296,"2.071","-2.071","69.6","7.3",178,116,26,7,1,4,40,22.5,19,10.7,2.48178,0.49991,0.69883,-0.08032,"91.2",146,30.701754385964914,7.894736842105263,5.056179775280898,5.86,-1.55,-0.13,2.62,0.337,9,"-0.304111601",0.317,0.356,"0.304111601",0.024,0.020000000000000018,0.022,0.017,27,"45.6",10.959186433104636,-4.030881933416623,31.0491773344483,0.4939759036144578,36.79714296738958,32.17165857932262
676,669020,"Rolison, Ryan",678,99.7,0.324,0.241,0.324,0.565,0.406,0.363,0.287,55,170,87.2,5.7,2445,87,87.65,54,311,365,0.7000000000000028,6.47,114,149,122,147,301,331,303,"-17.157","17.157","69.8","7.1",193,148,37,6,1,11,25,13,20,10.4,2.90296,0.13052,-0.22724,0.01583,"92.2",136,39.04109589041096,9.58904109589041,7.253886010362693,5.94,2.01,-0.12,2.34,0.391,14,"2.538017751",0.359,0.486,"-2.538017751",0.037,0.03200000000000003,0.079,0.043,17.4,"46.2",8.794777088369,0.443475904010333,32.242016458245594,0.53156146179402,35.3677210879905,30.10344325578921
674,829272,"Ogasawara, Shinnosuke",674,100,0.289,0.235,0.298,0.523,0.377,0.353,0.265,43,149,89.8,13.1,2203,83.4,83.08,72,307,367,-0.30000000000001137,6.19,113,150,120,149,300,325,296,"-13.812","13.812","69.9","7.4",173,123,26,8,0,9,30,17.3,17,9.8,2.96151,0.41119,0.35498,-0.25751,"92.1",167,41.46341463414634,10.569105691056912,7.514450867052023,5.7,1.57,-0.32,2.24,0.364,13,"2.04925816",0.349,0.464,"-2.04925816",0.024,0.015000000000000013,0.059,0.024,23.5,"47.6",10.91768716187871,-4.736701014732043,32.11069090317857,0.45,37.30554480895285,33.82571179026616
674,680689,"Richardson, Lyon",684,98.5,0.255,0.117,0.299,0.372,0.311,0.341,0.276,37,145,89.9,6.2,2130,90.2,89.16,61,273,401,-1,5.74,108,149,120,148,296,323,291,"-3.292","3.292","70.0","7.4",172,119,24,11,0,2,30,17.4,21,12.2,2.39033,0.46212,1.04091,0.20361,"92.4",141,46.21848739495798,5.88235294117647,4.069767441860465,5.51,-1.37,0.16,2.17,0.349,7,"0.4884273",0.376,0.399,"-0.4884273",-0.021,-0.027000000000000024,-0.027,-0.03,22.3,"31.3",8.596654019021987,0.3099902364772249,32.9725274028889,0.44696969696969696,38.2663465391106,29.39829046640114
673,623167,"Flexen, Chris",673,100,0.232,0.14,0.226,0.372,0.285,0.347,0.281,38,164,89.9,14.3,2398,86.5,86.26,56,335,338,-0.20000000000000284,6.19,111,149,116,151,298,321,295,"5.123","-5.123","69.9","7.2",178,144,29,2,0,7,22,12.4,12,6.7,2.65073,0.48199,-0.23215,-0.13345,"91.6",159,41.66666666666667,9.027777777777777,7.303370786516854,6.82,-0.69,0.03,2.49,0.281,13,"-0.761218425",0.328,0.475,"0.761218425",-0.049,-0.046999999999999986,-0.103,-0.062,16.7,"64.9",9.447092740591398,-1.3280272375548072,30.07737660593541,0.5555555555555556,37.8302442002202,30.72912946586587
666,621112,"Blackburn, Paul",666,100,0.296,0.208,0.336,0.503,0.359,0.312,0.248,47,159,87.1,11.6,2297,88,87.92,71,315,351,-0.09999999999999432,6.25,113,148,125,149,298,324,293,"-6.204","6.204","71.0","7.3",175,128,30,7,4,6,34,19.4,12,6.9,2.81078,0.16466,0.02514,0.03711,"91.7",147,35.43307086614173,7.874015748031496,5.714285714285714,5.86,-2.24,0.18,2.18,0.343,10,"0.931531532",0.307,0.399,"-0.931531532",0.048,0.03600000000000003,0.104,0.047,22.5,"41.7",9.657448990444799,1.5006389166216512,33.76263339876976,0.5384615384615384,37.5190357347929,30.764253618902035
665,670912,"Oviedo, Johan",667,99.7,0.182,0.154,0.208,0.336,0.291,0.316,0.213,26,143,87.6,22.7,2313,89.4,91.15,84,281,384,1.6999999999999886,7.32,111,147,115,149,289,312,290,"3.016","-3.016","70.7","7.3",170,102,16,4,0,6,42,24.7,23,13.5,2.3137,0.5851,0.08359,0.03602,"91.7",167,35.294117647058826,6.862745098039216,4.117647058823529,5.44,-2.94,-0.05,2.48,0.306,7,"-0.453533835",0.332,0.373,"0.453533835",-0.031,-0.026000000000000023,-0.037,-0.025,29.9,"26.1",10.524312427072807,-3.85520833517202,31.876587441895065,0.49264705882352944,35.60082355262899,32.2767447393435
663,701519,"Adams, Travis",664,99.8,0.295,0.22,0.33,0.515,0.378,0.391,0.292,39,132,88.6,15.7,2316,90.3,90.34,79,309,354,0,6.23,115,146,117,149,298,331,294,"-7.026","7.026","69.7","7.3",158,106,23,9,1,6,31,19.6,17,10.8,2.20896,0.601,0.28092,-0.10925,"92.0",178,40.56603773584906,12.264150943396226,8.227848101265822,5.84,-2.14,0.03,2.19,0.376,13,"1.059728507",0.384,0.495,"-1.059728507",0.003,-0.008000000000000007,0.02,-0.013,25.6,"39.8",8.589867095363493,1.9105248783802369,33.34862325944651,0.46405228758169936,37.13181839975878,28.179636165153962
661,519151,"Pressly, Ryan",661,100,0.287,0.163,0.317,0.45,0.356,0.346,0.283,46,160,90.4,7.7,2714,89.2,89.21,53,304,357,0,6.33,114,150,116,151,298,320,298,"-4.53","4.53","70.0","7.1",182,134,32,8,0,6,28,15.4,17,9.3,2.49655,0.40362,-0.24852,0.00588,"92.7",136,50,6.7164179104477615,4.945054945054945,5.9,-0.62,-0.09,2.16,0.363,9,"0.685325265",0.359,0.427,"-0.685325265",0.004,0.0040000000000000036,0.023,0.01,17.4,"55.7",7.68980683216972,1.2145409397587508,33.36262737134307,0.49337748344370863,36.81551840287765,28.68150058779212
658,547184,"Kelly, Michael",665,98.9,0.224,0.154,0.245,0.378,0.301,0.336,0.255,32,143,86.3,13.5,2651,88.4,87.3,63,284,374,-1.1000000000000085,5.68,110,148,119,148,302,325,295,"1.569","-1.569","67.8","7.1",166,117,20,7,0,5,29,17.5,19,11.4,2.59736,0.37217,-0.54823,-0.13957,"91.6",160,36.206896551724135,10.344827586206897,7.228915662650602,6.13,-1.57,0.21,2.39,0.317,12,"-0.238449848",0.346,0.436,"0.238449848",-0.031,-0.02899999999999997,-0.058,-0.035,22.2,"34.8",8.007330094277938,-0.5288641626197222,32.83525267668627,0.4065934065934066,37.18144745261742,29.077336177251496
656,663423,"Thornton, Trent",664,98.8,0.258,0.145,0.285,0.403,0.317,0.333,0.267,41,159,89,13.2,2682,87.8,87.65,67,325,331,-0.09999999999999432,6.13,113,146,119,146,291,321,296,"2.721","-2.721","70.7","7.1",180,130,31,3,1,6,32,17.8,14,7.8,2.64095,0.35591,-0.32026,-0.03934,"92.3",157,42.30769230769231,6.923076923076923,5,5.42,-2.37,0.16,2.45,0.33,9,"-0.414786585",0.34,0.425,"0.414786585",-0.009,-0.010000000000000009,-0.022,-0.016,20.6,"41.3",8.616522239689552,0.8835658388293861,31.538991762318425,0.5016181229773463,37.57448413763872,30.11522401399973
656,675512,"Melton, Troy",656,100,0.191,0.154,0.2,0.346,0.268,0.295,0.212,31,162,90.4,13.6,2221,91.8,93.03,74,317,339,1.2000000000000028,6.91,110,149,115,148,297,327,296,"5.225","-5.225","70.1","7.2",180,128,20,4,0,7,36,20,15,8.3,2.13718,0.59547,0.19351,0.00878,"92.6",160,49.21875,8.59375,6.111111111111111,5.44,-1.69,-0.06,2.23,0.263,11,"-0.796493902",0.282,0.393,"0.796493902",-0.021,-0.01899999999999996,-0.047,-0.027,23.3,"36.6",8.667601722897334,0.8245828305488336,31.769084554663706,0.5080385852090032,36.29621154174727,29.951665938148796
652,693312,"Nicolas, Kyle",652,100,0.233,0.123,0.282,0.356,0.303,0.318,0.241,34,146,89.5,13.7,2489,92.6,93.72,91,310,342,1.1000000000000085,6.98,105,146,113,147,293,313,294,"1.359","-1.359","70.1","7.2",167,113,23,7,1,3,34,20.4,18,10.8,2.17152,0.52458,0.04724,-0.03577,"92.0",158,38.93805309734513,7.079646017699115,4.790419161676647,6.05,-1.29,0.24,2.31,0.323,8,"-0.208435583",0.333,0.381,"0.208435583",-0.008,-0.010000000000000009,-0.025,-0.015,29.4,"47.5",8.853752658677157,-1.4111005106526804,31.310754121980906,0.5278688524590164,36.59425131043238,29.567306573959158
650,657044,"Thompson, Ryan",656,99.1,0.263,0.119,0.317,0.381,0.308,0.297,0.238,42,160,89.9,7.8,2117,85,85.31,80,316,334,0.29999999999999716,6.78,111,148,117,148,297,319,296,"2.894","-2.894","67.7","7.2",175,124,31,7,0,4,36,20.6,13,7.4,3.19679,0.04074,0.14203,-0.15499,"92.5",135,40.32258064516129,8.064516129032258,5.714285714285714,3.66,-3.97,0.15,2.16,0.326,10,"-0.445230769",0.303,0.381,"0.445230769",0.025,0.02300000000000002,0,0.011,25.3,"-9.0",8.50868091392195,-4.008705544735413,34.7352363079646,0.4253246753246753,37.009677730336165,32.023744365156105
646,676661,"Lazar, Max",646,100,0.261,0.191,0.272,0.452,0.329,0.365,0.309,41,157,91.7,13.5,2442,89.8,90.89,60,296,350,1.1000000000000085,6.96,110,148,118,148,295,322,290,"-0.685","0.685","70.7","7.1",170,132,25,9,0,7,26,15.3,12,7.1,2.38681,0.48163,-0.11454,-0.03038,"93.5",164,52.27272727272727,9.848484848484848,7.647058823529412,5.89,-0.54,0.12,2.3,0.312,13,"0.106037152",0.357,0.488,"-0.106037152",-0.048,-0.044999999999999984,-0.036,-0.036,20.3,"53.1",8.905910835479139,0.9182298540028305,31.08339068796039,0.5778546712802768,36.312105337112826,29.394134428280374
645,669456,"Bieber, Shane",645,100,0.225,0.192,0.245,0.417,0.293,0.326,0.264,34,151,93.2,9.6,2362,88.2,88.68,83,298,347,0.5,6.67,114,149,114,150,293,323,293,"5.085","-5.085","70.5","7.2",159,114,21,5,0,8,37,23.3,7,4.4,2.56674,0.39214,0.27465,-0.04784,"92.8",152,48.24561403508772,12.280701754385964,8.80503144654088,5.64,-1.7,0.03,2.28,0.264,14,"-0.788372093",0.301,0.458,"0.788372093",-0.039,-0.03699999999999998,-0.041,-0.033,27.9,"39.2",9.779351981839405,-0.9781006324682426,30.259092378315415,0.5807560137457045,37.9813621183918,31.1037500145634
645,820862,"Fermin, José",655,98.5,0.197,0.213,0.21,0.409,0.318,0.314,0.191,25,127,91.4,20.9,2448,93.3,92.9,97,293,352,-0.3999999999999915,6.14,109,148,119,149,306,326,302,"-0.358","0.358","70.2","7.3",152,89,14,3,0,8,39,25.7,23,15.1,1.84698,0.79727,0.40851,-0.00721,"91.8",183,46.06741573033708,13.48314606741573,7.894736842105263,6.26,-1.74,-0.09,2.33,0.322,12,"0.055503876",0.321,0.392,"-0.055503876",0.006,0.0010000000000000009,0.017,0.004,33.1,"45.6",10.52401989864581,-2.798584330473784,31.620543711976183,0.5287769784172662,36.540985678290454,30.134534253965448
642,674444,"Cruz, Steven",646,99.4,0.213,0.13,0.244,0.343,0.28,0.284,0.222,36,169,88.1,14.2,2222,94.9,95.62,78,321,321,0.6999999999999886,6.76,113,148,121,150,295,323,291,"3.277","-3.277","69.5","7.0",189,132,24,7,0,5,38,20.1,18,9.5,1.64259,0.90537,0.29784,-0.01261,"91.7",163,34.090909090909086,5.303030303030303,3.7037037037037033,5.63,-3.23,0,2.53,0.291,7,"-0.510436137",0.299,0.342,"0.510436137",-0.009,-0.008000000000000007,0.001,-0.004,24.3,"32.8",5.4832838878227355,5.910036880546819,32.24090905668287,0.4758842443729904,36.65589260705776,25.758185751885822
642,677960,"Weathers, Ryan",642,100,0.245,0.185,0.278,0.43,0.317,0.309,0.239,37,151,89.1,12.3,2262,91.3,90.49,90,313,329,-0.7999999999999972,5.94,106,150,118,148,304,326,294,"-2.396","2.396","70.4","7.3",166,116,23,7,0,7,37,22.3,12,7.2,2.05101,0.7338,0.54681,-0.37388,"92.3",165,42.608695652173914,9.565217391304348,6.626506024096386,5.73,3.04,-0.08,2.16,0.303,11,"0.373208723",0.298,0.414,"-0.373208723",0.006,0.0050000000000000044,0.016,0.008,28.8,"41.5",9.695740835277682,-1.8591647551899668,32.932406551727674,0.4788273615635179,36.835035598103396,30.211705950712556
641,641656,"Hamilton, Ian",642,99.8,0.201,0.151,0.247,0.353,0.296,0.313,0.222,28,139,88.8,15.9,1944,92.2,91.02,88,317,324,-1.2000000000000028,5.67,111,148,121,150,293,321,286,"2.144","-2.144","68.3","7.2",166,100,18,4,1,5,42,25.3,22,13.3,2.03066,0.67178,0.79181,0.07443,"91.9",171,36.36363636363637,10.1010101010101,6.024096385542169,5.88,-2.72,0.04,2.21,0.313,10,"-0.334477379",0.331,0.377,"0.334477379",-0.021,-0.018000000000000016,-0.024,-0.017,27.8,"36.2",9.883025137844177,-2.024141524210491,32.87130342114734,0.4577922077922078,37.312775531963865,30.578096781896196
638,455119,"Martin, Chris",651,98,0.262,0.128,0.319,0.39,0.291,0.304,0.26,43,164,90.1,12.9,2125,92.1,92.39,77,353,285,0.30000000000001137,6.55,112,149,114,149,295,324,296,"5.955","-5.955","69.3","6.8",173,122,34,3,0,6,43,24.9,7,4,1.93781,0.76791,0.41367,0.14061,"91.7",160,40.98360655737705,9.01639344262295,6.358381502890173,6.16,-2.87,-0.11,2.47,0.295,11,"-0.93338558",0.294,0.425,"0.93338558",0.002,0.0010000000000000009,-0.035,-0.013,21.8,"41.4",3.847722838937332,9.657263670940575,32.51450173983194,0.40816326530612246,36.05502755137289,23.688750313857668
637,678022,"Perkins, Jack",637,100,0.193,0.129,0.23,0.321,0.277,0.299,0.218,27,140,85.7,15.8,2350,91.6,91.5,99,307,330,-0.09999999999999432,6.27,113,149,122,149,303,327,298,"2.823","-2.823","68.4","7.1",161,104,17,6,0,4,37,23,18,11.2,2.07546,0.6674,0.19055,-0.12574,"91.3",162,35.57692307692308,9.615384615384617,6.211180124223603,5.33,-2.18,0.15,2.48,0.292,10,"-0.443171115",0.315,0.349,"0.443171115",-0.025,-0.02300000000000002,-0.028,-0.022,32.2,"29.3",9.127587967014506,-0.8487902191442486,33.322685589664225,0.49504950495049505,36.43135538611884,28.91679518438706
636,678020,"Halvorsen, Seth",640,99.4,0.273,0.22,0.315,0.493,0.364,0.325,0.242,41,150,88.2,6.2,2164,95.5,96.91,90,306,330,1.4000000000000057,6.94,116,148,118,147,298,330,302,"-5.078","5.078","68.4","7.0",172,116,23,10,1,7,36,20.9,20,11.6,1.84313,0.66577,0.68308,-0.18893,"91.8",148,39.6551724137931,9.482758620689655,6.395348837209303,5.81,-2.38,-0.17,2.32,0.357,11,"0.798427673",0.33,0.414,"-0.798427673",0.031,0.02699999999999997,0.079,0.039,29.4,"44.3",5.199798265767988,4.403567156318851,32.64691023919652,0.4711864406779661,37.250205012999544,26.197234978095228
634,543101,"DeSclafani, Anthony",637,99.5,0.25,0.277,0.25,0.527,0.354,0.315,0.234,37,148,88.8,14.9,2095,88.2,88.58,77,297,337,0.3999999999999915,6.55,112,148,118,148,298,324,298,"-6.883","6.883","69.4","7.3",169,116,18,8,0,11,36,21.3,12,7.1,2.51114,0.45545,0.22289,-0.06523,"92.5",163,43.103448275862064,8.620689655172415,5.9171597633136095,5.48,-2.02,0.22,2.27,0.321,10,"1.085646688",0.31,0.421,"-1.085646688",0.016,0.01100000000000001,0.106,0.039,25.9,"34.8",9.887296206233703,-3.7080868658260435,32.920892978139214,0.4878048780487805,37.48227065482466,32.4851961455617
632,664192,"Lucchesi, Joey",637,99.2,0.235,0.148,0.272,0.383,0.298,0.292,0.232,35,149,86.7,4.5,2247,88.6,88.21,56,285,347,-0.3999999999999915,6.06,112,149,117,148,293,324,296,"3.352","-3.352","67.7","6.7",165,120,22,8,1,4,31,18.8,12,7.3,2.35801,0.60255,0.5844,0.13627,"91.4",141,31.666666666666664,6.666666666666667,4.848484848484849,6.06,2.45,0.02,2.49,0.301,8,"-0.530379747",0.298,0.365,"0.530379747",0.003,0.0030000000000000027,0.018,0.006,19.6,"48.0",2.9977159778074,9.026194761264119,32.63126646823578,0.3489208633093525,35.26363015759212,24.51246480300963
627,642585,"Bautista, Félix",629,99.7,0.134,0.109,0.197,0.244,0.246,0.262,0.154,16,119,87.9,9.4,2015,93.7,94.36,101,283,344,0.7000000000000028,6.67,115,148,119,149,301,324,300,"7.112","-7.112","69.4","7.3",142,69,9,4,0,3,50,35.2,23,16.2,1.29085,1.32687,0.40984,-0.10263,"91.2",161,42.028985507246375,8.695652173913043,4.225352112676056,6.97,-0.1,-0.04,2.59,0.275,6,"-1.134290271",0.291,0.268,"1.134290271",-0.02,-0.01599999999999996,-0.024,-0.016,35.7,"65.8",11.733989764246479,-3.0372226046383073,30.87819969553343,0.5523465703971119,37.59564434700571,30.724094413357566
625,800048,"Messick, Parker",625,100,0.289,0.119,0.359,0.409,0.315,0.277,0.24,46,159,88.1,9.8,2105,87.8,88.06,75,288,337,0.29999999999999716,6.4,111,150,121,146,294,320,302,"2.267","-2.267","70.4","7.3",165,121,35,7,0,4,38,23,6,3.6,2.31723,0.67178,0.31095,-0.22832,"91.7",145,29.75206611570248,5.785123966942149,4.242424242424243,5.62,1,0.04,2.24,0.315,7,"-0.36272",0.268,0.37,"0.36272",0.049,0.046999999999999986,0.039,0.038,26,"44.6",7.679896324301115,1.8162771926881436,32.265227123168344,0.44642857142857145,37.76947958984016,28.91088478232798
625,663765,"Woodford, Jake",629,99.4,0.298,0.126,0.333,0.424,0.343,0.342,0.292,45,151,85,9,2057,88.8,89.23,47,286,339,0.4000000000000057,6.54,108,148,117,147,298,321,296,"-3.217","3.217","70.3","7.1",170,131,33,8,1,3,23,13.5,13,7.6,2.53506,0.3881,0.33947,0.01418,"92.2",157,33.587786259541986,6.870229007633588,5.294117647058823,5.05,-2.2,0.09,2.4,0.363,9,"0.51472",0.36,0.417,"-0.51472",0.006,0.0030000000000000027,0.007,0.001,16.4,"25.1",8.585281555856985,-0.23570687770077048,33.21910567701443,0.4963768115942029,34.48681924375385,30.460050727200883
624,687863,"Hodge, Porter",628,99.4,0.268,0.276,0.313,0.543,0.377,0.318,0.234,34,127,89.3,14.3,2502,90.5,91.9,77,288,336,1.4000000000000057,7.23,112,149,117,150,300,325,300,"-4.776","4.776","68.2","7.1",147,89,19,4,2,9,40,27.2,18,12.2,2.11513,0.71638,-0.57659,-0.10849,"91.4",163,38.63636363636363,9.090909090909092,5.442176870748299,5.64,-2.78,0.07,2.43,0.354,8,"0.765384615",0.328,0.4,"-0.765384615",0.034,0.025999999999999968,0.143,0.059,26.7,"40.5",8.745417954751982,-0.46243258192319037,30.799599123638163,0.4412811387900356,37.094266119653184,30.415333804588933
621,808963,"Sasaki, Roki",624,99.5,0.221,0.184,0.235,0.404,0.331,0.363,0.247,30,136,90.6,13,1517,90.1,91.22,59,267,354,1.1000000000000085,7.1,112,150,122,150,297,319,298,"-0.678","0.678","69.1","7.2",161,108,18,5,1,6,28,17.4,22,13.7,2.40201,0.46305,0.31565,-0.12213,"92.3",172,45.370370370370374,11.11111111111111,7.453416149068323,6.14,-2.36,-0.32,2.14,0.342,12,"0.109178744",0.364,0.467,"-0.109178744",-0.026,-0.021999999999999964,-0.063,-0.032,22.1,"44.2",9.475993966374391,-0.2735784272512294,33.618001358549556,0.5,36.31662750012493,30.97287288951732
621,693313,"Seymour, Carson",622,99.8,0.262,0.227,0.264,0.489,0.352,0.366,0.279,37,141,90.5,5.8,2224,93.5,94.1,59,271,350,0.5999999999999943,6.62,112,149,119,148,295,325,298,"-4.051","4.051","70.3","7.0",156,116,23,5,0,9,26,16.7,13,8.3,2.21897,0.40329,0.63826,0.14505,"92.8",142,44.827586206896555,15.517241379310345,11.538461538461538,5.95,-1.91,0.18,2.35,0.329,18,"0.652334944",0.344,0.508,"-0.652334944",-0.017,-0.014999999999999958,-0.019,-0.014,21.8,"41.6",7.04998746467758,2.2734187109989055,32.343777296296075,0.5057471264367817,36.92188974865882,27.385865943080336
619,668390,"Winn, Cole",627,98.7,0.167,0.13,0.198,0.297,0.255,0.314,0.218,23,138,90.3,9.8,2369,92,92.81,65,284,335,0.7999999999999972,6.84,111,148,112,147,298,323,296,"9.575","-9.575","70.6","7.1",162,106,12,7,1,3,35,21.6,17,10.5,2.1378,0.58002,0.49013,0.1277,"92.7",155,48.57142857142857,10.476190476190476,6.790123456790123,5.44,-1.72,0.06,2.31,0.275,11,"-1.546849758",0.322,0.395,"1.546849758",-0.051,-0.046999999999999986,-0.098,-0.059,22.9,"37.9",7.432996371568617,2.543705035890989,31.639410963081872,0.46886446886446886,37.21311619427993,27.91589296455691
618,681293,"Arrighetti, Spencer",619,99.8,0.229,0.183,0.25,0.412,0.331,0.353,0.251,30,131,88.5,13.2,2452,86.2,87.25,74,270,348,1,7.16,112,148,121,149,298,328,303,"-4.024","4.024","70.4","7.3",156,102,19,4,1,6,31,19.9,20,12.8,2.6694,0.47974,0.06117,-0.05706,"92.7",166,45.09803921568628,8.823529411764707,5.769230769230769,4.97,-2.13,0.02,2.36,0.34,9,"0.651132686",0.367,0.413,"-0.651132686",-0.022,-0.02699999999999997,-0.001,-0.022,27.4,"21.5",12.331549878984,-4.727185121053239,32.476752862391585,0.524904214559387,36.806020916979,33.669660538965545
617,664299,"Javier, Cristian",618,99.8,0.23,0.129,0.279,0.36,0.294,0.287,0.212,32,139,88.9,23.9,2477,86.4,85.57,67,279,338,-0.8000000000000114,5.99,112,148,119,149,295,329,298,"2.543","-2.543","70.0","7.3",157,107,21,7,1,3,34,21.7,15,9.6,2.4417,0.69958,0.08036,-0.11131,"91.9",178,38.31775700934579,6.5420560747663545,4.45859872611465,5.72,-1.71,0.09,2.67,0.306,7,"-0.412155592",0.292,0.353,"0.412155592",0.018,0.014000000000000012,0.007,0.007,24,"35.0",12.24033267974648,-4.022010069908539,30.038361114653636,0.5276752767527675,36.22588669802343,32.20299852045045
617,666661,"Morillo, Juan",618,99.8,0.297,0.133,0.396,0.43,0.363,0.302,0.235,38,128,86.3,9.9,2291,96,96.05,80,301,316,0.09999999999999432,6.36,108,146,116,147,299,319,295,"-5.474","5.474","69.3","6.9",152,95,27,7,2,2,36,23.7,20,13.2,1.57123,0.92593,0.48512,-0.03932,"91.0",152,42.10526315789473,5.263157894736842,3.289473684210526,5.78,-1.6,0.02,2.53,0.393,5,"0.88719611",0.341,0.323,"-0.88719611",0.062,0.05199999999999999,0.107,0.061,26.6,"46.4",4.719394634063528,6.667534135275378,32.19664724385884,0.42560553633217996,35.76209483890832,25.064189923078082
614,605177,"Chafin, Andrew",614,100,0.238,0.057,0.318,0.295,0.292,0.288,0.214,29,122,86.8,12.1,2212,86.1,86.26,78,282,332,0.20000000000000284,6.49,110,148,119,149,301,323,301,"3.315","-3.315","68.8","7.4",143,88,26,1,0,2,36,25.2,19,13.3,2.47099,0.64373,0.61646,-0.10128,"91.1",133,37.5,3.4090909090909087,2.097902097902098,6.57,2,0.06,1.86,0.338,3,"-0.53990228",0.318,0.314,"0.53990228",0.024,0.020000000000000018,-0.019,0.004,27.7,"51.7",11.18360018590765,-9.184492118365426,34.305714004644194,0.4522058823529412,36.92358310632555,34.813810239130554
613,681006,"Simpson, Josh",619,99,0.272,0.176,0.345,0.448,0.367,0.332,0.243,34,125,90.1,4.9,2375,87,86.34,73,280,333,-0.7000000000000028,5.94,108,146,116,146,303,325,293,"-7.092","7.092","69.6","7.3",151,89,23,5,1,5,36,23.8,22,14.6,2.99676,0.06396,-0.02836,-0.02803,"92.2",124,44.9438202247191,6.741573033707865,3.9735099337748347,5.16,1.41,-0.13,2.17,0.393,6,"1.156933116",0.369,0.377,"-1.156933116",0.029,0.02400000000000002,0.071,0.035,26.1,"25.1",10.11798250294507,-1.4432282726279082,32.88700618297938,0.4870848708487085,36.892045824590504,31.239661326139046
610,691799,"Taylor, Grant",614,99.3,0.268,0.036,0.43,0.304,0.287,0.27,0.217,37,138,88.1,10.9,2481,94.6,96.55,90,293,317,2,7.35,108,146,116,146,298,320,296,"3.84","-3.84","68.6","6.8",157,88,32,5,0,0,54,34.4,15,9.6,1.96559,0.60556,-0.09938,0.01475,"92.1",159,50.57471264367817,5.747126436781609,3.1847133757961785,5.85,-0.66,-0.01,2.45,0.335,5,"-0.629508197",0.294,0.31,"0.629508197",0.051,0.041000000000000036,-0.006,0.017,30.7,"57.9",2.732359617202343,9.116617213917175,32.0507407969987,0.3464285714285714,35.99084693585979,23.936849564797726
610,592779,"Stewart, Brock",614,99.3,0.227,0.106,0.309,0.333,0.284,0.255,0.191,32,141,86,21.2,2461,93.7,94.07,97,312,298,0.3999999999999915,6.48,112,146,116,148,296,323,291,"5.352","-5.352","68.7","6.9",159,98,24,4,1,3,44,27.7,13,8.2,1.80662,0.80904,0.30548,-0.17982,"90.9",174,32.6530612244898,4.081632653061225,2.515723270440252,5.33,-2.02,0.17,2.42,0.31,4,"-0.877377049",0.278,0.291,"0.877377049",0.036,0.03199999999999997,0.042,0.029,31.1,"25.3",4.475599632404215,6.008170895254634,31.71051979627568,0.42857142857142855,37.091575446725905,24.9291450099724
609,664062,"Gonsolin, Tony",609,100,0.244,0.222,0.273,0.467,0.354,0.352,0.24,33,135,90,15.2,2172,88.1,87.42,81,267,342,-0.6999999999999886,5.88,109,150,123,151,297,318,297,"-5.767","5.767","69.0","7.3",157,98,21,3,0,9,38,24.2,18,11.5,2.53581,0.43124,0.50505,-0.13254,"92.8",161,44.89795918367347,11.224489795918368,7.006369426751593,6.11,-0.86,0.3,2.3,0.346,11,"0.946962233",0.342,0.467,"-0.946962233",0.004,0.003999999999999948,0,0.002,30.3,"40.3",10.908298579707315,-3.598232213978003,31.7444359112934,0.5807692307692308,37.38371702584306,29.433868898128257
608,683627,"Molina, Anthony",611,99.5,0.351,0.297,0.354,0.649,0.435,0.404,0.326,52,148,90.8,12.8,2099,90.8,91.31,68,281,327,0.5,6.32,114,150,122,148,302,331,303,"-15.469","15.469","69.5","7.3",160,126,32,8,0,12,24,15,6,3.8,2.00005,0.76125,0.42995,-0.24969,"93.3",183,53.54330708661418,11.023622047244094,8.75,6.14,-1.45,0.05,2.01,0.382,14,"2.544243421",0.359,0.595,"-2.544243421",0.025,0.02300000000000002,0.054,0.031,24.2,"49.3",8.163869767817403,2.3002613602979087,33.64568647035173,0.49814126394052044,38.284554180582646,28.144558141949414
604,670990,"Ramírez, Yohan",608,99.3,0.246,0.149,0.337,0.396,0.324,0.329,0.238,33,134,89.7,13.5,2435,90.4,91.67,77,299,305,1.2999999999999972,7.13,109,146,113,146,293,310,292,"-2.691","2.691","69.5","7.3",155,90,21,8,0,4,45,29,16,10.3,2.39613,0.44616,-0.08392,-0.03412,"91.5",156,45.55555555555556,13.333333333333334,7.741935483870968,5.3,-2.04,0.16,2.3,0.342,12,"0.445529801",0.339,0.407,"-0.445529801",0.008,0.0030000000000000027,-0.011,-0.005,25.8,"30.3",8.734364792317411,-3.050650376812027,31.61145775311139,0.46621621621621623,37.44251370007087,30.891855657826532
600,695445,"Lee, Chase",604,99.3,0.239,0.239,0.266,0.478,0.322,0.347,0.271,32,134,90.7,14.7,2565,85.7,85.03,56,266,334,-0.7000000000000028,5.88,114,149,117,149,298,327,295,"-3.871","3.871","69.5","7.1",148,101,16,7,2,7,36,24.3,9,6.1,2.93702,0.19961,-0.11892,0.00358,"92.3",182,40.5940594059406,13.861386138613863,9.45945945945946,3.75,-2.7,0.06,2.44,0.291,14,"0.645166667",0.321,0.5,"-0.645166667",-0.032,-0.030000000000000027,-0.022,-0.025,21.1,"-4.1",7.322902338263832,3.9560059884274916,31.89880821217108,0.48828125,38.712709183248236,27.409090498632228
599,641482,"Cortes, Nestor",599,100,0.269,0.321,0.247,0.59,0.405,0.392,0.264,36,134,91.9,18.7,2186,86.2,85.54,64,256,343,-0.7000000000000028,5.86,114,151,118,149,305,326,300,"-10.519","10.519","69.9","7.2",157,106,19,4,0,13,29,18.5,20,12.7,2.04684,1.04556,0.00145,-0.11326,"92.8",183,46.22641509433962,15.09433962264151,10.191082802547772,5.72,1.11,0.23,2.58,0.369,16,"1.756093489",0.365,0.559,"-1.756093489",0.005,0.0040000000000000036,0.031,0.013,25,"51.2",9.575203606824253,-0.1079466379291168,31.18527108551729,0.5222672064777328,38.08939341749031,30.2651514981312
594,621366,"Borucki, Ryan",598,99.3,0.232,0.16,0.275,0.392,0.31,0.342,0.268,29,125,83.8,7.9,2144,86.9,87.2,82,275,319,0.29999999999999716,6.56,109,147,113,147,292,316,292,"-2.694","2.694","67.7","7.5",145,96,17,8,0,4,32,22.1,16,11,2.79152,0.2629,0.359,-0.13863,"91.6",128,38.54166666666667,8.333333333333332,5.517241379310345,5.63,1.76,-0.01,1.98,0.319,8,"0.453535354",0.355,0.43,"-0.453535354",-0.036,-0.035999999999999976,-0.038,-0.032,29.8,"28.1",12.59090026380916,-9.654092164822554,33.12475132065274,0.47692307692307695,36.735532067532574,35.69551529397415
590,660787,"De los Santos, Yerry",592,99.7,0.266,0.065,0.324,0.331,0.307,0.322,0.27,37,139,88.1,4.1,1983,92.5,92.69,62,273,317,0.20000000000000284,6.49,113,149,124,151,294,322,288,"0.357","-0.357","70.7","7.2",160,114,30,6,0,1,28,17.5,17,10.6,2.19646,0.49476,1.1672,0.20954,"92.2",134,41.228070175438596,5.263157894736842,3.75,5.97,-2.13,0,2.09,0.348,6,"-0.060508475",0.352,0.368,"0.060508475",-0.004,-0.0040000000000000036,-0.037,-0.015,22.7,"29.2",8.007702573495374,0.18683106801789195,32.617586482794984,0.43656716417910446,36.44090859181897,30.08034292402124
588,690986,"Harrison, Kyle",592,99.3,0.248,0.156,0.313,0.404,0.315,0.314,0.247,35,141,89.2,11.8,2213,90.2,90.61,77,297,291,0.3999999999999915,6.65,111,150,119,148,292,321,290,"0.738","-0.738","69.2","6.9",156,103,22,8,1,4,38,24.4,14,9,2.27216,0.58009,0.58376,-0.26485,"91.8",171,42.71844660194174,6.796116504854369,4.487179487179487,4.82,2.18,0.14,2.41,0.321,7,"-0.125510204",0.319,0.398,"0.125510204",0.001,0.0020000000000000018,0.006,0.001,25.9,"27.1",3.777496691301017,6.8413337328299875,31.41745187769808,0.34256055363321797,38.03537213726445,25.479870934298763
588,669084,"Hall, DL",589,99.8,0.174,0.101,0.202,0.275,0.246,0.293,0.225,24,138,88,15,2310,89.3,90.2,51,260,328,0.9000000000000057,6.89,115,149,123,151,305,328,298,"9.184","-9.184","69.8","7.1",155,111,15,6,1,2,27,17.4,17,11,2.25456,0.64043,0.31224,-0.20497,"91.2",173,28.82882882882883,6.306306306306306,4.516129032258064,5.47,2.71,0.02,2.25,0.265,7,"-1.561904762",0.31,0.346,"1.561904762",-0.051,-0.044999999999999984,-0.071,-0.047,19.6,"43.2",7.164309017277857,2.7966825681681815,31.53638365549669,0.50390625,37.35030669310028,28.99606951367214
588,687330,"Kelly, Kevin",592,99.3,0.281,0.275,0.293,0.556,0.364,0.377,0.297,45,160,91.1,9.5,2279,88.5,89.85,58,274,314,1.4000000000000057,7.15,108,149,116,149,297,322,294,"-12.231","12.231","69.9","6.9",171,127,25,7,2,11,35,20.5,9,5.3,2.77163,0.17713,0.62066,-0.02716,"93.2",165,52.75590551181102,15.748031496062993,11.695906432748536,3.8,-1.74,0.02,2.44,0.316,20,"2.080102041",0.336,0.556,"-2.080102041",-0.016,-0.020000000000000018,0,-0.013,21.2,"3.6",3.67323269301638,6.600505458217416,32.85445178505133,0.4,37.296638211704874,25.75859487716725
586,641672,"Hatch, Thomas",591,99.2,0.296,0.207,0.311,0.504,0.376,0.329,0.252,40,135,87.6,13.4,2402,89.3,89.77,55,286,300,0.5,6.42,115,147,119,150,296,331,294,"-7.711","7.711","71.3","7.4",152,113,26,7,0,7,22,14.5,17,11.2,2.11039,0.7496,0.28026,-0.0877,"92.4",151,38.05309734513274,7.964601769911504,5.921052631578947,5.72,-1.41,0.21,2.17,0.375,9,"1.315870307",0.336,0.426,"-1.315870307",0.044,0.03899999999999998,0.078,0.047,19.2,"42.1",11.80013564776381,-2.918632163748926,33.18451497718769,0.568904593639576,35.824645688660134,30.617695505573415
586,689690,"Jacob, Alek",586,100,0.275,0.191,0.288,0.466,0.361,0.34,0.25,36,131,84.1,15.9,2254,80.1,81.16,57,268,318,1.1000000000000085,7.34,116,149,125,149,299,324,297,"-5.031","5.031","70.1","7.2",153,110,23,7,0,6,23,15,14,9.2,3.00788,0.65264,1.12486,0.05114,"91.0",163,32.11009174311927,7.339449541284404,5.228758169934641,3.87,-2.75,0,2.73,0.366,8,"0.858532423",0.348,0.422,"-0.858532423",0.025,0.018000000000000016,0.044,0.021,21.3,"-0.6",11.328599100987597,-5.094903034986843,30.68346592463118,0.437984496124031,36.926912066954976,33.857888356315414
586,670329,"Garcia, Rico",589,99.5,0.237,0.153,0.292,0.389,0.292,0.28,0.227,31,131,86.3,12.8,2444,89.9,89.22,91,296,290,-0.7000000000000028,5.98,111,149,120,149,297,325,298,"3.138","-3.138","71.0","7.5",142,94,22,3,1,5,38,26.8,10,7,2.07084,0.78427,0.55335,-0.30195,"91.4",163,42.5531914893617,7.446808510638298,4.929577464788732,5.95,-1.53,0.11,2.31,0.289,7,"-0.535494881",0.283,0.349,"0.535494881",0.01,0.006000000000000005,0.04,0.012,30.7,"49.4",11.226700350295614,-4.246090962309337,30.464050148413435,0.5451388888888888,38.233122988915575,31.901721624844974
582,677161,"Kelly, Zack",587,99.1,0.261,0.134,0.33,0.396,0.318,0.291,0.236,35,134,85,13,2333,90.1,91.1,67,287,295,1,6.99,109,147,115,146,287,318,292,"-0.621","0.621","67.5","7.0",152,102,23,9,0,3,35,23,12,7.9,2.17629,0.68269,0.17746,-0.08089,"91.0",150,31.372549019607842,4.901960784313726,3.289473684210526,5.53,-3.05,-0.04,2.3,0.333,5,"0.106701031",0.311,0.348,"-0.106701031",0.025,0.02200000000000002,0.048,0.027,23.3,"36.5",5.4215472935206215,1.268356757710827,33.11157884439363,0.4734982332155477,35.84626178162365,27.19187782883949
573,678906,"Teng, Kai-Wei",573,100,0.254,0.096,0.365,0.351,0.335,0.309,0.214,29,114,88.6,14.3,2555,87.8,87.77,69,251,322,0,6.32,111,147,116,147,297,328,302,"-2.909","2.909","68.8","7.2",139,76,22,5,0,2,39,28.1,17,12.2,2.71075,0.2786,-0.15016,-0.0356,"91.0",154,31.57894736842105,3.9473684210526314,2.158273381294964,5.44,-2.22,0.28,2.35,0.381,3,"0.507678883",0.349,0.315,"-0.507678883",0.04,0.03200000000000003,0.036,0.026,27.5,"23.6",8.79788244959466,-0.11559416862076971,31.113739327399603,0.5206611570247934,38.21651294120621,29.911054095705428
571,592155,"Booser, Cam",572,99.8,0.233,0.242,0.253,0.475,0.35,0.325,0.205,28,120,89.1,18.9,2118,89.1,89.11,81,270,301,0,6.41,105,147,116,146,294,316,295,"-7.244","7.244","68.8","7.4",143,87,15,5,0,8,35,24.5,19,13.3,2.40226,0.5322,-0.0897,-0.15552,"92.4",178,42.5287356321839,13.793103448275861,8.391608391608392,5.76,2.74,-0.05,2.48,0.343,12,"1.268651489",0.323,0.413,"-1.268651489",0.028,0.020000000000000018,0.062,0.025,30,"36.4",11.205085680096385,-4.428828892397078,31.570891809227064,0.4583333333333333,36.5835308419182,31.66914207009718
569,669684,"Murphy, Chris",573,99.3,0.172,0.115,0.191,0.287,0.276,0.309,0.214,21,122,88.6,9.7,2343,85.8,85.51,67,253,316,-0.29999999999999716,6.24,109,150,117,148,286,320,293,"3.644","-3.644","68.3","7.2",148,93,15,2,0,4,30,20.3,20,13.5,2.93858,0.25182,-0.23789,0.08225,"91.9",126,46.236559139784944,7.526881720430108,4.72972972972973,5.4,2.18,-0.15,2.42,0.311,7,"-0.640421793",0.346,0.332,"0.640421793",-0.042,-0.034999999999999976,-0.045,-0.033,26.5,"41.4",9.251555843705004,-3.025658289436838,32.9140305781994,0.5060728744939271,36.19817806491864,30.630365754914184
567,665871,"Assad, Javier",567,100,0.243,0.14,0.27,0.382,0.31,0.337,0.28,33,136,88.5,9.5,2038,88.7,89.14,43,261,306,0.3999999999999915,6.51,110,150,118,151,300,325,298,"2.203","-2.203","71.1","7.0",153,114,23,4,3,3,23,15,12,7.8,2.22178,0.70347,0.30025,0.01046,"91.9",162,40.35087719298245,3.508771929824561,2.6143790849673203,5.97,-1.65,0.28,2.3,0.32,4,"-0.388536155",0.354,0.407,"0.388536155",-0.037,-0.033999999999999975,-0.025,-0.027,16.5,"51.8",6.356262875379977,6.009504249628933,32.610130143694505,0.4722222222222222,37.25263479245704,27.326434048495575
562,702674,"Dana, Caden",563,99.8,0.256,0.256,0.266,0.513,0.365,0.338,0.245,30,117,88.7,11.8,2090,89.5,89.92,67,238,324,0.4000000000000057,6.56,108,146,112,148,310,329,304,"-7.507","7.507","71.0","7.4",141,89,18,3,0,9,33,23.4,18,12.8,2.29438,0.59133,0.43557,-0.17842,"91.7",165,39.77272727272727,11.363636363636363,7.092198581560284,5.87,-1.87,-0.1,2.27,0.35,10,"1.335765125",0.348,0.417,"-1.335765125",0.011,0.0020000000000000018,0.096,0.027,28.2,"40.5",11.508011265387585,-4.136513546468836,31.339324587379654,0.5283842794759825,38.20655279229521,32.74611535190117
551,681869,"Dubin, Shawn",551,100,0.28,0.182,0.316,0.462,0.351,0.3,0.238,37,132,87.8,10.7,2330,89.3,89.29,51,246,305,0,6.46,108,148,120,148,298,326,298,"-4.389","4.389","69.6","7.2",145,104,25,6,0,6,28,19.3,11,7.6,2.58125,0.32909,0.3292,-0.16604,"91.8",143,40.38461538461539,4.807692307692308,3.4482758620689653,5.76,-1.92,0.06,2.34,0.345,5,"0.796551724",0.307,0.368,"-0.796551724",0.042,0.03799999999999998,0.094,0.051,20.7,"35.3",7.1928870785312276,2.864303278296015,31.416818848394556,0.4936708860759494,38.389074971793015,28.488718455604833
548,593576,"Neris, Héctor",551,99.5,0.279,0.26,0.359,0.538,0.388,0.331,0.226,29,104,88.7,22.3,1813,88,87.29,73,255,293,-0.7000000000000028,6.1,110,147,116,148,299,326,300,"-8.161","8.161","69.3","7.3",124,72,14,9,0,6,35,28.2,16,12.9,2.33818,0.66011,0.80693,0.00686,"91.7",164,45.07042253521127,14.084507042253522,8.064516129032258,6.03,-1.54,-0.17,2.21,0.377,10,"1.489233577",0.333,0.429,"-1.489233577",0.053,0.043999999999999984,0.109,0.057,28.6,"38.7",11.698205499310825,-5.094277767943008,32.19575014537367,0.532258064516129,36.56064867341975,33.15011104170407
547,680684,"Hoglund, Gunnar",548,99.8,0.299,0.283,0.295,0.583,0.395,0.408,0.306,38,127,92.4,14.4,2269,89.4,89.98,55,250,297,0.5999999999999943,6.85,111,149,119,148,299,322,298,"-9.723","9.723","70.3","7.2",139,105,22,6,0,10,23,16.5,11,7.9,1.96068,0.94445,0.54716,-0.1202,"93.1",173,45.714285714285715,16.19047619047619,12.23021582733813,6.18,-2.4,0,2.3,0.353,17,"1.777513711",0.359,0.613,"-1.777513711",-0.007,-0.006000000000000005,-0.03,-0.013,22,"48.9",9.521079730570792,-0.44751338120374684,33.19134344126094,0.5666666666666667,36.85318011115284,30.020095573436954
545,674285,"Salazar, Eduardo",545,100,0.359,0.252,0.392,0.611,0.443,0.371,0.293,47,131,88.7,7.8,2047,92.3,93.01,54,261,284,0.7000000000000028,6.69,114,148,123,149,303,322,301,"-17.33","17.33","69.7","6.9",151,110,29,10,1,7,23,15.2,17,11.3,2.2309,0.46048,0.67017,-0.06645,"92.6",160,44.95412844036697,9.174311926605505,6.622516556291391,5.55,-1.87,0.08,2.46,0.433,10,"3.179816514",0.378,0.473,"-3.179816514",0.066,0.05499999999999999,0.138,0.072,20.7,"35.1",5.959885651807007,5.739861112880629,32.07005510900291,0.48031496062992124,36.79180728449794,26.469871738584523
545,595928,"Curtiss, John",546,99.8,0.215,0.17,0.226,0.385,0.27,0.321,0.268,29,135,88.9,16.5,2376,91.9,92.01,58,285,260,0.09999999999999432,6.38,111,148,118,149,297,323,297,"4.739","-4.739","70.2","7.0",141,112,16,8,0,5,24,17,5,3.5,1.68468,1.02631,0.29566,-0.07809,"91.7",186,42.857142857142854,8.928571428571429,7.092198581560284,6.35,-2.48,0.13,2.59,0.243,10,"-0.869541284",0.294,0.458,"0.869541284",-0.053,-0.05099999999999999,-0.073,-0.051,20.4,"41.7",8.315082621253074,1.912328036539399,30.42075231571933,0.5641025641025641,36.03557269995,28.536058143343592
544,701487,"Ohl, Pierson",545,99.8,0.302,0.198,0.351,0.5,0.359,0.334,0.291,38,126,88.7,15,2188,86.1,86.12,60,273,271,0,6.27,114,146,117,148,299,330,295,"-5.726","5.726","70.3","7.5",133,99,24,8,1,5,27,20.3,7,5.3,2.24338,0.86263,0.73421,-0.08715,"91.9",176,39.39393939393939,10.1010101010101,7.518796992481203,5.95,-1.04,-0.14,2.12,0.338,10,"1.052573529",0.328,0.443,"-1.052573529",0.011,0.010000000000000009,0.057,0.025,22,"47.4",13.248702676409847,-6.681221934899505,33.29152334113868,0.5133079847908745,37.034801689659744,34.46554843754837
543,620454,"Castillo, José",549,98.9,0.31,0.147,0.371,0.457,0.367,0.316,0.258,40,129,89,3.7,2228,89,88.79,57,252,291,-0.20000000000000284,6.3,111,147,119,148,299,323,296,"-3.952","3.952","69.3","7.3",149,101,29,7,0,4,30,20.1,14,9.4,2.59914,0.31891,0.41671,-0.07983,"92.4",132,43,6,4.026845637583892,6,3.04,0.04,2.24,0.389,6,"0.727808471",0.346,0.368,"-0.727808471",0.052,0.04300000000000004,0.089,0.051,22.6,"39.3",9.543654611901538,0.36083951964648797,34.25416785979497,0.48770491803278687,37.31707694004897,30.840803648270416
536,689266,"Dodd, Dylan",536,100,0.219,0.172,0.242,0.391,0.274,0.285,0.235,28,128,90,8,2116,89,89.23,90,291,245,0.20000000000000284,6.44,110,148,122,148,306,325,296,"2.944","-2.944","71.4","7.3",136,100,17,5,1,5,30,22.1,5,3.7,2.17478,0.72007,0.41761,-0.12635,"92.7",157,48,8,5.88235294117647,5.89,2.42,-0.27,2.11,0.25,8,"-0.549253731",0.268,0.39,"0.549253731",-0.016,-0.018000000000000016,0.001,-0.011,30.9,"37.1",11.487279591240712,-3.0585564301907606,33.44890162033477,0.5176056338028169,36.39232102741689,31.5294133794772
536,605463,"Scott, Tayler",537,99.8,0.306,0.279,0.337,0.586,0.415,0.382,0.268,34,111,87.2,9.2,2043,88,86.81,64,231,305,-1.2000000000000028,5.73,112,148,116,147,300,321,295,"-15.86","15.86","68.1","7.1",134,91,17,9,2,6,24,17.9,18,13.4,2.68159,0.30239,0.66177,0.14875,"92.3",161,44.44444444444444,11.11111111111111,7.462686567164178,4.72,-3.7,-0.03,2.49,0.402,10,"2.958955224",0.377,0.49,"-2.958955224",0.038,0.025000000000000022,0.096,0.033,27.7,"12.9",8.07812447870605,0.10194489767899484,31.447560571461416,0.4642857142857143,37.627850705963894,29.612115807403324
534,622503,"Crismatt, Nabil",534,100,0.282,0.183,0.304,0.465,0.34,0.329,0.28,40,142,86.3,10.7,1947,83.4,84.09,60,252,282,0.6999999999999886,6.76,108,148,118,149,300,323,298,"-5.21","5.21","71.4","7.5",153,118,28,4,2,6,25,16.3,9,5.9,2.99187,0.33593,0.58627,0.15751,"91.8",146,29.66101694915254,5.084745762711865,3.9215686274509802,5.68,-2.62,-0.06,2.17,0.327,6,"0.975655431",0.326,0.429,"-0.975655431",0.002,0.0010000000000000009,0.036,0.011,23.8,"35.7",13.996382186901018,-9.447194789137535,33.84925149834033,0.4777327935222672,36.09814854093902,36.43478015345122
532,663671,"Enright, Nic",532,100,0.212,0.106,0.263,0.319,0.279,0.3,0.23,24,113,87.2,20.4,2494,90.2,90.35,72,273,259,0.09999999999999432,6.46,111,149,123,148,300,320,295,"4.432","-4.432","68.8","7.2",127,83,18,3,0,3,30,23.6,12,9.4,1.68289,1.15117,0.16203,0.00838,"90.6",166,36.144578313253014,6.024096385542169,3.937007874015748,6.21,-1.45,0.4,2.4,0.299,5,"-0.833082707",0.315,0.355,"0.833082707",-0.018,-0.016000000000000014,-0.036,-0.021,26.4,"54.0",9.133226753569664,0.15177319634399333,31.269246396858033,0.4924812030075188,37.692451283005276,29.218837960488973
531,657424,"Gage, Matt",536,99.1,0.287,0.057,0.368,0.344,0.315,0.27,0.23,35,122,86.3,10.8,2138,87.9,88.13,58,251,280,0.19999999999998863,6.31,110,147,117,147,294,324,294,"1.432","-1.432","67.6","7.0",137,96,28,7,0,0,27,19.7,12,8.8,2.44109,0.52438,-0.08441,-0.05991,"91.4",133,33.33333333333333,3.125,2.18978102189781,6.37,2.06,-0.14,2.39,0.36,3,"-0.269679849",0.309,0.288,"0.269679849",0.057,0.05099999999999999,0.056,0.045,23.1,"50.3",6.675551041774563,2.5945229892011628,31.32060619854435,0.4732510288065844,37.96288601175016,28.10385579144253
529,668820,"Kranick, Max",529,100,0.239,0.141,0.257,0.38,0.283,0.328,0.263,34,142,89.7,18.2,2261,90.4,90.86,61,294,235,0.5,6.71,114,148,118,149,298,323,295,"1.825","-1.825","69.6","7.1",150,118,24,5,0,5,25,16.7,7,4.7,2.03985,0.8011,-0.19582,0.03167,"91.9",164,45.689655172413794,9.482758620689655,7.333333333333333,5.87,-2.34,0.18,2.65,0.273,11,"-0.344990548",0.301,0.444,"0.344990548",-0.024,-0.02799999999999997,-0.064,-0.045,20.7,"42.3",7.685198459688352,0.769057755437638,30.742900243806865,0.524822695035461,35.89167426293619,28.672192589598875
527,688642,"Agnos, Zach",527,100,0.261,0.227,0.271,0.487,0.357,0.383,0.282,31,119,89.1,14.4,2207,91.1,91.04,75,255,272,-0.09999999999999432,6.06,115,148,120,148,302,333,305,"-5.465","5.465","70.5","7.3",137,102,15,10,1,5,19,13.9,16,11.7,2.21476,0.53494,0.22044,-0.28155,"92.7",169,45,13,9.48905109489051,5.89,-1.81,0.3,2.38,0.346,13,"1.037001898",0.369,0.524,"-1.037001898",-0.021,-0.02300000000000002,-0.037,-0.026,29.4,"40.1",10.975379446293143,-2.30232888404505,31.171140665456505,0.532,38.22922722930025,31.188884450912898
524,681676,"Fernandez, Ryan",532,98.5,0.293,0.228,0.361,0.52,0.382,0.311,0.227,36,123,89.5,13.3,2375,90.3,90.41,84,262,262,0.10000000000000853,6.35,110,147,113,146,300,321,296,"-6.121","6.121","69.3","7.4",140,89,23,4,3,6,34,24.3,16,11.4,2.15265,0.66029,0.23351,-0.09561,"92.5",161,43.82022471910113,11.235955056179774,7.142857142857142,5.93,-1.79,0.2,2.33,0.379,10,"1.168129771",0.32,0.394,"-1.168129771",0.066,0.059,0.126,0.071,32.1,"56.3",11.967167664752935,-4.544881798471918,31.530559687538304,0.4980237154150198,38.82246507096464,33.08167374482922
522,663372,"Feltner, Ryan",523,99.8,0.27,0.172,0.309,0.443,0.336,0.281,0.225,33,122,89.4,10.6,2315,88.5,88.84,67,253,269,0.29999999999999716,6.25,116,148,116,149,306,333,305,"-1.435","1.435","70.2","7.2",135,98,20,9,0,4,25,18.5,12,8.9,2.43711,0.48048,0.00019,-0.12319,"92.5",154,36.08247422680412,4.123711340206185,2.9629629629629632,5.52,-1.47,0.04,2.31,0.333,4,"0.274904215",0.293,0.343,"-0.274904215",0.045,0.040000000000000036,0.1,0.055,26.5,"41.0",9.0671571836058,-0.7682206280847169,30.69991121388226,0.4625,37.738940326616564,32.00368120197167
520,664991,"Wolfram, Grant",525,99,0.302,0.121,0.393,0.422,0.353,0.293,0.24,35,116,87.6,13.2,2344,91.4,91.3,62,241,279,-0.10000000000000853,6.25,113,148,119,148,298,322,296,"-4.165","4.165","68.0","7.0",133,86,25,8,0,2,31,23.3,15,11.3,2.26319,0.49681,0.39317,-0.05274,"91.4",151,37.2093023255814,3.488372093023256,2.2556390977443606,6.22,2.14,-0.05,2.6,0.383,3,"0.800961538",0.33,0.326,"-0.800961538",0.062,0.05299999999999999,0.096,0.06,25.7,"42.0",7.290866440230588,4.327493888688222,30.609642548534637,0.5042016806722689,36.425188837274305,26.677629882785705
512,669422,"Sauer, Matt",512,100,0.299,0.222,0.326,0.521,0.37,0.341,0.282,35,117,89.6,12.8,2281,90.2,90.57,50,260,252,0.3999999999999915,6.52,111,151,124,150,296,318,299,"-7.744","7.744","69.2","7.0",129,95,22,6,1,6,24,18.6,8,6.2,2.16479,0.65529,0.17303,0.01131,"91.6",165,36.84210526315789,8.421052631578947,6.2015503875969,5.99,-2.37,-0.02,2.31,0.349,8,"1.5125",0.333,0.459,"-1.5125",0.017,0.01599999999999996,0.062,0.029,19.2,"44.5",8.42414261778191,0.09642133097204675,31.064331605233168,0.46215139442231074,36.441571993097895,30.167929925430602
512,663399,"Waddell, Brandon",513,99.8,0.24,0.198,0.26,0.438,0.32,0.362,0.285,29,121,89.4,14.2,2155,86.2,85.64,49,238,274,-0.6000000000000085,6.12,109,150,119,149,301,328,296,"0.909","-0.909","70.2","7.3",134,100,14,10,1,4,22,16.4,11,8.2,2.47254,0.65405,0.11844,-0.13645,"92.3",158,40,10,7.462686567164178,6,2.68,0.1,2.27,0.306,10,"-0.177539063",0.349,0.483,"0.177539063",-0.045,-0.04299999999999998,-0.045,-0.042,20.6,"40.7",11.552276714822835,-1.57291115974505,31.88167472643574,0.5341880341880342,36.64452147614794,31.58612171952694
511,595014,"Treinen, Blake",526,97.1,0.28,0.159,0.382,0.439,0.358,0.301,0.216,30,107,86.6,18,2513,89.9,88.69,61,238,273,-1.2000000000000028,5.58,109,150,120,148,296,316,292,"-3.073","3.073","67.9","7.3",129,72,21,5,0,4,36,27.9,19,14.7,2.55217,0.30834,-0.05967,0.09567,"91.3",158,37.5,6.944444444444445,3.875968992248062,6.27,-2.82,0.24,2.4,0.395,5,"0.601369863",0.342,0.349,"-0.601369863",0.064,0.05299999999999999,0.09,0.057,25.6,"32.9",9.329918235146613,-2.324636685844963,32.94917351094901,0.5387931034482759,36.2784203111167,30.81715657629743
508,669713,"Wesneski, Hayden",508,100,0.24,0.24,0.256,0.479,0.322,0.322,0.25,29,121,87.7,14.4,2387,88.3,88.97,56,241,267,0.7000000000000028,6.85,113,150,116,149,299,322,293,"-0.523","0.523","70.0","7.2",131,95,14,8,0,7,29,22.1,6,4.6,2.49539,0.48844,-0.08167,-0.17199,"92.1",163,42.10526315789473,10.526315789473683,7.633587786259542,5.94,-1.62,0.03,2.29,0.279,10,"0.102952756",0.292,0.454,"-0.102952756",-0.01,-0.012999999999999956,0.025,0,23.2,"46.2",8.407496075948051,-0.1974366970544124,31.060204783325485,0.4851063829787234,36.741503304442894,30.160408918406183
507,805123,"Blubaugh, AJ",508,99.8,0.152,0.188,0.153,0.339,0.251,0.28,0.188,17,112,89.1,22,2443,89.6,89.76,73,243,264,0.20000000000000284,6.64,112,149,121,149,302,329,301,"7.291","-7.291","70.1","7.2",125,78,8,3,0,6,35,28,12,9.6,1.98051,0.9246,0.51308,-0.18996,"91.7",174,42.857142857142854,10.38961038961039,6.4,5.94,-2.37,0.09,2.39,0.232,8,"-1.438067061",0.265,0.376,"1.438067061",-0.036,-0.033,-0.037,-0.029,30,"43.1",8.947472025471926,1.0911932616162558,31.67321160423895,0.4560669456066946,38.36812217997619,28.99881893156051
503,681870,"Sabrowski, Erik",503,100,0.144,0.103,0.226,0.247,0.271,0.285,0.159,14,97,87.5,24.4,2633,90.7,91.26,91,239,264,0.5999999999999943,6.72,111,150,120,148,292,321,299,"3.746","-3.746","68.1","6.8",121,55,8,4,0,2,42,34.7,21,17.4,1.77825,1.03197,0.45355,-0.09239,"90.9",166,41.81818181818181,3.6363636363636362,1.6528925619834711,6.02,1.31,-0.16,2.66,0.314,2,"-0.74473161",0.326,0.274,"0.74473161",-0.015,-0.01200000000000001,-0.027,-0.014,38.1,"48.2",7.102656877723959,0.6368056231894221,30.051530119764887,0.5584415584415584,36.16530923386145,29.105593170632144
502,685326,"Brown, McCade",502,100,0.291,0.233,0.32,0.524,0.405,0.383,0.266,30,103,91.7,16.2,2399,89.4,90.57,52,223,279,1.1999999999999886,7.07,114,150,118,148,299,326,301,"-10.66","10.66","68.9","7.1",126,81,18,6,0,6,23,18.3,17,13.5,2.3989,0.508,0.39522,-0.159,"92.2",173,45.67901234567901,9.876543209876543,6.349206349206349,5.73,-3.69,0.07,2.59,0.413,8,"2.123505976",0.394,0.477,"-2.123505976",0.025,0.01899999999999996,0.047,0.022,23.3,"30.5",9.177663491193272,0.9571124976449568,30.726876269908136,0.5137614678899083,37.79159604859852,29.526850793717884
501,687377,"Ribalta, Orlando",502,99.8,0.277,0.228,0.31,0.505,0.383,0.361,0.251,28,101,85.9,18.5,2368,91.9,92.02,63,244,257,0.09999999999999432,6.43,110,150,121,149,301,323,296,"-6.994","6.994","69.4","7.4",120,77,17,5,0,6,25,20.8,17,14.2,1.69359,1.03565,0.54539,0.07078,"91.3",169,32.467532467532465,11.688311688311687,7.5,6.4,-1.78,-0.18,2.56,0.383,9,"1.396007984",0.362,0.466,"-1.396007984",0.026,0.02100000000000002,0.039,0.022,25.8,"39.6",12.92789251895825,-5.682571338012921,30.473509284809182,0.5083333333333333,37.144282851357325,32.32722580429773
500,663455,"Pilkington, Konnor",500,100,0.216,0.255,0.238,0.471,0.346,0.383,0.259,22,102,90.6,17.1,2242,90.8,91,65,223,277,0.20000000000000284,6.54,110,149,119,149,299,324,298,"-4.441","4.441","70.1","7.2",123,70,10,5,0,7,34,27.6,17,13.8,2.05204,0.76159,0.88082,-0.40441,"92.0",190,44.285714285714285,15.714285714285714,8.94308943089431,5.7,2.77,-0.04,2.27,0.333,11,"0.8882",0.371,0.522,"-0.8882",-0.043,-0.03799999999999998,-0.051,-0.037,29.1,"29.3",8.319292504791258,2.0737293342846566,31.957637669086647,0.48868778280542985,39.01302908086461,28.575631760470543
499,686580,"Slaten, Justin",504,99,0.214,0.095,0.242,0.31,0.251,0.288,0.234,27,126,89.1,12.3,2579,91.9,92.59,75,269,230,0.6999999999999886,6.81,109,145,112,145,287,319,293,"6.998","-6.998","69.4","7.1",137,102,21,3,0,3,25,18.2,10,7.3,2.19836,0.53613,-0.29429,-0.11753,"91.5",152,34.31372549019608,7.8431372549019605,5.839416058394161,5.96,-0.91,0.19,2.28,0.27,8,"-1.40240481",0.288,0.387,"1.40240481",-0.02,-0.01799999999999996,-0.077,-0.037,27.9,"50.9",7.811608850697004,1.9095096072447122,32.270530904633574,0.5150375939849624,36.48722959233991,28.345940811128813
494,680694,"Bradish, Kyle",494,100,0.2,0.096,0.308,0.296,0.255,0.273,0.212,23,115,89.8,20.3,2411,90.8,90.81,78,224,270,0,6.38,111,149,118,149,296,325,301,"6.93","-6.93","68.9","7.2",126,68,18,2,0,3,47,37.3,10,7.9,2.23822,0.56063,-0.09491,-0.05195,"92.2",160,38.23529411764706,8.823529411764707,4.761904761904762,6.43,-1.12,0.07,2.38,0.27,6,"-1.402834008",0.281,0.333,"1.402834008",-0.012,-0.01100000000000001,-0.037,-0.018,34.8,"56.3",9.60853212934843,0.31588803263608867,32.18720293831675,0.5363636363636364,36.838091482573,28.952225674078228
494,669308,"Reynolds, Sean",494,100,0.206,0.165,0.235,0.371,0.322,0.38,0.255,20,97,88.8,13.5,2377,91.3,91.78,48,211,283,0.5,6.68,119,150,123,150,303,325,297,"-3.171","3.171","68.8","7.0",117,72,12,4,0,4,25,21.4,17,14.5,2.00516,0.7735,0.2019,-0.16854,"91.3",182,43.05555555555556,11.11111111111111,6.837606837606838,6.54,-1.42,0.05,2.7,0.342,8,"0.641902834",0.383,0.486,"-0.641902834",-0.049,-0.04099999999999998,-0.115,-0.058,22.7,"39.8",8.418468385960628,2.234805600220541,30.80119496872204,0.52,37.13928837321123,28.768713137407868
492,670059,"Holderman, Colin",496,99.2,0.327,0.183,0.357,0.51,0.399,0.362,0.285,34,104,89,8.4,2329,91.4,91.73,59,229,263,0.29999999999999716,6.54,106,147,113,147,291,313,290,"-9.898","9.898","68.9","7.3",125,89,23,7,0,4,18,14.4,16,12.8,2.20301,0.57037,0.30796,0.10617,"92.2",138,44.31818181818182,5.681818181818182,4,5.66,-1.63,0.09,2.1,0.419,5,"2.011788618",0.389,0.425,"-2.011788618",0.042,0.02999999999999997,0.085,0.037,25.8,"30.0",9.917416421793448,-3.5085122854819235,32.10509530405026,0.5336322869955157,37.25472172986059,31.180874477895827
491,656464,"Ginkel, Kevin",491,100,0.284,0.127,0.36,0.412,0.338,0.326,0.228,29,102,88.1,10.2,2411,90.6,91.38,65,231,260,0.8000000000000114,6.79,110,147,119,149,300,322,298,"-4.205","4.205","67.3","7.1",121,77,20,7,0,2,29,24,13,10.7,2.17232,0.63496,0.30982,0.02138,"92.5",178,46.05263157894737,10.526315789473683,6.6115702479338845,6.52,-2.12,0.22,2.42,0.364,8,"0.856415479",0.327,0.403,"-0.856415479",0.056,0.03699999999999998,0.009,0.012,28.1,"41.8",9.593183766881008,0.019843550498443108,31.572602148965945,0.47058823529411764,38.00509427914711,30.247073054338518
489,677955,"Hill, Jaden",489,100,0.243,0.135,0.309,0.378,0.309,0.282,0.218,27,111,85.6,12,2219,91.8,91.93,64,245,244,0.10000000000000853,6.13,113,147,118,146,299,329,301,"0.17","-0.17","68.4","7.3",129,83,18,5,2,2,31,24,12,9.3,2.21258,0.50035,0.74767,-0.25491,"91.3",160,34.93975903614458,2.4096385542168677,1.550387596899225,5.7,-1.32,0.12,2.43,0.326,2,"-0.034764826",0.305,0.321,"0.034764826",0.025,0.02100000000000002,0.057,0.027,26.1,"25.2",10.279512578472174,-1.4422302657092825,32.11679316365606,0.4686192468619247,38.14572174307123,30.51994170417978
489,800049,"Mazur, Adam",489,100,0.264,0.16,0.282,0.424,0.329,0.347,0.276,33,125,87.5,12.1,2371,89.3,88.82,52,239,250,-0.5,6.1,111,147,116,149,313,333,302,"-3.559","3.559","71.9","7.4",139,107,21,8,0,4,19,13.7,12,8.6,2.37857,0.51762,0.09582,-0.12852,"92.1",163,31.775700934579437,8.411214953271028,6.474820143884892,6.06,-2.01,-0.06,2.33,0.331,9,"0.727811861",0.343,0.456,"-0.727811861",-0.012,-0.01200000000000001,-0.032,-0.018,21.8,"55.0",10.89952010441568,-0.5736057411913553,32.405036589246,0.6008403361344538,37.92704501916899,29.682983139390988
483,685107,"Veneziano, Anthony",483,100,0.277,0.208,0.324,0.485,0.359,0.358,0.284,28,101,89.8,9.9,2311,88.6,88.05,57,235,248,-0.5999999999999943,6,108,146,117,148,295,317,288,"-3.415","3.415","70.0","7.1",117,79,17,5,2,4,25,21.4,11,9.4,2.36436,0.57375,0.17358,-0.08168,"91.9",147,46.835443037974684,11.39240506329114,7.6923076923076925,6.19,2.07,0.01,2.23,0.353,9,"0.707039337",0.36,0.465,"-0.707039337",-0.007,-0.007000000000000006,0.02,0.001,24.3,"34.8",7.569158151538865,1.1520660851699107,33.60142129820688,0.44782608695652176,36.73334668570737,28.67458592948029
482,669062,"Miller, Erik",498,96.8,0.238,0.05,0.296,0.287,0.297,0.33,0.254,24,101,86,7.9,2286,92.2,92.54,70,228,254,0.29999999999999716,6.68,106,147,116,145,291,321,293,"3.437","-3.437","67.8","7.0",128,83,19,5,0,0,22,17.2,20,15.6,2.15795,0.57506,0.81295,-0.34639,"91.3",133,32.53012048192771,3.614457831325301,2.34375,6.24,1.76,-0.18,2.42,0.373,3,"-0.713070539",0.391,0.352,"0.713070539",-0.016,-0.018000000000000016,-0.065,-0.033,30.7,"32.0",9.539531752980054,-3.0886621834724153,32.3503794831009,0.44,35.62047602300457,30.414632927213017
477,676092,"Snider, Collin",481,99.2,0.299,0.234,0.354,0.533,0.366,0.359,0.287,32,107,88.9,11.4,2691,87.3,86.95,57,263,214,-0.3999999999999915,6.12,109,145,115,143,288,319,293,"-5.655","5.655","69.4","7.1",119,87,15,12,2,3,24,20.2,6,5,2.76025,0.26264,-0.47998,-0.10635,"92.0",151,47.674418604651166,12.790697674418606,9.243697478991598,5.17,-3.2,0.22,2.43,0.342,11,"1.185534591",0.337,0.496,"-1.185534591",0.012,0.0050000000000000044,0.037,0.007,21.7,"18.6",9.039520830487538,-3.3915762522201938,31.498799481145017,0.45161290322580644,37.37244229541958,30.72568770869395
471,687362,"Gillispie, Connor",472,99.8,0.294,0.266,0.317,0.56,0.387,0.344,0.258,32,109,90,15.9,2390,86.4,85.39,46,215,256,-1,5.78,110,146,118,148,291,317,291,"-5.954","5.954","69.2","7.2",123,88,15,11,0,6,23,18.7,11,8.9,2.43423,0.66047,-0.00023,-0.24804,"93.2",155,50,12.5,8.94308943089431,5.58,-1.82,0.17,2.5,0.358,11,"1.264118896",0.329,0.464,"-1.264118896",0.036,0.02899999999999997,0.096,0.043,21.4,"42.4",10.921338632198006,-2.6662122448391354,30.651782316809772,0.6076555023923444,37.50402807936827,30.291802646589673
469,664141,"Brubaker, JT",473,99.2,0.223,0.068,0.284,0.291,0.271,0.32,0.259,23,103,88.8,15,2337,89.6,88.49,52,218,251,-1.0999999999999943,5.63,113,150,123,150,297,325,290,"5.16","-5.16","69.9","7.6",117,82,17,5,1,0,22,18.8,12,10.3,2.44503,0.42155,0.74398,-0.06454,"92.3",148,45.1219512195122,6.097560975609756,4.273504273504273,6.37,-2.49,0.11,2.01,0.31,5,"-1.10021322",0.342,0.385,"1.10021322",-0.036,-0.03200000000000003,-0.094,-0.049,23.9,"46.4",12.639891814583274,-6.120596482605005,32.92008946119932,0.5633802816901409,38.59758574679592,34.22846026895091
467,642528,"Loáisiga, Jonathan",479,97.5,0.281,0.24,0.303,0.521,0.367,0.298,0.242,34,121,85.9,7.9,2232,93.6,93.85,66,249,218,0.20000000000000284,6.5,115,150,120,151,293,322,285,"-6.836","6.836","70.8","7.3",135,96,19,8,0,7,25,18.5,10,7.4,2.13587,0.49224,0.99507,0.10818,"91.6",128,35.78947368421053,6.315789473684211,4.444444444444445,5.4,-2.24,-0.25,2.13,0.351,6,"1.463811563",0.316,0.377,"-1.463811563",0.039,0.034999999999999976,0.144,0.069,26.5,"44.6",10.214175665508932,-3.259800615148457,32.63053457271258,0.4959016393442623,35.53477211803734,30.66178576574488
465,690925,"Beeter, Clayton",465,100,0.155,0.119,0.204,0.274,0.269,0.304,0.2,13,84,87.4,17.5,2623,92.3,91.68,69,210,255,-0.5999999999999943,5.92,113,149,119,151,300,326,294,"3.993","-3.993","67.8","7.3",104,53,9,1,0,3,33,31.7,18,17.3,2.08843,0.60703,0.00577,-0.002,"90.8",174,32.075471698113205,9.433962264150944,4.807692307692308,6.1,-1.21,0.01,2.36,0.301,5,"-0.858709677",0.338,0.328,"0.858709677",-0.045,-0.03700000000000003,-0.054,-0.035,32.9,"51.5",7.88841835495171,0.043931683377112896,32.107077620713206,0.4492753623188406,35.67744337433051,29.368018590382345
463,687830,"Gipson-Long, Sawyer",463,100,0.281,0.273,0.286,0.554,0.362,0.375,0.3,34,121,90.4,13.1,2167,87.9,89.7,58,238,225,1.7999999999999972,7.35,114,150,115,149,296,330,296,"-9.914","9.914","71.0","7.5",133,99,17,9,0,8,26,19.5,6,4.5,2.47527,0.49448,0.58632,-0.00636,"93.0",167,39.39393939393939,13.131313131313133,9.774436090225564,5.35,-2.24,0.02,2.2,0.316,13,"2.1412527",0.337,0.548,"-2.1412527",-0.019,-0.02100000000000002,0.006,-0.013,24.4,"29.2",12.475379558947449,-4.903813909336145,33.354802673937286,0.4721030042918455,36.95474935261857,33.19405606774837
461,696149,"Chandler, Bubba",461,100,0.214,0.12,0.274,0.333,0.26,0.295,0.235,25,117,90.2,7.9,2311,94.7,95.22,70,231,230,0.5,6.59,111,147,118,149,294,313,295,"5.446","-5.446","69.4","7.0",124,86,16,6,1,2,31,25,4,3.2,1.65319,0.91153,0.68061,-0.28712,"92.2",166,41.17647058823529,9.411764705882353,6.451612903225806,5.83,-1.24,-0.18,2.56,0.258,8,"-1.181344902",0.278,0.401,"1.181344902",-0.021,-0.020000000000000018,-0.068,-0.035,30.3,"41.6",5.446841028171336,7.050320262955377,31.84540692143247,0.3688888888888889,36.838120949267925,24.69586641831405
461,667297,"Nance, Tommy",461,100,0.214,0.017,0.291,0.231,0.225,0.307,0.271,25,117,88.4,4.3,2705,89.2,88.8,53,215,246,-0.4000000000000057,6.1,111,147,118,147,293,321,291,"6.543","-6.543","67.9","7.3",126,86,23,2,0,0,32,25.4,7,5.6,3.06575,-0.17963,0.04695,0.13146,"92.5",118,45.88235294117647,8.235294117647058,5.555555555555555,6.13,-1.13,0.23,2.3,0.262,7,"-1.419305857",0.316,0.383,"1.419305857",-0.057,-0.05399999999999999,-0.152,-0.082,24.7,"42.2",8.950241816258112,-0.6974725868701228,31.00447992697435,0.5550239234449761,38.506458429066114,29.192074317059387
461,608334,"Fulmer, Carson",462,99.8,0.227,0.191,0.25,0.418,0.308,0.309,0.223,25,110,88.1,15,2102,89.2,89.2,54,217,244,0,6.31,111,147,122,149,308,331,303,"-0.418","0.418","70.0","7.3",123,86,15,4,1,5,26,21.1,11,8.9,2.28662,0.59742,0.68256,-0.17544,"92.1",141,39.53488372093023,11.627906976744185,8.130081300813007,5.55,-2.47,-0.02,1.94,0.295,10,"0.090672451",0.291,0.422,"-0.090672451",0.004,0.0040000000000000036,-0.004,-0.001,24.9,"35.0",10.405131889224394,-3.412439749695418,35.40272518105975,0.5343137254901961,37.04692965925096,30.319057874795032
459,605154,"Brebbia, John",460,99.8,0.289,0.227,0.343,0.515,0.388,0.327,0.231,28,97,90.1,21.5,2363,88.3,88.7,43,217,242,0.4000000000000057,6.56,112,148,116,149,299,327,295,"-8.365","8.365","70.3","7.2",115,72,16,7,0,5,26,22.6,12,10.4,2.05017,0.89721,0.28094,-0.09327,"91.9",166,45.83333333333333,9.722222222222223,6.086956521739131,5.72,-1.85,0.05,2.31,0.386,7,"1.822440087",0.338,0.395,"-1.822440087",0.058,0.04799999999999999,0.12,0.061,19.8,"38.7",8.68205743797751,-0.6775837340573927,31.404308282907373,0.4597156398104265,37.60587654044269,30.836016841478163
459,694350,"Brzykcy, Zach",460,99.8,0.292,0.24,0.333,0.531,0.393,0.369,0.277,28,96,90.9,21.6,2326,90.4,90.88,63,233,226,0.5,6.57,114,149,125,150,300,324,302,"-5","5","69.4","7.2",110,72,17,5,0,6,24,21.8,12,10.9,2.01628,0.79826,0.51216,-0.23246,"91.6",190,44.44444444444444,8.333333333333332,5.454545454545454,5.89,-1.27,-0.19,2.62,0.382,6,"1.089324619",0.369,0.476,"-1.089324619",0.015,0.013000000000000012,0.055,0.024,27,"51.4",10.567287484850171,-0.7956555296832485,29.383688004237488,0.5859030837004405,37.831411733409865,30.103465312688233
457,621237,"Alvarado, José",457,100,0.262,0.136,0.338,0.398,0.31,0.296,0.225,27,103,91,8.2,2114,96.6,97.46,53,218,239,0.9000000000000057,6.89,107,147,115,146,298,318,284,"-1.455","1.455","68.7","7.0",114,74,21,2,0,4,32,28.1,7,6.1,1.62972,0.83674,0.78226,-0.34916,"92.3",164,47.2972972972973,12.162162162162163,7.894736842105263,6.51,1.32,-0.42,2.34,0.313,9,"0.318380744",0.284,0.392,"-0.318380744",0.037,0.029000000000000026,0.006,0.014,24.3,"59.1",7.181494916249042,0.8424064674197588,32.54075712213028,0.5727699530516432,34.54474684571755,27.11919157826896
456,656186,"Altavilla, Dan",456,100,0.19,0.17,0.2,0.36,0.307,0.331,0.24,19,100,85,8.4,2242,93.8,93.2,47,209,247,-0.5999999999999943,5.92,110,149,118,148,297,319,295,"-2.748","2.748","69.3","7.1",120,80,10,5,0,4,21,17.5,15,12.5,1.97643,0.62475,0.84213,-0.23334,"91.2",139,31.25,8.75,5.833333333333333,5.18,-2.12,-0.06,2.53,0.319,7,"0.602631579",0.362,0.37,"-0.602631579",-0.05,-0.04299999999999998,-0.01,-0.024,22.5,"24.7",8.779389707230367,2.723358918247393,32.33410571122023,0.535,36.52969267717495,27.949295216291247
449,606303,"Payamps, Joel",453,99.1,0.301,0.282,0.346,0.583,0.389,0.398,0.291,31,103,90,17.8,2600,89.4,89.04,48,192,257,-0.4000000000000057,6.15,114,148,120,148,305,328,299,"-8.009","8.009","68.3","7.3",117,82,14,9,4,4,24,20.5,9,7.7,2.37196,0.52957,-0.16376,-0.07138,"92.7",194,40.243902439024396,17.073170731707318,11.965811965811966,5.63,-2.44,0.05,2.19,0.359,14,"1.783741648",0.362,0.564,"-1.783741648",0.01,-0.0030000000000000027,0.019,-0.009,25,"30.2",9.047116275874215,0.5101698342129859,32.90065400490406,0.5405405405405406,36.641274117083604,28.480975898907676
448,687606,"Schultz, Paxton",448,100,0.276,0.214,0.333,0.49,0.346,0.304,0.223,27,98,91.1,18.5,2153,89.7,89.27,55,201,247,-0.4000000000000057,6.08,109,147,119,147,294,323,296,"-4.258","4.258","69.1","7.0",110,73,14,9,0,4,28,25.5,8,7.3,1.94857,0.90272,0.19381,-0.11103,"91.9",173,35.61643835616438,10.95890410958904,7.2727272727272725,5.81,-2.4,-0.13,2.55,0.327,8,"0.950446429",0.296,0.382,"-0.950446429",0.053,0.031000000000000028,0.108,0.042,27.4,"35.6",5.919438948574783,6.6828966466207955,30.854609744781417,0.4898989898989899,37.38632525915886,25.33411247133714
447,621199,"Bowman, Matt",447,100,0.292,0.208,0.321,0.5,0.362,0.35,0.282,31,106,87.2,12.6,2170,88.2,88.43,36,207,240,0.20000000000000284,6.69,113,149,122,147,303,325,300,"-3.654","3.654","69.3","6.9",114,88,17,10,0,4,18,15.8,6,5.3,2.57622,0.39644,0.49243,0.05581,"91.5",157,35.22727272727273,9.090909090909092,7.017543859649122,5.58,-4.28,0.02,2.55,0.342,8,"0.817449664",0.332,0.475,"-0.817449664",0.01,0.010000000000000009,0.025,0.012,17.4,"30.2",6.511552136677002,5.346174732695003,30.64353784337403,0.421875,37.14810531030964,26.959476057150994
438,687922,"Lucas, Easton",438,100,0.272,0.207,0.294,0.478,0.348,0.37,0.279,25,92,91.2,17.4,2053,90.1,89.9,54,226,212,-0.19999999999998863,6.32,107,150,115,147,291,322,296,"-2.836","2.836","69.5","7.0",108,73,16,4,0,5,23,21.3,12,11.1,1.90806,0.94448,0.31259,-0.33597,"92.0",173,43.83561643835616,10.95890410958904,7.4074074074074066,6.18,2.29,-0.02,2.43,0.343,8,"0.647488584",0.351,0.529,"-0.647488584",-0.007,-0.007999999999999952,-0.051,-0.022,23.9,"48.2",7.843223592241948,3.73649556955813,31.296064751501454,0.5315315315315315,36.14213943406024,27.206782315930816
437,672335,"Pérez, Cionel",441,99.1,0.322,0.172,0.391,0.494,0.407,0.307,0.214,28,87,89,2.6,2256,91.1,90.44,49,199,238,-0.6999999999999886,5.99,110,146,119,145,302,323,299,"-9.142","9.142","68.7","7.1",110,69,19,6,0,3,21,19.1,18,16.4,2.41259,0.37481,0.27577,0.04794,"91.7",127,44.927536231884055,2.898550724637681,1.8181818181818181,5.55,1.28,-0.07,2.16,0.444,2,"2.091990847",0.358,0.314,"-2.091990847",0.108,0.08600000000000002,0.18,0.1,24.6,"38.0",6.533451775629466,1.1050643774388837,33.25858558084453,0.44385026737967914,36.063647972995405,28.268402572494875
436,678821,"Peralta, Luis",436,100,0.325,0.263,0.339,0.588,0.444,0.432,0.305,26,80,93.8,16.2,2244,90.9,90.62,38,183,253,-0.30000000000001137,6.04,114,149,119,147,301,328,300,"-9.865","9.865","68.5","7.0",101,65,17,3,0,6,16,15.8,18,17.8,2.02837,0.76191,0.50915,-0.09507,"93.3",194,51.5625,9.375,5.9405940594059405,5.15,2.42,0.11,2.45,0.455,6,"2.262614679",0.445,0.553,"-2.262614679",0.02,0.010000000000000009,0.035,0.012,20.8,"26.5",6.246565699898196,4.57888225789405,32.66223123826865,0.41899441340782123,36.91051033971172,26.828629126031615
431,686930,"Barnett, Mason",431,100,0.286,0.165,0.324,0.451,0.355,0.304,0.234,26,91,88.5,16.8,2357,89,88.58,42,198,233,-0.4000000000000057,6.15,109,147,116,146,299,325,300,"-4.272","4.272","68.3","7.0",104,74,17,6,0,3,18,17.3,11,10.6,2.41724,0.52202,-0.26196,-0.13893,"91.8",179,43.24324324324324,10.81081081081081,7.6923076923076925,6.06,-2.21,0.11,2.48,0.365,8,"0.991183295",0.32,0.367,"-0.991183295",0.052,0.044999999999999984,0.084,0.051,21.2,"56.2",7.324613705918605,1.9224970015782143,30.926659690435518,0.5,35.35719557405106,29.423807763954084
431,655889,"Rodríguez, Manuel",431,100,0.232,0.08,0.279,0.313,0.26,0.276,0.249,26,112,86.8,1.1,2297,93.3,94.04,56,216,215,0.7000000000000028,6.59,105,149,117,148,302,324,293,"6.371","-6.371","69.3","7.2",121,89,21,3,0,2,25,20.7,6,5,2.13081,0.49691,0.2974,0.26636,"92.7",118,41.57303370786517,3.3707865168539324,2.479338842975207,5.55,-0.78,0.13,2.26,0.275,3,"-1.478190255",0.291,0.331,"1.478190255",-0.017,-0.01599999999999996,-0.018,-0.016,25.9,"47.4",7.3675107127430275,2.1431800065555557,32.30641523212148,0.4218009478672986,36.303818987725016,27.471888363964435
430,679775,"Backhus, Kyle",430,100,0.283,0.182,0.329,0.465,0.35,0.327,0.268,28,99,86.4,10.3,2174,86.4,87.54,43,197,233,1.0999999999999943,7.15,107,148,115,147,295,319,296,"-4.576","4.576","67.3","6.9",115,82,17,7,1,3,22,19.1,8,7,2.90719,0.21746,0.77605,-0.36702,"91.5",163,35.36585365853659,4.878048780487805,3.4782608695652173,4.32,3.01,-0.13,2.29,0.348,4,"1.064186047",0.338,0.403,"-1.064186047",0.015,0.009999999999999953,0.062,0.023,21.8,"9.2",6.298774018674028,2.6743625401998345,33.14053682950788,0.31382978723404253,38.06446857180642,29.66106090598298
427,685314,"Saalfrank, Andrew",431,99.1,0.188,0.069,0.217,0.257,0.229,0.306,0.241,19,101,88.9,12.4,2261,85,84.78,56,201,226,-0.20000000000000284,6.1,108,147,115,147,295,319,294,"8.25","-8.25","70.0","7.6",113,84,14,4,0,1,19,16.8,10,8.8,3.27068,-0.08627,-0.02089,0.03944,"92.4",144,40.476190476190474,7.142857142857142,5.3097345132743365,6.27,0.93,-0.02,1.94,0.257,6,"-1.932084309",0.305,0.405,"1.932084309",-0.053,-0.04799999999999999,-0.148,-0.077,27.9,"48.8",14.308731832771397,-7.403737767837161,34.2251833174952,0.5721649484536082,36.24152590545801,34.43608967680618
427,680735,"Cox, Austin",427,100,0.319,0.362,0.328,0.681,0.434,0.371,0.273,30,94,90.3,9,2117,87.4,87.53,37,201,226,0.09999999999999432,6.33,114,150,121,149,303,324,295,"-13.233","13.233","70.3","7.3",102,73,14,7,0,9,22,21.6,7,6.9,2.38407,0.62585,0.01558,-0.08584,"92.6",165,47.94520547945205,16.43835616438356,11.76470588235294,6.34,1.4,-0.22,2.1,0.363,12,"3.099063232",0.321,0.558,"-3.099063232",0.046,0.04199999999999998,0.123,0.063,18.4,"52.8",7.96287086685052,-2.093751586444466,32.86274393330854,0.4256410256410256,36.861639707371125,30.34555548472102
420,682825,"Mey, Luis",420,100,0.221,0.143,0.259,0.364,0.33,0.35,0.238,17,77,88,11.3,2273,95.8,96.01,43,168,252,0.20000000000000284,6.53,111,149,122,148,296,321,291,"-1.592","1.592","69.5","7.4",96,57,12,2,0,3,21,21.9,17,17.7,1.92971,0.59116,0.75947,-0.04874,"91.6",141,36.84210526315789,8.771929824561402,5.208333333333334,5.85,-2,-0.05,2.11,0.365,5,"0.379047619",0.385,0.362,"-0.379047619",-0.017,-0.020000000000000018,0.002,-0.02,25.6,"35.3",9.441763098939653,-3.840605640982037,33.7365734498377,0.5426829268292683,36.432980839026044,30.83161563066969
419,676571,"Poulin, PJ",419,100,0.247,0.086,0.318,0.333,0.307,0.308,0.231,23,93,89.3,13.8,2082,85.4,85.45,49,184,235,0.09999999999999432,6.46,112,149,120,149,300,324,296,"1.668","-1.668","70.2","7.2",110,68,19,2,0,2,27,24.5,13,11.8,2.75499,0.43062,0.75031,-0.36267,"92.1",153,41.7910447761194,4.477611940298507,2.727272727272727,4.37,2.5,-0.05,2.28,0.345,3,"-0.398090692",0.337,0.342,"0.398090692",0.016,0.007999999999999952,-0.009,-0.001,26.6,"15.8",9.121544951301603,-1.36979676586575,33.484754568896236,0.4576271186440678,37.354987526183,30.29703339380329
417,674841,"Alvarez, Andrew",418,99.8,0.184,0.057,0.227,0.241,0.241,0.267,0.212,16,87,87.4,8.1,2486,86,86.2,36,162,255,0.20000000000000284,6.44,107,151,120,148,302,327,297,"4.809","-4.809","70.0","7.2",98,67,13,2,0,1,20,20.4,10,10.2,3.00573,0.10545,-0.09174,0.08845,"92.1",126,37.3134328358209,2.9850746268656714,2.0408163265306123,6.32,1.38,0.02,2.33,0.276,2,"-1.15323741",0.301,0.281,"1.15323741",-0.028,-0.024999999999999967,-0.04,-0.026,22.2,"46.4",8.574416371427155,0.2995280860070013,31.471276768686437,0.49056603773584906,36.65955535551159,30.093342882271514
411,608717,"Stratton, Chris",411,100,0.348,0.228,0.412,0.576,0.414,0.344,0.26,32,92,87.3,9.4,2568,86.8,87.11,51,187,224,0.29999999999999716,6.44,109,148,122,149,296,316,293,"-8.81","8.81","70.4","7.3",104,72,21,5,2,4,22,21.2,10,9.6,2.5764,0.47168,0.12268,-0.12331,"91.5",147,36.11111111111111,9.722222222222223,6.730769230769231,5.91,-1.87,0.01,2.16,0.404,7,"2.143552311",0.333,0.457,"-2.143552311",0.088,0.07100000000000001,0.119,0.07,27.3,"36.6",8.512401737624566,0.9269273958928684,32.97525738091532,0.43956043956043955,37.7442288342932,29.83777114706595
410,701656,"Henderson, Logan",410,100,0.187,0.11,0.255,0.297,0.246,0.299,0.235,17,91,88.5,27.4,2406,87.8,87.15,62,225,185,-0.5999999999999943,6.06,115,149,122,151,303,329,300,"5.924","-5.924","69.1","7.0",99,58,13,1,0,3,33,33.3,8,8.1,2.06817,0.9474,1.06898,-0.28878,"91.1",176,32.758620689655174,8.620689655172415,5.05050505050505,5.22,-1.4,-0.19,2.62,0.253,5,"-1.444878049",0.297,0.385,"1.444878049",-0.048,-0.043999999999999984,-0.088,-0.053,27.6,"32.7",8.438548342041885,-0.560510669132716,31.916892262875198,0.44545454545454544,36.67058470695479,28.86630375359797
409,686826,"Jarvis, Bryce",409,100,0.267,0.198,0.317,0.465,0.351,0.31,0.225,23,86,91.1,19.4,2180,88.9,88.07,34,163,246,-0.8000000000000114,5.9,112,149,122,150,297,320,297,"-1.332","1.332","70.5","7.2",98,66,12,8,0,3,21,21.4,10,10.2,2.31335,0.61629,0.65042,-0.21183,"92.5",181,43.93939393939394,7.575757575757576,5.1020408163265305,5.62,-2.1,0.08,2.2,0.347,5,"0.325672372",0.316,0.364,"-0.325672372",0.042,0.030999999999999972,0.101,0.041,20.9,"36.9",9.460216082803772,-2.334217241359326,31.481720426325854,0.5123456790123457,36.69607305118455,30.867783281704924
408,687931,"Whisenhunt, Carson",408,100,0.25,0.261,0.242,0.511,0.372,0.386,0.281,22,88,91.4,14.2,2235,86.9,87.33,44,185,223,0.3999999999999915,6.67,111,149,117,147,295,325,295,"-6.418","6.418","68.6","7.2",102,72,11,5,0,6,16,15.7,12,11.8,2.23039,0.8377,0.89338,-0.45299,"92.7",163,48.61111111111111,12.5,8.823529411764707,6.25,2.17,0.03,2.18,0.353,9,"1.573039216",0.38,0.513,"-1.573039216",-0.031,-0.027000000000000024,-0.002,-0.014,23.8,"48.2",8.746253241676367,-2.5855743752190645,32.05925061621239,0.42857142857142855,36.958403295593136,31.60921022096718
406,669704,"Strowd, Kade",406,100,0.178,0.044,0.227,0.222,0.241,0.259,0.191,16,90,86,4.7,2569,91.2,90.93,52,194,212,-0.29999999999999716,6.18,111,149,117,147,299,322,296,"6.619","-6.619","68.4","7.0",105,67,14,1,0,1,24,22.9,13,12.4,2.39224,0.38022,-0.31668,0.00678,"90.9",139,31.343283582089555,1.4925373134328357,0.9523809523809524,5.85,-1.3,0.13,2.4,0.286,1,"-1.630295567",0.298,0.251,"1.630295567",-0.013,-0.01200000000000001,-0.029,-0.018,26.8,"45.9",5.122638843292771,7.773292491962289,32.73419470726602,0.4293193717277487,37.65495487653726,24.396680852170196
405,815083,"Farris, Mitch",405,100,0.261,0.228,0.299,0.489,0.349,0.363,0.288,24,92,89.8,19.9,1977,84.9,85.32,57,199,206,0.3999999999999915,6.49,108,148,111,146,308,329,303,"-3.845","3.845","69.2","7.2",107,71,13,5,2,4,24,22.4,11,10.3,2.55138,0.65405,0.66042,-0.28928,"92.5",191,44.285714285714285,11.428571428571429,7.476635514018691,6.03,1.03,-0.01,2.44,0.336,8,"0.949382716",0.364,0.474,"-0.949382716",-0.027,-0.02799999999999997,0.015,-0.014,28.6,"43.9",9.382792360196817,-2.8359913426683643,31.243364880574227,0.44329896907216493,37.22449393738986,30.70777455087314
405,689225,"Brieske, Beau",409,99,0.273,0.216,0.275,0.489,0.357,0.309,0.219,24,88,89.4,15.6,2415,93.5,92.74,38,179,226,-0.7999999999999972,5.89,114,148,115,150,296,327,295,"-4.183","4.183","70.3","7.3",103,75,15,4,0,5,16,15.5,12,11.7,1.51612,1.10548,0.61978,-0.03059,"93.1",178,51.35135135135135,8.108108108108109,5.825242718446602,6.09,-1.42,-0.18,2.09,0.353,6,"1.032839506",0.323,0.37,"-1.032839506",0.054,0.02999999999999997,0.119,0.048,21.2,"49.1",10.30795068788055,-1.6637698050336478,32.66672173270872,0.5568181818181818,36.64571265666314,29.337817829562795
404,518489,"Brasier, Ryan",404,100,0.276,0.133,0.321,0.408,0.306,0.335,0.298,27,98,88.9,9.4,2308,90.3,91.42,43,207,197,1.1000000000000085,6.92,114,150,116,151,298,317,295,"0.456","-0.456","70.0","7.3",105,80,18,7,0,2,20,19,5,4.8,2.01084,0.80182,0.27246,0.2127,"92.2",143,44.303797468354425,6.329113924050633,4.761904761904762,5.68,-1.65,0.24,2.37,0.305,5,"-0.112871287",0.33,0.441,"0.112871287",-0.022,-0.025000000000000022,-0.033,-0.029,20.8,"38.5",10.920845826723324,-2.040540655268567,31.60085972006954,0.5297029702970297,35.91484190962253,31.236990121213218
397,543859,"Tonkin, Michael",397,100,0.225,0.157,0.25,0.382,0.312,0.354,0.253,20,89,91.4,15.6,2334,89,88.48,36,174,223,-0.5,6.02,117,149,118,150,299,331,298,"0.828","-0.828","70.4","7.2",103,71,12,5,0,3,19,18.4,8,7.8,2.34307,0.57064,0.63,-0.15096,"91.9",169,43.66197183098591,8.450704225352112,5.825242718446602,5.31,-3.68,-0.21,2.31,0.32,6,"-0.208564232",0.349,0.456,"0.208564232",-0.028,-0.02899999999999997,-0.074,-0.042,20.7,"14.3",8.409453631942117,0.7938948279359745,31.646952417450418,0.5,37.29280810674275,28.31959074755671
394,688297,"Roycroft, Chris",395,99.7,0.306,0.212,0.343,0.518,0.383,0.363,0.272,26,85,90.8,7.2,2196,93.8,94.9,40,187,207,1.1000000000000085,6.96,109,147,117,147,295,320,295,"-6.003","6.003","69.4","6.9",101,73,14,8,2,2,15,14.9,12,11.9,2.22977,0.37412,0.74505,0.29464,"92.5",152,46.57534246575342,10.95890410958904,7.920792079207921,4.94,-1.87,0.09,2.38,0.39,8,"1.523604061",0.367,0.461,"-1.523604061",0.034,0.02300000000000002,0.057,0.02,21.4,"17.0",3.6568990143289373,9.708300475444373,32.55982638202975,0.37988826815642457,36.284531527103994,23.42306222120285
392,668716,"Murdock, Noah",404,97,0.347,0.107,0.473,0.453,0.412,0.359,0.254,26,75,87.2,11.6,2264,90.9,91.28,39,151,241,0.3999999999999915,6.66,110,147,119,146,301,324,298,"-7.913","7.913","66.2","6.7",98,55,18,8,0,0,21,21.4,20,20.4,2.56753,0.23182,0.31821,0.02469,"91.8",150,41.509433962264154,7.547169811320755,4.081632653061225,5.04,-2.05,0.11,2.31,0.49,4,"2.018622449",0.424,0.383,"-2.018622449",0.093,0.066,0.07,0.053,25.8,"16.6",-0.11320770401164504,10.3268844010726,33.911654885018834,0.32867132867132864,36.73952789187367,22.37803997397604
388,664139,"Gibaut, Ian",388,100,0.26,0.15,0.277,0.41,0.313,0.313,0.245,26,100,88.4,19.9,2265,90.5,91.72,33,189,199,1.2000000000000028,7.03,113,150,122,149,296,323,290,"-0.859","0.859","69.4","6.8",109,86,17,6,0,3,15,13.8,8,7.3,1.93289,0.8761,-0.07116,-0.1774,"91.5",175,33.72093023255814,10.465116279069768,8.256880733944955,5.81,-1.27,-0.06,2.52,0.312,9,"0.221391753",0.3,0.424,"-0.221391753",0.015,0.01200000000000001,-0.014,0,17.5,"49.7",5.701050289974113,6.180155195127618,30.523125041609035,0.5135135135135135,36.88178288297417,26.240007668050374
388,548384,"Raley, Brooks",388,100,0.154,0.055,0.212,0.209,0.2,0.234,0.182,14,91,88.1,20.5,2576,85.1,84.36,36,173,215,-0.6999999999999886,5.98,109,150,119,148,299,323,297,"10.813","-10.813","68.7","7.3",99,66,9,5,0,0,25,25.3,6,6.1,2.8284,0.36563,-0.04727,-0.05222,"91.2",162,37.878787878787875,0,0,5.56,3.12,0.05,2.47,0.222,0,"-2.78685567",0.248,0.27,"2.78685567",-0.028,-0.025999999999999995,-0.061,-0.034,20.8,"30.7",11.015525273857994,-0.989358932972074,32.325932290181505,0.4658385093167702,38.22543761295763,31.355688891269583
387,642121,"Sulser, Cole",391,99,0.241,0.06,0.317,0.301,0.266,0.26,0.225,20,83,90,14.1,2080,88.3,88.83,60,208,179,0.5,6.58,111,149,119,149,299,322,294,"5","-5","70.1","7.1",90,61,17,2,0,1,22,24.4,7,7.8,2.11935,0.82361,0.7047,-0.04791,"91.8",159,47.540983606557376,1.639344262295082,1.1111111111111112,5.74,-1.68,0.11,2.32,0.3,1,"-1.291989664",0.285,0.305,"1.291989664",0.016,0.015000000000000013,-0.004,0.006,28.8,"41.7",9.280298664512795,0.2920433087020945,30.29117832624877,0.5294117647058824,36.92067599404004,29.43015914781619
387,605347,"López, Jorge",388,99.7,0.266,0.096,0.308,0.362,0.302,0.355,0.305,25,94,91.9,9,2085,89.9,90.04,33,193,194,0.09999999999999432,6.39,110,147,119,148,302,320,298,"1.82","-1.82","69.6","7.3",105,79,20,2,2,1,17,16.2,6,5.7,2.46917,0.3906,0.48705,0.07114,"92.4",130,50.63291139240506,6.329113924050633,4.761904761904762,5.95,-1.46,0,2.34,0.324,5,"-0.470284238",0.359,0.465,"0.470284238",-0.039,-0.034999999999999976,-0.103,-0.053,17.1,"40.1",9.625255017317766,-0.7427934652244764,33.91840664642528,0.45454545454545453,35.195653955378795,29.659538715523055
383,663795,"Hagenman, Justin",383,100,0.25,0.177,0.29,0.427,0.301,0.31,0.258,24,96,92.1,15.9,2226,87.9,87.79,50,192,191,-0.10000000000000853,6.36,112,149,121,150,299,324,296,"1.588","-1.588","72.0","7.5",99,73,15,5,0,4,23,23.2,2,2,2.3576,0.62026,0.49247,-0.16433,"93.2",167,50.68493150684932,12.32876712328767,9.090909090909092,5.21,-3.17,0.08,2.22,0.273,9,"-0.41462141",0.28,0.444,"0.41462141",-0.008,-0.007000000000000006,-0.017,-0.009,26,"23.3",12.024197557746025,-2.6307267226981184,32.91760571401753,0.5531914893617021,37.760691420410225,31.434810085822708
381,621139,"Kriske, Brooks",385,99,0.278,0.167,0.352,0.444,0.366,0.328,0.259,20,72,88.2,11.6,1627,86.6,86.25,35,148,233,-0.3999999999999915,6.16,111,146,115,147,300,327,296,"-3.56","3.56","69.7","7.5",88,55,10,9,0,1,18,20.5,15,17,2.52189,0.5652,0.52037,0.00716,"92.0",155,41.81818181818181,5.454545454545454,3.4090909090909087,6.1,-1.13,-0.05,2.23,0.398,3,"0.934383202",0.383,0.343,"-0.934383202",0.019,0.015000000000000013,0.101,0.038,23.6,"45.6",11.246548885215372,-8.483200483645291,30.714464547892092,0.5070422535211268,37.98681017102869,33.80178006405347
377,683175,"Phillips, Connor",377,100,0.133,0.145,0.163,0.277,0.245,0.306,0.188,11,83,92.6,19.8,2483,92,91.28,58,155,222,-0.7000000000000028,5.94,111,148,115,148,296,323,295,"3.92","-3.92","69.4","7.4",98,52,5,3,0,3,32,32.7,12,12.2,2.10032,0.64507,-0.21103,-0.25464,"93.1",188,40.38461538461539,15.384615384615385,8.16326530612245,5.82,-1.59,0.14,2.17,0.255,8,"-1.039787798",0.306,0.37,"1.039787798",-0.055,-0.05099999999999999,-0.093,-0.061,37.4,"40.4",10.663195451568924,-4.073896972144859,31.28437071084164,0.5290322580645161,38.14135514820374,31.609458515585303
376,680880,"Holman, Grant",376,100,0.28,0.129,0.315,0.409,0.335,0.351,0.268,26,93,88.7,9.4,1655,90.6,91.78,49,177,199,1.2000000000000028,7.15,111,148,116,147,299,324,297,"-2.083","2.083","67.7","7.2",103,76,20,3,0,3,17,16.5,9,8.7,2.15987,0.65166,0.68177,0.03088,"92.2",167,44.73684210526316,11.842105263157894,8.737864077669903,6,-1.98,0.07,2.36,0.35,9,"0.553989362",0.339,0.473,"-0.553989362",0.012,0.010999999999999954,-0.064,-0.016,27.7,"39.7",9.003083829648341,-4.082216856642952,32.23813674971441,0.48823529411764705,38.288870783432145,30.280619859158964
372,641540,"Dunning, Dane",376,98.9,0.286,0.202,0.333,0.488,0.361,0.36,0.274,24,84,88.3,13.9,2156,87.4,88.23,44,175,197,0.7999999999999972,6.81,113,150,123,150,303,325,297,"-4.103","4.103","71.0","7.2",95,64,15,5,0,4,21,22.1,7,7.4,2.34742,0.65519,0.59932,-0.01408,"92.0",156,46.875,10.9375,7.368421052631578,5.71,-2.28,-0.03,2.44,0.358,7,"1.102956989",0.348,0.495,"-1.102956989",0.012,0.010000000000000009,-0.007,0.001,25.1,"39.2",10.482363342091174,0.16924919272637706,32.93419666794257,0.5549132947976878,36.91239094636003,30.556231289256548
371,804636,"Tong, Jonah",372,99.7,0.312,0.182,0.396,0.494,0.376,0.341,0.266,24,77,89.3,14.7,2135,90.2,90.74,36,163,208,0.5,6.82,109,148,116,148,295,322,302,"-6.359","6.359","69.6","7.0",87,56,16,5,0,3,22,25.3,9,10.3,1.88639,0.98453,0.40835,0.00392,"91.6",162,42.857142857142854,14.285714285714285,9.195402298850574,5.85,-2.41,0.21,2.17,0.379,8,"1.714016173",0.343,0.434,"-1.714016173",0.046,0.035999999999999976,0.06,0.035,22.1,"64.3",8.602627211757358,0.2624482561319819,32.031476451062886,0.4276729559748428,36.21858278266832,31.80290290038125
368,682790,"González, Wikelman",368,100,0.178,0.096,0.25,0.274,0.26,0.32,0.245,13,73,90,20.8,2360,89.9,90.55,52,161,207,0.6999999999999886,6.81,109,148,120,147,298,319,297,"2.587","-2.587","70.8","7.4",87,50,8,4,0,1,25,28.7,12,13.8,2.22853,0.66189,0.38386,-0.2762,"91.6",181,38,6,3.4482758620689653,5.2,-1.93,-0.01,2.48,0.291,3,"-0.70298913",0.352,0.347,"0.70298913",-0.067,-0.061,-0.073,-0.06,32.3,"27.5",11.32602625520368,-6.515453134125019,31.028445115753094,0.5194805194805194,37.27738783609706,30.495993570693305
366,687396,"Headrick, Brent",370,98.9,0.202,0.202,0.26,0.405,0.289,0.277,0.209,17,84,88.9,19.8,2171,89.9,90.6,72,211,155,0.6999999999999886,6.87,110,150,120,151,294,320,284,"1.737","-1.737","68.3","7.2",92,54,8,5,0,4,30,32.6,7,7.6,1.77148,1.10068,0.46951,-0.23811,"91.1",176,42.592592592592595,9.25925925925926,5.434782608695652,6.43,1.39,0.25,2.47,0.272,5,"-0.474590164",0.278,0.359,"0.474590164",-0.007,-0.006000000000000005,0.046,0.012,34.1,"42.9",11.02868121311987,-2.974373532889581,30.256742026566027,0.4807692307692308,38.746097323437766,31.824011891873237
361,701552,"Granillo, Andre",361,100,0.278,0.203,0.311,0.481,0.344,0.302,0.233,22,79,86.7,23.9,2303,87,86.89,56,178,183,-0.09999999999999432,6.08,109,149,116,147,302,320,296,"-0.107","0.107","69.7","7.5",91,65,14,3,2,3,18,19.8,7,7.7,2.39795,0.62676,0.05304,-0.06589,"91.5",184,28.125,9.375,6.593406593406594,6.32,-0.97,0.2,2.4,0.333,6,"0.029639889",0.301,0.372,"-0.029639889",0.045,0.03200000000000003,0.109,0.042,31.5,"43.1",13.643338116612187,-8.151176846747955,31.04694600613268,0.5454545454545454,38.701245198476194,35.05241531034383
361,664747,"Díaz, Alexis",362,99.7,0.221,0.338,0.2,0.559,0.399,0.39,0.246,15,68,88.3,17,2616,91.1,93.42,42,168,193,2.3000000000000114,7.62,112,150,123,149,299,320,292,"-7.693","7.693","72.0","7.3",85,51,5,3,1,6,17,20,12,14.1,1.81324,0.93831,0.44594,0.05111,"91.9",175,36,18,10.588235294117647,4.94,-2.34,-0.14,2.58,0.376,9,"2.131024931",0.399,0.492,"-2.131024931",-0.025,-0.02300000000000002,0.067,0.009,25,"17.9",10.969668683033857,-2.319752362818915,32.153974784455045,0.50920245398773,36.033742034007965,31.251773070457627
359,554340,"García, Yimi",364,98.6,0.171,0.092,0.224,0.263,0.255,0.341,0.246,13,76,90.6,11.9,2604,91.8,90.76,50,163,196,-1,5.89,111,149,116,149,292,323,301,"4.489","-4.489","70.6","7.2",90,52,10,1,0,2,25,27.8,12,13.3,1.98688,0.76786,0.30496,-0.11827,"92.0",168,40.38461538461539,9.615384615384617,5.555555555555555,5.21,-2.59,-0.14,2.38,0.292,5,"-1.250417827",0.356,0.423,"1.250417827",-0.075,-0.064,-0.16,-0.086,30.7,"27.1",8.379882690083162,1.0782110781047636,31.39071435535281,0.5448717948717948,38.51509927297047,27.574241371878763
353,657240,"Merryweather, Julian",358,98.6,0.303,0.171,0.35,0.474,0.365,0.396,0.323,23,76,92.5,10,2157,90,90.22,30,156,197,0.20000000000000284,6.46,116,149,115,151,296,319,297,"-3.425","3.425","67.7","7.1",88,62,15,5,1,2,15,17,11,12.5,2.27609,0.57744,0.18129,-0.0548,"92.5",145,51.61290322580645,9.67741935483871,6.8181818181818175,6.25,-1.64,-0.01,2.34,0.386,6,"0.970254958",0.412,0.495,"-0.970254958",-0.02,-0.025999999999999968,-0.021,-0.031,19.2,"57.0",8.846435378751728,-0.4410128646427305,29.559699608502285,0.5136986301369864,38.28303360401871,28.82484585009276
347,642239,"Zastryzny, Rob",357,97.2,0.203,0.139,0.224,0.342,0.268,0.282,0.212,16,79,85.2,17.1,2439,87.7,88.24,55,171,176,0.5,6.64,113,148,120,149,300,328,302,"4.457","-4.457","69.8","7.3",93,62,11,2,0,3,20,21.5,10,10.8,2.18579,0.80451,-0.08586,-0.22122,"91.0",151,24.193548387096776,4.838709677419355,3.225806451612903,5.65,1.97,-0.21,2.2,0.293,3,"-1.28443804",0.305,0.355,"1.28443804",-0.009,-0.01200000000000001,-0.013,-0.014,32.2,"41.5",11.133966317972737,-3.502061847842542,31.60110247134109,0.39644970414201186,37.402561343283885,32.213325283197996
343,676702,"Stratton, Hunter",343,100,0.299,0.143,0.333,0.442,0.354,0.373,0.312,23,77,88.4,20.5,2560,92.2,92.66,37,180,163,0.5,6.49,110,147,119,148,304,321,296,"-3.091","3.091","69.7","7.1",89,63,18,2,0,3,16,18,7,7.9,1.88758,0.81525,-0.09469,-0.02478,"91.3",192,41.269841269841265,6.349206349206349,4.49438202247191,5.94,-1.55,0.14,2.38,0.371,4,"0.901166181",0.382,0.48,"-0.901166181",-0.013,-0.01100000000000001,-0.038,-0.019,20.6,"37.9",8.510725797799815,1.662706475126652,31.942526010796275,0.4689265536723164,35.804415284649096,28.879726494962085
342,669330,"Wells, Tyler",342,100,0.212,0.212,0.224,0.425,0.279,0.285,0.229,17,80,90.8,24.4,2353,88.7,88.44,45,192,150,-0.29999999999999716,6.15,113,149,118,148,294,322,301,"3.737","-3.737","69.7","7.2",82,62,8,5,0,4,18,22,2,2.4,1.92456,0.99635,0.31135,-0.21346,"91.9",183,49.18032786885246,14.754098360655737,10.975609756097562,7.02,-1.18,0.06,2.59,0.232,9,"-1.092690058",0.248,0.42,"1.092690058",-0.017,-0.015999999999999986,0.005,-0.006,23.4,"48.9",9.1219387559372,-2.1861846483004665,30.758738830832694,0.5159574468085106,37.73259220820933,31.11947428711493
335,696147,"Bachman, Sam",335,100,0.268,0.085,0.333,0.354,0.319,0.314,0.264,22,82,87,5.3,2446,91.4,91.51,41,153,182,0.09999999999999432,6.31,109,147,117,148,308,329,302,"-2.938","2.938","69.2","7.3",94,65,17,4,0,1,18,19.1,10,10.6,2.53481,0.20907,0.4777,-0.22779,"93.0",129,43.07692307692308,1.5384615384615385,1.0638297872340425,5.41,-2.01,0.06,2.15,0.355,1,"0.877014925",0.351,0.343,"-0.877014925",0.004,0.0040000000000000036,0.011,0.005,26.8,"34.8",8.016648140672789,0.8020562494484712,32.861899831301834,0.49324324324324326,37.223252850966496,29.3731004563768
335,660730,"Rodríguez, Elvin",336,99.7,0.317,0.39,0.309,0.707,0.453,0.42,0.297,26,82,89,21.9,2478,88.3,88.4,33,148,187,0.10000000000000853,6.62,109,149,121,149,307,327,297,"-12.39","12.39","68.0","7.3",90,64,12,5,0,9,18,20,7,7.8,2.34263,0.66204,0.04138,-0.19299,"92.6",206,48.4375,20.3125,14.444444444444443,6,-1.77,-0.15,2.46,0.378,13,"3.698507463",0.359,0.638,"-3.698507463",0.02,0.019000000000000017,0.069,0.033,22.3,"50.1",11.492039785443847,-1.8424948691787548,31.74196725831166,0.5845070422535211,36.50395151610863,31.25578812647034
332,656686,"Martin, Corbin",332,100,0.289,0.25,0.367,0.539,0.394,0.34,0.256,22,76,89.1,7.9,2482,92.5,92.75,46,148,184,0.20000000000000284,6.39,112,146,116,147,296,321,296,"-8.032","8.032","70.8","7.1",89,55,12,5,1,4,23,25.8,9,10.1,1.99123,0.67949,0.02301,-0.07809,"92.5",133,50.90909090909091,10.909090909090908,6.741573033707865,5.91,-2.36,0.16,2.36,0.379,6,"2.419277108",0.35,0.419,"-2.419277108",0.033,0.029000000000000026,0.12,0.054,31.1,"43.5",8.004447228155934,2.017431559351289,31.431072624665454,0.5069444444444444,35.89671697888764,28.807569580192798
332,519326,"Strickland, Hunter",341,97.4,0.212,0.15,0.231,0.362,0.282,0.311,0.245,17,80,87.7,18.4,2388,88.6,87.95,36,169,163,-0.6999999999999886,5.99,110,148,116,148,304,327,301,"2.372","-2.372","69.4","7.5",91,67,9,6,0,2,14,15.4,10,11,2.40127,0.54278,0.10459,-0.0994,"91.4",160,40.909090909090914,6.0606060606060606,4.395604395604396,5.96,-2.82,-0.02,2.21,0.297,4,"-0.714457831",0.328,0.398,"0.714457831",-0.033,-0.031000000000000028,-0.036,-0.029,21.3,"34.8",11.425377562912457,-6.008413142680186,32.018313846640325,0.515527950310559,39.20751783515719,32.28099945727169
332,594580,"Moll, Sam",332,100,0.229,0.243,0.273,0.471,0.344,0.302,0.21,16,70,90.8,12.8,2604,86.4,83.68,43,130,202,-2.700000000000003,4.59,111,149,117,149,292,321,293,"-3.528","3.528","68.7","7.7",81,49,7,5,0,4,22,27.2,10,12.3,3.03889,0.06012,0.05467,-0.46123,"93.2",158,51.02040816326531,8.16326530612245,4.938271604938271,4.88,2.18,-0.15,2.11,0.325,4,"1.062650602",0.309,0.37,"-1.062650602",0.019,0.016000000000000014,0.101,0.042,33.1,"13.3",13.100010800303433,-6.796332120417209,33.90857857773858,0.5163934426229508,38.05075119031818,34.68374584732939
329,681895,"Sisk, Evan",329,100,0.242,0.106,0.366,0.348,0.317,0.259,0.171,16,66,85.7,8.7,2185,85.7,86.35,39,126,203,0.7000000000000028,6.83,112,148,116,149,290,310,291,"0.488","-0.488","66.7","7.1",80,43,12,2,1,1,25,31.3,10,12.5,2.63976,0.51915,0.09201,0.08293,"91.3",145,41.86046511627907,4.651162790697675,2.5,4.87,3.83,-0.05,2.19,0.354,2,"-0.148328267",0.297,0.252,"0.148328267",0.071,0.056999999999999995,0.096,0.058,31,"16.1",9.494604782676952,-0.3454410802319177,33.195670441302475,0.4274193548387097,36.40272469684107,30.894620118699734
329,686642,"Ellard, Fraser",330,99.7,0.148,0.074,0.226,0.222,0.303,0.357,0.203,8,54,90,12.4,2405,91.8,91.45,47,138,191,-0.29999999999999716,6.22,107,147,117,146,296,318,297,"0.558","-0.558","68.8","7.1",74,32,6,1,0,1,22,29.7,19,25.7,2.059,0.68143,0.59359,0.02429,"91.6",171,43.75,6.25,2.7027027027027026,5.72,2.72,0,2.44,0.378,2,"-0.169604863",0.419,0.343,"0.169604863",-0.055,-0.04099999999999998,-0.121,-0.054,34.1,"27.5",8.19528228724391,1.9045633581173034,31.998431505219738,0.4306569343065693,37.78412611693358,27.892444289861732
327,656848,"Petersen, Michael",336,97.3,0.254,0.169,0.294,0.423,0.315,0.377,0.293,18,71,91.1,19.2,2306,94,94.3,42,175,152,0.29999999999999716,6.48,114,147,122,148,307,329,300,"0.113","-0.113","69.8","7.0",79,55,12,3,0,3,17,21.5,7,8.9,1.58425,1.01095,0.28431,-0.08657,"91.9",196,52.72727272727272,10.909090909090908,7.59493670886076,6.4,-1.21,0.09,2.3,0.321,6,"-0.034556575",0.356,0.549,"0.034556575",-0.039,-0.034999999999999976,-0.126,-0.062,24,"49.0",7.01495865141922,3.919186777755862,31.47085650849479,0.5705882352941176,35.47016265760621,26.59605275036718
325,681168,"Curvelo, Luis",329,98.8,0.236,0.208,0.275,0.444,0.324,0.303,0.225,17,72,85.7,21.2,2292,91,91.35,33,147,178,0.29999999999999716,6.65,109,148,112,148,298,323,301,"-0.006","0.006","70.5","7.3",84,54,8,6,0,3,20,23.8,10,11.9,2.08271,0.71554,0.60554,-0.00505,"91.6",180,35.18518518518518,9.25925925925926,5.952380952380952,5.73,-3.3,-0.16,2.3,0.321,5,"0.001846154",0.318,0.37,"-0.001846154",0.011,0.0030000000000000027,0.074,0.021,22.4,"34.2",9.649940648144314,-1.811141043222546,32.155045206793865,0.45,37.91227628235818,30.443790095571778
324,608665,"Graveman, Kendall",324,100,0.333,0.246,0.362,0.58,0.435,0.393,0.303,23,69,89.4,8.4,2187,90.8,91.01,39,139,185,0.20000000000000284,6.4,109,147,115,147,300,320,297,"-5.884","5.884","69.8","7.3",82,60,11,9,1,2,9,11,12,14.6,2.19475,0.58873,0.70883,0.04772,"93.1",146,50,10,7.317073170731707,5.74,-1.11,0.07,2.12,0.439,6,"1.816049383",0.414,0.483,"-1.816049383",0.03,0.025000000000000022,0.097,0.042,28.1,"42.0",10.588090212039997,-5.585184490013138,33.87066332843795,0.5263157894736842,37.188806888254305,31.944399599904862
323,813349,"Early, Connelly",323,100,0.23,0.014,0.378,0.243,0.239,0.239,0.201,17,74,87.9,16.9,2143,87.6,88.33,56,165,158,0.7000000000000028,6.86,105,151,118,146,288,320,291,"5.053","-5.053","71.2","7.5",79,45,16,1,0,0,29,36.7,4,5.1,2.6835,0.33604,0.40214,-0.2422,"91.5",138,40,4.444444444444445,2.5316455696202533,5.46,2.86,0.11,2.22,0.278,2,"-1.564396285",0.251,0.28,"1.564396285",0.029,0.027000000000000024,-0.037,0,33.9,"31.1",11.531394154694262,-5.478172098308254,33.218991318739555,0.5031446540880503,36.737497782008745,31.808030948293283
319,688497,"Rashi, Taylor",319,100,0.25,0.063,0.381,0.313,0.293,0.304,0.239,16,64,89.3,12.1,1950,86.6,87.41,36,123,196,0.8000000000000114,6.75,110,148,117,149,295,320,294,"1.983","-1.983","69.5","7.0",72,42,12,4,0,0,22,30.6,8,11.1,2.19705,0.86524,0.04528,-0.05321,"91.9",159,42.857142857142854,4.761904761904762,2.7777777777777777,6.38,-0.16,0.06,2.56,0.333,2,"-0.621630094",0.323,0.356,"0.621630094",0.011,0.010000000000000009,-0.043,-0.011,29.3,"71.4",8.479996261493923,0.9629961939015571,30.617000191655833,0.4666666666666667,35.98251481973273,29.85826059072331
318,663542,"Hudson, Bryan",326,97.5,0.254,0.169,0.342,0.424,0.362,0.336,0.242,15,59,89.7,11.1,2171,88,89.62,32,119,199,1.5999999999999943,7.39,107,149,116,148,297,325,298,"-3.862","3.862","69.1","7.0",75,41,9,4,0,2,19,25.3,13,17.3,2.31352,0.66786,0.35107,0.00123,"91.8",156,36.58536585365854,7.317073170731707,4,5.01,2.99,-0.18,2.1,0.405,3,"1.214465409",0.395,0.358,"-1.214465409",0.012,0.010000000000000009,0.066,0.026,26.9,"12.9",5.0367031824439685,4.244376453018692,34.356902930158256,0.4745762711864407,36.152864568793674,27.92508879260914
317,623149,"Sewald, Paul",317,100,0.247,0.205,0.275,0.452,0.318,0.301,0.213,18,73,88.6,30.8,2524,87.1,87.15,42,153,164,0.10000000000000853,6.51,109,147,119,148,294,320,301,"-1.361","1.361","69.4","7.1",81,55,11,3,0,4,20,24.7,6,7.4,2.15789,0.88776,0.24915,-0.11842,"91.8",208,36.36363636363637,14.545454545454545,9.876543209876543,4.44,-3.76,0.02,2.64,0.296,8,"0.429337539",0.268,0.44,"-0.429337539",0.034,0.02799999999999997,0.012,0.017,27.5,"15.8",8.373023074097672,-0.6584672470467425,31.137999958521565,0.496551724137931,35.30618226552374,29.376701870256916
315,666711,"Peguero, Joel",321,98.1,0.197,0.118,0.224,0.316,0.256,0.284,0.204,15,76,88.8,6.8,2432,97.1,95.65,33,149,166,-1.3999999999999915,5.36,113,148,119,147,298,324,294,"4.782","-4.782","68.7","7.0",86,61,10,3,0,2,17,19.8,8,9.3,1.80283,0.62752,0.4701,0.12324,"92.3",159,42.62295081967213,6.557377049180328,4.651162790697675,6.06,-0.95,0.2,2.16,0.271,4,"-1.518095238",0.288,0.351,"1.518095238",-0.007,-0.01699999999999996,-0.035,-0.028,22.1,"43.7",4.9608170943908645,5.30962454667148,32.482431342058824,0.4825174825174825,37.97542071269279,26.308631286640676
314,682274,"Hiraldo, Yaramil",315,99.7,0.23,0.203,0.265,0.432,0.325,0.253,0.177,17,74,84.9,21.4,2020,89.9,89.32,65,175,139,-0.6000000000000085,6.01,115,149,120,148,296,321,298,"-2.333","2.333","69.8","7.7",84,54,10,3,0,4,21,25,9,10.7,1.81857,1.02669,0.33191,-0.22,"91.6",156,29.629629629629626,7.4074074074074066,4.761904761904762,6.36,-0.45,-0.16,2.14,0.313,4,"0.742993631",0.266,0.292,"-0.742993631",0.053,0.046999999999999986,0.14,0.072,37.1,"62.1",15.682352270750826,-11.110415897378536,32.356040493810205,0.5375722543352601,37.708718432918204,36.40179994152531
314,682989,"Mederos, Victor",314,100,0.277,0.308,0.292,0.585,0.417,0.347,0.225,18,65,91,16.6,2346,90.2,90.32,30,134,180,0.09999999999999432,6.48,108,145,116,148,310,329,307,"-6.509","6.509","70.0","7.0",81,52,9,2,3,4,14,17.3,12,14.8,2.24815,0.59315,0.63657,-0.33458,"91.9",181,44.230769230769226,9.615384615384617,6.172839506172839,5.31,-3.25,-0.17,2.4,0.407,5,"2.072929936",0.366,0.413,"-2.072929936",0.052,0.04099999999999998,0.172,0.07,22.4,"23.2",8.855116752395602,0.6472281421987396,33.90061193468462,0.5511811023622047,37.28658193467805,29.67938898445004
313,518397,"Alexander, Scott",313,100,0.324,0.338,0.31,0.662,0.449,0.44,0.325,23,71,90.8,8.5,2138,88.5,88.9,26,140,173,0.4000000000000057,6.27,115,148,120,149,300,333,305,"-7.685","7.685","72.5","7.4",81,63,9,9,0,5,8,9.9,9,11.1,2.72757,0.17395,0.74792,-0.18594,"93.8",132,53.96825396825397,14.285714285714285,11.11111111111111,5.59,1.47,-0.21,1.94,0.407,9,"2.455271565",0.408,0.633,"-2.455271565",-0.001,-0.0010000000000000009,0.029,0.009,18.6,"35.3",10.432629233812596,1.0724905030448897,33.73479934269417,0.5036496350364964,38.34562214367147,30.645867076299385
313,657006,"Steele, Justin",313,100,0.247,0.224,0.267,0.471,0.326,0.338,0.27,21,85,92,10.1,2453,87.3,87.06,30,162,151,-0.20000000000000284,6.26,112,151,117,151,299,323,296,"-0.985","0.985","70.1","7.2",92,65,12,4,0,5,21,22.8,5,5.4,2.3077,0.73116,-0.25429,0.06642,"92.9",150,47.69230769230769,9.230769230769232,6.521739130434782,6.1,2.03,-0.04,2.5,0.293,6,"0.314696486",0.316,0.47,"-0.314696486",-0.023,-0.02300000000000002,0.001,-0.012,18.5,"44.7",9.983499246540385,-2.1761658952303256,30.526390377310594,0.47435897435897434,36.481019932477786,29.915097604084703
309,694918,"Tidwell, Blade",309,100,0.348,0.212,0.358,0.561,0.427,0.362,0.27,23,66,85.6,18.7,2351,91.1,91.52,26,132,177,0.4000000000000057,6.67,110,149,117,150,301,324,292,"-6.112","6.112","69.9","7.3",78,57,17,2,0,4,10,12.8,10,12.8,1.87997,0.91304,0.17628,0.13058,"91.1",178,24.561403508771928,7.017543859649122,5.128205128205128,6.22,-1.68,0.16,2.43,0.436,4,"1.977993528",0.37,0.459,"-1.977993528",0.078,0.066,0.102,0.065,19.7,"43.9",7.702609969034729,1.154659533371427,31.038847820427783,0.515625,38.20970675090524,28.240766944533757
308,687849,"Kent, Zak",308,100,0.254,0.075,0.32,0.328,0.305,0.284,0.234,17,67,87.2,14.1,2809,87.2,86.89,30,131,177,-0.29999999999999716,6.07,115,148,122,149,289,319,300,"1.98","-1.98","70.1","7.5",76,51,14,2,0,1,16,21.1,8,10.5,3.15334,-0.1316,-0.37534,0.13534,"91.5",143,29.411764705882355,0,0,6.23,-0.97,0.05,2.34,0.342,0,"-0.642857143",0.324,0.292,"0.642857143",0.02,0.018000000000000016,0.036,0.021,22.9,"51.6",10.593163600912254,-2.829256582054123,31.946257457210006,0.6046511627906976,35.78340296052712,31.557203369901377
305,694361,"Klein, Will",305,100,0.246,0.07,0.378,0.316,0.317,0.322,0.233,14,57,89,5.2,2263,94.1,94.51,36,132,173,0.4000000000000057,6.53,111,150,123,151,294,318,296,"0.421","-0.421","66.9","6.4",70,37,10,4,0,0,21,30,10,14.3,1.93351,0.66567,0.1626,0.00885,"91.4",177,43.24324324324324,5.405405405405405,2.857142857142857,5.89,-1.14,0.3,2.7,0.371,2,"-0.138032787",0.364,0.341,"0.138032787",0.013,0.007000000000000006,-0.025,-0.005,27.3,"53.6",2.578763375977436,11.464468995464884,30.195074430064967,0.40310077519379844,35.21123924840243,23.282681577268953
304,622786,"Tinoco, Jesus",305,99.7,0.239,0.127,0.267,0.366,0.297,0.293,0.242,17,71,86.2,11.5,2238,90,89.56,22,133,171,-0.4000000000000057,6.21,109,148,118,149,296,313,290,"1.973","-1.973","69.1","7.4",80,62,11,4,1,1,10,12.5,8,10,2.54257,0.31597,0.56704,-0.07289,"91.2",128,25.806451612903224,1.6129032258064515,1.25,5.14,-2.2,-0.14,1.9,0.316,1,"-0.649013158",0.319,0.349,"0.649013158",-0.003,-0.0030000000000000027,0.017,0.004,16.5,"21.0",10.868820346381392,-6.752228934456064,35.2054797441356,0.5,38.229013855586174,33.36030452863274
304,502085,"Robertson, David",308,98.7,0.257,0.229,0.318,0.486,0.348,0.324,0.234,18,70,88.4,9.4,2662,88.4,88.77,30,126,178,0.3999999999999915,6.54,110,149,116,148,291,321,295,"-0.443","0.443","68.6","7.2",78,48,10,4,0,4,22,28.2,8,10.3,2.54954,0.38734,-0.41242,-0.04487,"91.8",162,40.42553191489361,10.638297872340425,6.41025641025641,5.91,-2.75,-0.17,2.1,0.333,5,"0.145723684",0.313,0.443,"-0.145723684",0.023,0.020000000000000018,0.043,0.024,23.8,"43.3",7.823494939550557,-0.25724255328560197,33.96052180128191,0.4435483870967742,36.457134577808596,28.99351527095207
304,801139,"Tolle, Payton",304,100,0.277,0.262,0.31,0.538,0.377,0.329,0.255,18,65,88.5,15.3,2269,93.7,95.64,49,163,141,1.8999999999999915,7.49,107,148,114,144,288,321,291,"-3.381","3.381","71.6","7.1",74,47,11,2,0,5,19,25.7,8,10.8,1.61276,1.0129,0.3429,-0.20251,"91.6",165,38.297872340425535,6.382978723404255,4.054054054054054,5.55,2.91,0.14,2.58,0.351,3,"1.112171053",0.337,0.409,"-1.112171053",0.022,0.013999999999999957,0.129,0.048,30.1,"32.9",6.09256465835016,3.9947287437044112,32.4200169091075,0.43478260869565216,35.81952826271422,26.153873160388393
303,691951,"Aldegheri, Sam",304,99.7,0.345,0.224,0.386,0.569,0.444,0.405,0.297,20,58,89,14.6,2194,85.9,84.97,27,128,175,-0.9000000000000057,5.74,105,147,113,147,305,327,302,"-7.07","7.07","70.6","7.3",73,47,13,4,0,3,12,16.4,10,13.7,2.44937,0.69195,0.24732,-0.20778,"91.4",164,34.04255319148936,10.638297872340425,6.8493150684931505,6.03,1.86,-0.14,2.23,0.466,5,"2.333333333",0.428,0.498,"-2.333333333",0.048,0.038000000000000034,0.071,0.039,21.1,"39.2",10.488451552730742,-1.5193236403168364,32.543224181036024,0.49193548387096775,36.99939799582566,31.791366636324
302,671109,"Eder, Jake",304,99.3,0.224,0.179,0.245,0.403,0.317,0.317,0.224,15,67,89,22.4,2087,88.6,89.51,38,145,157,0.9000000000000057,6.86,108,147,116,147,302,325,297,"0.659","-0.659","70.0","7.1",78,53,9,3,0,3,15,19.2,9,11.5,2.20781,0.72609,0.33601,-0.45189,"92.2",161,37.735849056603776,11.320754716981133,7.6923076923076925,5.77,1.46,-0.03,2.46,0.325,6,"-0.218211921",0.325,0.406,"0.218211921",0,0,-0.003,0,26.2,"37.7",7.9129633591540465,1.0791984968840733,33.13202605667369,0.5,37.1946054799735,27.105682419518214
302,614179,"Ruiz, José",302,100,0.338,0.235,0.385,0.574,0.412,0.32,0.244,23,68,87,12.6,2188,91.4,91.06,41,153,149,-0.30000000000001137,6.11,108,144,113,143,300,317,286,"-5.62","5.62","68.3","7.2",79,55,13,7,0,3,15,19,9,11.4,2.01795,0.73401,0.51707,0.14107,"91.9",144,38.18181818181819,7.2727272727272725,5.063291139240507,6.36,-1.42,0.03,2.36,0.405,4,"1.860927152",0.331,0.377,"-1.860927152",0.094,0.07400000000000001,0.197,0.092,26.8,"45.2",9.205778461984636,1.8083840828215683,31.835111775433855,0.5234899328859061,36.7190176972657,28.692659254261674
301,641835,"Mayza, Tim",301,100,0.258,0.152,0.3,0.409,0.32,0.271,0.2,17,66,89.5,5.8,2123,91.7,92.48,35,138,163,0.7999999999999972,6.91,107,147,115,145,293,318,290,"-0.372","0.372","70.3","7.1",74,52,11,4,0,2,15,20.3,5,6.8,2.12123,0.62128,0.89207,-0.11294,"91.0",142,44.230769230769226,5.769230769230769,4.054054054054054,6.19,1.79,-0.01,2.01,0.324,3,"0.12358804",0.28,0.317,"-0.12358804",0.058,0.043999999999999984,0.092,0.049,25.4,"40.3",5.838418500969405,4.83228975661122,33.418565573159434,0.4253731343283582,36.85228448828208,26.806279899630294