"year","last_name, first_name","pitcher_id","team_name","team_name_abbrev","pitch_hand","avg_speed","pitches_thrown","total_pitches","pitches_per_game","pitch_per","pitch_type","pitch_type_name","pitcher_break_z","league_break_z","diff_z","rise","pitcher_break_z_induced","pitcher_break_x","league_break_x","diff_x","tail","percent_rank_diff_z","percent_rank_diff_x"
"2025","Peralta, Freddy","642547","Brewers","MIL","R","94.8","1651","3086",19.049382716049383,0.5349967595593,"FF","4-Seam Fastball",13.9,-15.1,1.2,"8",16.8,4.6,-8.3,-3.7,"-45",0.7917620137299771,0.09610983981693363
"2025","Gausman, Kevin","592332","Blue Jays","TOR","R","94.5","1628","3030",18.703703703703702,0.5372937293729373,"FF","4-Seam Fastball",14.1,-14.6,0.5,"3",16.8,11.1,-7.4,3.7,"50",0.6270022883295194,0.8993135011441648
"2025","Ray, Robbie","592662","Giants","SF","L","93.6","1595","3069",18.944444444444443,0.5197132616487455,"FF","4-Seam Fastball",13.2,-14.8,1.6,"11",18.2,8.2,-7,1.3,"18",0.8581235697940504,0.6521739130434783
"2025","Nelson, Ryne","669194","D-backs","AZ","R","95.7","1526","2466",15.222222222222221,0.6188158961881589,"FF","4-Seam Fastball",10.8,-13.3,2.5,"19",19.2,3.2,-6.7,-3.4,"-51",0.9565217391304348,0.12585812356979406
"2025","Parker, Mitchell","680730","Nationals","WSH","L","93","1501","2705",16.69753086419753,0.5548983364140481,"FF","4-Seam Fastball",13.8,-14.4,0.6,"4",18,5.8,-6.3,-0.5,"-8",0.6498855835240275,0.41647597254004576
"2025","Ryan, Joe","657746","Twins","MIN","R","93.6","1430","2795",17.253086419753085,0.5116279069767442,"FF","4-Seam Fastball",17.8,-18.1,0.3,"2",13.6,12.6,-11.4,1.2,"11",0.5949656750572082,0.6338672768878718
"2025","Gallen, Zac","668678","D-backs","AZ","R","93.5","1412","3134",19.34567901234568,0.4505424377791959,"FF","4-Seam Fastball",14.2,-14.7,0.5,"3",17.2,4.3,-7,-2.7,"-39",0.6270022883295194,0.1853546910755149
"2025","Gore, MacKenzie","669022","Nationals","WSH","L","95.3","1388","2818",17.395061728395063,0.49254790631653655,"FF","4-Seam Fastball",13.2,-14.2,0.9,"7",17,6.6,-7.6,-0.9,"-13",0.7299771167048055,0.37757437070938216
"2025","Castillo, Luis","622491","Mariners","SEA","R","95","1386","2988",18.444444444444443,0.463855421686747,"FF","4-Seam Fastball",18.1,-17.7,-0.4,"-2",12.4,13,-12,1,"8",0.4302059496567506,0.6132723112128147
"2025","Pivetta, Nick","601713","Padres","SD","R","93.8","1383","2851",17.598765432098766,0.48509294984216067,"FF","4-Seam Fastball",11.7,-13.2,1.5,"12",19.7,2.7,-5.4,-2.7,"-51",0.851258581235698,0.1853546910755149
"2025","Soriano, José","667755","Angels","LAA","R","97.2","1368","2784",17.185185185185187,0.49137931034482757,"SI","Sinker",25.8,-20.7,5.1,"25",3.1,13.3,-15.1,-1.9,"-12",0.9673202614379085,0.12745098039215685
"2025","Rodón, Carlos","607074","Yankees","NYY","L","94.1","1344","3212",19.82716049382716,0.41843088418430885,"FF","4-Seam Fastball",13.5,-14.3,0.8,"5",17.6,10.8,-6.6,4.2,"63",0.6933638443935927,0.9290617848970252
"2025","Sánchez, Cristopher","650911","Phillies","PHI","L","95.4","1332","2896",17.876543209876544,0.4599447513812155,"SI","Sinker",25.8,-21,4.8,"23",4.5,18.3,-14.9,3.4,"23",0.9575163398692811,1
"2025","Flaherty, Jack","656427","Tigers","DET","R","92.9","1327","2831",17.47530864197531,0.468738961497704,"FF","4-Seam Fastball",15.9,-16.4,0.6,"3",15.8,5.8,-8.4,-2.6,"-31",0.6498855835240275,0.20137299771167047
"2025","Woo, Bryan","693433","Mariners","SEA","R","95.7","1283","2714",16.753086419753085,0.4727339719970523,"FF","4-Seam Fastball",15.1,-15.8,0.8,"5",14.9,9.7,-9.7,0,"0",0.6933638443935927,0.4668192219679634
"2025","Boyd, Matthew","571510","Cubs","CHC","L","93.3","1276","2746",16.950617283950617,0.4646758922068463,"FF","4-Seam Fastball",18.6,-16,-2.6,"-16",13,13.2,-8.2,5,"61",0.11899313501144165,0.965675057208238
"2025","Valdez, Framber","664285","Astros","HOU","L","94.3","1272","2891",17.84567901234568,0.43998616395710827,"SI","Sinker",25.1,-22.9,2.2,"10",6,16,-15.4,0.6,"4",0.8202614379084967,0.6209150326797386
"2025","Abbott, Andrew","671096","Reds","CIN","L","92.8","1263","2677",16.52469135802469,0.4717967874486365,"FF","4-Seam Fastball",15.7,-15.4,-0.3,"-2",16.2,9.1,-7.2,1.9,"26",0.4645308924485126,0.7254004576659039
"2025","Cease, Dylan","656302","Padres","SD","R","97.1","1252","3044",18.790123456790123,0.41130091984231276,"FF","4-Seam Fastball",10.7,-12.9,2.2,"17",18.5,3.6,-6.9,-3.4,"-48",0.9176201372997712,0.12585812356979406
"2025","Cease, Dylan","656302","Padres","SD","R","89.1","1248","3044",18.790123456790123,0.4099868593955322,"SL","Slider",31.3,-31.9,-0.7,"-2",3.3,1.3,3.5,-2.2,"-64",0.40894568690095845,0.18210862619808307
"2025","Senzatela, Antonio","622608","Rockies","COL","R","94.9","1219","2284",14.098765432098766,0.5337127845884413,"FF","4-Seam Fastball",18.6,-14.5,-4.1,"-29",11.6,4.5,-7.4,-2.9,"-39",0.038901601830663615,0.16475972540045766
"2025","Pepiot, Ryan","686752","Rays","TB","R","95.2","1216","2698",16.65432098765432,0.4507042253521127,"FF","4-Seam Fastball",11.2,-14,2.8,"20",19.1,7.8,-7.2,0.7,"9",0.9679633867276888,0.5606407322654462
"2025","Springs, Jeffrey","605488","Athletics","ATH","L","90.7","1215","2847",17.574074074074073,0.4267650158061117,"FF","4-Seam Fastball",17.5,-16.5,-1,"-6",16,11.3,-7,4.3,"62",0.32036613272311215,0.9359267734553776
"2025","deGrom, Jacob","594798","Rangers","TEX","R","97.5","1203","2614",16.135802469135804,0.46021423106350423,"FF","4-Seam Fastball",12.5,-13.6,1.1,"8",16.5,8.9,-8.4,0.5,"5",0.7574370709382151,0.528604118993135
"2025","Pallante, Andre","669467","Cardinals","STL","R","94.5","1198","2720",16.790123456790123,0.4404411764705882,"FF","4-Seam Fastball",20.5,-14.2,-6.3,"-45",10.1,0.3,-6.9,-6.6,"-96",0.002288329519450801,0.016018306636155607
"2025","Baz, Shane","669358","Rays","TB","R","97","1194","2718",16.77777777777778,0.4392935982339956,"FF","4-Seam Fastball",12.6,-13.6,1.1,"8",16.7,9.9,-7.8,2.1,"27",0.7574370709382151,0.7459954233409611
"2025","Skenes, Paul","694973","Pirates","PIT","R","98.2","1187","2997",18.5,0.39606272939606274,"FF","4-Seam Fastball",16.9,-13.1,-3.8,"-29",11.6,14,-8.2,5.9,"72",0.05034324942791762,0.9816933638443935
"2025","Verlander, Justin","434378","Giants","SF","R","93.9","1182","2608",16.098765432098766,0.4532208588957055,"FF","4-Seam Fastball",12.6,-13,0.4,"3",18.6,8.9,-6.9,2,"28",0.6109839816933639,0.7437070938215103
"2025","Bassitt, Chris","605135","Blue Jays","TOR","R","91.6","1179","2829",17.462962962962962,0.41675503711558853,"SI","Sinker",28.3,-25.5,2.8,"11",4.6,16.2,-15.4,0.8,"5",0.8725490196078431,0.6830065359477124
"2025","Rodriguez, Eduardo","593958","D-backs","AZ","L","92","1177","2588",15.975308641975309,0.45479134466769705,"FF","4-Seam Fastball",17.2,-15.9,-1.3,"-8",14.9,5.5,-7.3,-1.8,"-25",0.26773455377574373,0.2585812356979405
"2025","Warren, Will","701542","Yankees","NYY","R","93.3","1165","2802",17.296296296296298,0.41577444682369735,"FF","4-Seam Fastball",16.1,-15.8,-0.3,"-2",15.4,7.9,-8.1,-0.2,"-2",0.4645308924485126,0.43935926773455375
"2025","Singer, Brady","663903","Reds","CIN","R","92.2","1158","2850",17.59259259259259,0.4063157894736842,"SI","Sinker",22.2,-25.4,-3.3,"-13",10.2,15.9,-15.7,0.2,"1",0.17973856209150327,0.5228758169934641
"2025","Giolito, Lucas","608337","Red Sox","BOS","R","93.3","1145","2367",14.61111111111111,0.4837346852555978,"FF","4-Seam Fastball",13.5,-14.4,0.9,"6",18.1,6.8,-6.5,0.2,"4",0.7299771167048055,0.4874141876430206
"2025","Crochet, Garrett","676979","Red Sox","BOS","L","96.4","1141","3150",19.444444444444443,0.3622222222222222,"FF","4-Seam Fastball",13.6,-13.1,-0.5,"-4",15.9,8,-7,1.1,"15",0.40503432494279173,0.6247139588100686
"2025","Gausman, Kevin","592332","Blue Jays","TOR","R","84.9","1138","3030",18.703703703703702,0.37557755775577556,"FS","Split-Finger",33.8,-34.3,-0.6,"-2",4.5,15.5,-11.3,4.2,"37",0.39759036144578314,1
"2025","Paddack, Chris","663978","Tigers","DET","R","93.7","1134","2565",15.833333333333334,0.4421052631578947,"FF","4-Seam Fastball",13.2,-14.1,0.9,"6",18,8.9,-6.6,2.3,"36",0.7299771167048055,0.7643020594965675
"2025","Holmes, Clay","605280","Mets","NYM","R","93.7","1133","2764",17.061728395061728,0.40991316931982635,"SI","Sinker",28.4,-22.5,5.9,"26",2.9,15,-14.7,0.2,"2",0.9836601307189542,0.5228758169934641
"2025","Brown, Hunter","686613","Astros","HOU","R","96.6","1125","2962",18.28395061728395,0.3798109385550304,"FF","4-Seam Fastball",12.2,-12.9,0.7,"6",17.3,6.8,-6.8,0,"0",0.6681922196796338,0.4668192219679634
"2025","Kikuchi, Yusei","579328","Angels","LAA","L","87","1121","3094",19.098765432098766,0.3623141564318035,"SL","Slider",32.4,-34.2,-1.8,"-5",3.8,2.9,4.6,-1.8,"-38",0.28434504792332266,0.24600638977635783
"2025","Smith, Shane","681343","White Sox","CWS","R","95.6","1108","2419",14.932098765432098,0.4580405126085159,"FF","4-Seam Fastball",15.7,-13.9,-1.8,"-13",14.2,7.3,-7.5,-0.2,"-3",0.2036613272311213,0.43935926773455375
"2025","Webb, Logan","657277","Giants","SF","R","92.6","1102","3282",20.25925925925926,0.33577087141986595,"SI","Sinker",31.6,-25.8,5.9,"23",0.4,15.7,-15.9,-0.2,"-1",0.9836601307189542,0.42810457516339867
"2025","Williams, Gavin","668909","Guardians","CLE","R","96.6","1094","2925",18.055555555555557,0.37401709401709404,"FF","4-Seam Fastball",14.2,-13,-1.2,"-9",15.2,10.9,-7,3.9,"55",0.2974828375286041,0.9153318077803204
"2025","Sánchez, Cristopher","650911","Phillies","PHI","L","86.3","1083","2896",17.876543209876544,0.37396408839779005,"CH","Changeup",38.1,-32.7,5.4,"17",-1.1,16.9,-14.6,2.4,"16",0.9661654135338346,0.9022556390977443
"2025","Strider, Spencer","675911","Braves","ATL","R","95.5","1081","2110",13.024691358024691,0.5123222748815166,"FF","4-Seam Fastball",13.7,-13.8,0.2,"1",16.4,8.9,-7.3,1.6,"21",0.562929061784897,0.6887871853546911
"2025","Kikuchi, Yusei","579328","Angels","LAA","L","94.8","1081","3094",19.098765432098766,0.3493859082094376,"FF","4-Seam Fastball",15.2,-15.2,0,"0",15.4,9.4,-8.5,0.9,"11",0.5148741418764302,0.5926773455377574
"2025","Rea, Colin","607067","Cubs","CHC","R","93.8","1066","2533",15.635802469135802,0.4208448480063166,"FF","4-Seam Fastball",17.1,-15.4,-1.7,"-11",14,8.5,-7.9,0.6,"7",0.21052631578947367,0.5377574370709383
"2025","Keller, Mitch","656605","Pirates","PIT","R","94","1061","2870",17.71604938271605,0.3696864111498258,"FF","4-Seam Fastball",15.8,-14.8,-1,"-7",15.1,8.6,-7.3,1.2,"17",0.32036613272311215,0.6338672768878718
"2025","Imanaga, Shota","684007","Cubs","CHC","L","90.8","1059","2176",13.432098765432098,0.4866727941176471,"FF","4-Seam Fastball",15.5,-17.5,2.1,"12",18,11.9,-8.2,3.7,"46",0.9084668192219679,0.8993135011441648
"2025","Elder, Bryce","693821","Braves","ATL","R","91.5","1058","2514",15.518518518518519,0.420843277645187,"SI","Sinker",24.6,-23.1,1.5,"7",8.2,14.4,-14.2,0.2,"2",0.7516339869281046,0.5228758169934641
"2025","Bradley, Taj","671737","Twins","MIN","R","96.2","1056","2272",14.024691358024691,0.4647887323943662,"FF","4-Seam Fastball",11.6,-13.4,1.8,"14",18.1,6.9,-6.9,0,"0",0.8810068649885584,0.4668192219679634
"2025","Lord, Brad","695418","Nationals","WSH","R","94.8","1032","2127",13.12962962962963,0.48519040902679833,"FF","4-Seam Fastball",20.1,-16.4,-3.6,"-22",10.5,15.6,-10.2,5.4,"53",0.06178489702517163,0.9748283752860412
"2025","Priester, Quinn","682990","Brewers","MIL","R","93.9","1029","2468",15.234567901234568,0.41693679092382496,"SI","Sinker",23.9,-22.1,1.8,"8",7.2,14.6,-14.8,-0.2,"-1",0.7875816993464052,0.42810457516339867
"2025","Luzardo, Jesús","666200","Phillies","PHI","L","96.5","1027","3013",18.598765432098766,0.34085628941254564,"FF","4-Seam Fastball",15.6,-14.3,-1.3,"-9",14,12.1,-8.1,3.9,"48",0.26773455377574373,0.9153318077803204
"2025","Burke, Sean","680732","White Sox","CWS","R","94.4","1018","2376",14.666666666666666,0.42845117845117847,"FF","4-Seam Fastball",12.4,-13.5,1.1,"8",18.4,4.9,-6.3,-1.4,"-22",0.7574370709382151,0.3157894736842105
"2025","Yamamoto, Yoshinobu","808967","Dodgers","LAD","R","95.4","994","2789",17.21604938271605,0.35640014342058085,"FF","4-Seam Fastball",14.1,-14.9,0.8,"5",16,7,-8.5,-1.5,"-18",0.6933638443935927,0.30205949656750575
"2025","Leiter, Jack","683004","Rangers","TEX","R","97.2","991","2583",15.944444444444445,0.38366240805265195,"FF","4-Seam Fastball",11.8,-13.5,1.6,"12",17.4,8.7,-8,0.6,"8",0.8581235697940504,0.5377574370709383
"2025","Hendricks, Kyle","543294","Angels","LAA","R","79.5","987","2571",15.87037037037037,0.3838973162193699,"CH","Changeup",34.8,-34.8,0,"0",8.5,10.9,-11.9,-1,"-8",0.5263157894736842,0.2669172932330827
"2025","deGrom, Jacob","594798","Rangers","TEX","R","90.4","983","2614",16.135802469135804,0.37605202754399386,"SL","Slider",31.1,-30.7,0.3,"1",2.4,4.8,3.6,1.2,"32",0.5303514376996805,0.7476038338658147
"2025","Wheeler, Zack","554430","Phillies","PHI","R","96.1","981","2394",14.777777777777779,0.40977443609022557,"FF","4-Seam Fastball",15.1,-14.7,-0.4,"-3",14.7,10.1,-9.1,1,"11",0.4302059496567506,0.6132723112128147
"2025","Hendricks, Kyle","543294","Angels","LAA","R","86.2","981","2571",15.87037037037037,0.38156359393232203,"SI","Sinker",29.6,-29.3,0.3,"1",7.2,13.9,-13.9,0,"0",0.6241830065359477,0.477124183006536
"2025","Brown, Ben","676962","Cubs","CHC","R","95.8","978","1759",10.858024691358025,0.5559977259806709,"FF","4-Seam Fastball",12.9,-13,0.1,"1",17,7.4,-6.2,1.2,"20",0.5469107551487414,0.6338672768878718
"2025","Morton, Charlie","450203","Braves","ATL","R","81.4","976","2548",15.728395061728396,0.38304552590266877,"CU","Curveball",50.5,-49.6,0.9,"2",-8.9,15.4,11.2,4.2,"37",0.5065502183406113,0.9039301310043668
"2025","Sears, JP","676664","Padres","SD","L","92.2","961","2366",14.604938271604938,0.4061707523245985,"FF","4-Seam Fastball",18.3,-18.1,-0.2,"-1",14.1,11.9,-10,1.9,"19",0.482837528604119,0.7254004576659039
"2025","Sale, Chris","519242","Braves","ATL","L","79.1","960","2031",12.537037037037036,0.4726735598227474,"SL","Slider",47,-43.8,3.2,"7",-2.9,10.5,8.3,2.2,"26",0.8594249201277955,0.8498402555910544
"2025","Valdez, Framber","664285","Astros","HOU","L","79.4","957","2891",17.84567901234568,0.33102732618471115,"CU","Curveball",58.8,-54.5,4.3,"8",-14.8,13.2,9.7,3.5,"36",0.8602620087336245,0.8602620087336245
"2025","Quintana, Jose","500779","Brewers","MIL","L","90.5","956","2174",13.419753086419753,0.43974241030358785,"SI","Sinker",21.5,-25,-3.5,"-14",12.1,13.8,-15,-1.2,"-8",0.1568627450980392,0.22875816993464052
"2025","Greene, Hunter","668881","Reds","CIN","R","99.5","947","1748",10.790123456790123,0.5417620137299771,"FF","4-Seam Fastball",10.9,-11.8,0.9,"8",16.9,8.9,-7.6,1.4,"18",0.7299771167048055,0.6681922196796338
"2025","Irvin, Jake","663623","Nationals","WSH","R","92.4","947","2944",18.17283950617284,0.3216711956521739,"FF","4-Seam Fastball",17.4,-15.7,-1.7,"-11",14.7,9.4,-7.3,2.1,"28",0.21052631578947367,0.7459954233409611
"2025","Bello, Brayan","678394","Red Sox","BOS","R","95.3","943","2697",16.64814814814815,0.3496477567667779,"SI","Sinker",24.5,-23.3,1.3,"5",5.7,16.9,-15.9,1,"6",0.7287581699346405,0.7450980392156863
"2025","Luzardo, Jesús","666200","Phillies","PHI","L","86.1","933","3013",18.598765432098766,0.309658148025224,"ST","Sweeper",37.2,-37.1,0.1,"0",-0.2,9,12.2,-3.2,"-26",0.46511627906976744,0.09883720930232558
"2025","Falter, Bailey","663559","Royals","KC","L","92.2","916","1951",12.04320987654321,0.469502819067145,"FF","4-Seam Fastball",13.7,-15.4,1.7,"11",18.6,3.5,-7,-3.5,"-50",0.8718535469107551,0.11212814645308924
"2025","Rodón, Carlos","607074","Yankees","NYY","L","85.9","913","3212",19.82716049382716,0.2842465753424658,"SL","Slider",37.9,-35.3,2.5,"7",-0.8,5.5,3.9,1.7,"43",0.7859424920127795,0.7987220447284346
"2025","Allen, Logan","671106","Guardians","CLE","L","91.2","910","2709",16.72222222222222,0.3359173126614987,"FF","4-Seam Fastball",16.6,-17.7,1.2,"7",16.3,6.3,-8.7,-2.4,"-28",0.7917620137299771,0.21967963386727687
"2025","Heaney, Andrew","571760","Dodgers","LAD","L","90.1","907","2082",12.851851851851851,0.4356388088376561,"FF","4-Seam Fastball",21.3,-20,-1.3,"-6",12.7,15.9,-10.7,5.3,"50",0.26773455377574373,0.9725400457665904
"2025","Cecconi, Slade","677944","Guardians","CLE","R","94.3","899","2063",12.734567901234568,0.4357731459040233,"FF","4-Seam Fastball",15.1,-14.7,-0.4,"-3",15.8,10.7,-7.4,3.4,"46",0.4302059496567506,0.8764302059496567
"2025","Horton, Cade","690990","Cubs","CHC","R","95.7","897","1788",11.037037037037036,0.5016778523489933,"FF","4-Seam Fastball",15.4,-14,-1.4,"-10",14.5,0.1,-7.3,-7.2,"-99",0.2562929061784897,0.009153318077803204
"2025","Skubal, Tarik","669373","Tigers","DET","L","88","895","2849",17.58641975308642,0.31414531414531416,"CH","Changeup",28.9,-30.6,-1.6,"-5",6.5,15,-14.3,0.7,"5",0.3233082706766917,0.6015037593984962
"2025","Anderson, Tyler","542881","Angels","LAA","L","89.3","892","2339",14.438271604938272,0.38135955536554084,"FF","4-Seam Fastball",15.1,-16.9,1.9,"11",19.5,6.9,-6.4,0.5,"8",0.8924485125858124,0.528604118993135
"2025","Kahnle, Tommy","592454","Tigers","DET","R","86.7","886","1035",6.388888888888889,0.8560386473429952,"CH","Changeup",35.3,-32.7,2.6,"8",1.1,11.8,-14.4,-2.6,"-18",0.8082706766917294,0.11278195488721804
"2025","Elder, Bryce","693821","Braves","ATL","R","84.3","883","2514",15.518518518518519,0.35123309466984887,"SL","Slider",38.7,-37,1.6,"4",-0.1,1.9,3.9,-2.1,"-53",0.6964856230031949,0.19808306709265175
"2025","Crochet, Garrett","676979","Red Sox","BOS","L","90.9","875","3150",19.444444444444443,0.2777777777777778,"FC","Cutter",26.8,-24.5,-2.3,"-9",6.2,3.7,2.3,1.4,"59",0.16939890710382513,0.7595628415300546
"2025","Webb, Logan","657277","Giants","SF","R","84.6","873","3282",20.25925925925926,0.2659963436928702,"ST","Sweeper",38.7,-37.5,1.3,"3",-0.5,14.6,13.4,1.2,"9",0.627906976744186,0.6802325581395349
"2025","Kochanowicz, Jack","686799","Angels","LAA","R","95.5","873","1858",11.469135802469136,0.4698600645855759,"SI","Sinker",27,-21.4,5.5,"26",3,14.2,-15.1,-0.9,"-6",0.9803921568627451,0.28104575163398693
"2025","Irvin, Jake","663623","Nationals","WSH","R","77.8","872","2944",18.17283950617284,0.296195652173913,"CU","Curveball",49.6,-55,-5.5,"-10",-4.2,14.8,9.9,5,"50",0.08733624454148471,0.9388646288209607
"2025","Fried, Max","608331","Yankees","NYY","L","93.6","872","3109",19.191358024691358,0.2804760373110325,"FC","Cutter",22.2,-21.7,-0.5,"-2",9,1.5,1.6,-0.1,"-5",0.453551912568306,0.5245901639344263
"2025","Houser, Adrian","605288","Rays","TB","R","94.4","869","1892",11.679012345679013,0.45930232558139533,"SI","Sinker",23.7,-22.3,1.4,"6",7,17.1,-15.2,1.9,"13",0.7418300653594772,0.9248366013071896
"2025","Dollander, Chase","801403","Rockies","COL","R","97.9","867","1778",10.975308641975309,0.4876265466816648,"FF","4-Seam Fastball",16.1,-14.4,-1.7,"-12",12.4,11.5,-9.3,2.2,"23",0.21052631578947367,0.7574370709382151
"2025","Corbin, Patrick","571578","Rangers","TEX","L","80.4","866","2588",15.975308641975309,0.33462132921174653,"SL","Slider",42.1,-41.3,0.8,"2",0.5,2.4,4.3,-1.9,"-45",0.610223642172524,0.2268370607028754
"2025","Pérez, Eury","691587","Marlins","MIA","R","97.9","862","1673",10.32716049382716,0.5152420800956365,"FF","4-Seam Fastball",11.1,-12.8,1.7,"13",17.7,10.3,-7.5,2.8,"37",0.8718535469107551,0.8192219679633868
"2025","Singer, Brady","663903","Reds","CIN","R","82.6","859","2850",17.59259259259259,0.30140350877192984,"SL","Slider",40.9,-38.6,2.3,"6",-0.9,4.9,5.8,-0.8,"-15",0.7539936102236422,0.4185303514376997
"2025","Woods Richardson, Simeon","680573","Twins","MIN","R","93.2","856","1878",11.592592592592593,0.45580404685835996,"FF","4-Seam Fastball",13.3,-14.2,0.9,"6",18.4,5.4,-6.2,-0.8,"-13",0.7299771167048055,0.38672768878718533
"2025","May, Dustin","669160","Red Sox","BOS","R","85.2","853","2169",13.38888888888889,0.3932687874596588,"ST","Sweeper",40.4,-37.4,3,"8",-2.3,16.9,13.4,3.5,"26",0.8081395348837209,0.9476744186046512
"2025","Ferrer, Jose A.","678606","Nationals","WSH","L","97.7","853","1208",7.45679012345679,0.7061258278145696,"SI","Sinker",22,-20.9,1.2,"6",6.7,18.1,-15.6,2.5,"16",0.7189542483660131,0.9771241830065359
"2025","Sale, Chris","519242","Braves","ATL","L","94.8","852","2031",12.537037037037036,0.4194977843426883,"FF","4-Seam Fastball",21.3,-16.7,-4.6,"-28",9.3,15,-10.2,4.8,"47",0.029748283752860413,0.9588100686498856
"2025","Berríos, José","621244","Blue Jays","TOR","R","92.2","849","2584",15.950617283950617,0.3285603715170279,"SI","Sinker",21.6,-24.1,-2.5,"-10",10.7,16.1,-15.1,1,"7",0.28104575163398693,0.7450980392156863
"2025","Ober, Bailey","641927","Twins","MIN","R","90.2","840","2356",14.54320987654321,0.3565365025466893,"FF","4-Seam Fastball",16.8,-16.6,-0.2,"-1",16.9,8.1,-6.2,1.9,"31",0.482837528604119,0.7254004576659039
"2025","Skubal, Tarik","669373","Tigers","DET","L","97.6","835","2849",17.58641975308642,0.2930852930852931,"FF","4-Seam Fastball",11.8,-12.6,0.8,"7",17,3.5,-7,-3.5,"-50",0.6933638443935927,0.11212814645308924
"2025","Freeland, Kyle","607536","Rockies","COL","L","91.6","830","2481",15.314814814814815,0.33454252317613864,"FF","4-Seam Fastball",17.5,-16.1,-1.4,"-9",15.1,7.9,-7.2,0.7,"10",0.2562929061784897,0.5606407322654462
"2025","Patrick, Chad","694477","Brewers","MIL","R","87.9","829","2010",12.407407407407407,0.41243781094527365,"FC","Cutter",23.2,-27.5,4.3,"16",12.3,3.8,2.1,1.6,"77",0.9453551912568307,0.7814207650273224
"2025","Smith, Cade","671922","Guardians","CLE","R","96.4","826","1182",7.296296296296297,0.6988155668358714,"FF","4-Seam Fastball",13.1,-13.1,0,"0",16.5,8.7,-6.9,1.8,"26",0.5148741418764302,0.7139588100686499
"2025","Rasmussen, Drew","656876","Rays","TB","R","95.8","820","2316",14.296296296296296,0.3540587219343696,"FF","4-Seam Fastball",12.4,-13.6,1.2,"9",17.3,4.1,-7.1,-3,"-42",0.7917620137299771,0.15560640732265446
"2025","Bibee, Tanner","676440","Guardians","CLE","R","94.4","812","2969",18.32716049382716,0.27349275850454696,"FF","4-Seam Fastball",16.1,-13.8,-2.2,"-16",14.7,5.5,-6.4,-0.9,"-15",0.16018306636155608,0.37757437070938216
"2025","Fedde, Erick","607200","Brewers","MIL","R","93.2","810","2369",14.623456790123457,0.3419164204305614,"SI","Sinker",22.1,-22.4,-0.3,"-1",9.4,11.7,-14.8,-3,"-21",0.5359477124183006,0.06535947712418301
"2025","Mize, Casey","663554","Tigers","DET","R","94.6","801","2353",14.524691358024691,0.34041648958776033,"FF","4-Seam Fastball",13.5,-14.2,0.7,"5",17.2,8.1,-7.1,1,"14",0.6681922196796338,0.6132723112128147
"2025","Wentz, Joey","666214","Braves","ATL","L","93.4","800","1815",11.203703703703704,0.44077134986225897,"FF","4-Seam Fastball",13.4,-13.9,0.5,"4",18,5,-6.1,-1.1,"-18",0.6270022883295194,0.34324942791762014
"2025","Ginn, J.T.","669372","Athletics","ATH","R","93.4","800","1575",9.722222222222221,0.5079365079365079,"SI","Sinker",28.2,-23,5.1,"22",3.4,14.4,-15.1,-0.7,"-5",0.9673202614379085,0.3300653594771242
"2025","Santillan, Tony","663574","Reds","CIN","R","96.3","799","1230",7.592592592592593,0.6495934959349593,"FF","4-Seam Fastball",16.3,-15.4,-0.9,"-6",13.3,11.7,-9.5,2.1,"22",0.34096109839816935,0.7459954233409611
"2025","Anderson, Tyler","542881","Angels","LAA","L","78.7","795","2339",14.438271604938272,0.33988884138520736,"CH","Changeup",32.2,-35.2,-3,"-9",12.2,13.2,-12,1.1,"9",0.18421052631578946,0.6729323308270677
"2025","Webb, Logan","657277","Giants","SF","R","86.5","792","3282",20.25925925925926,0.2413162705667276,"CH","Changeup",42,-35.9,6.1,"17",-5.6,8.5,-13.7,-5.3,"-38",0.9849624060150376,0.022556390977443608
"2025","Peterson, David","656849","Mets","NYM","L","91.3","788","2699",16.660493827160494,0.2919599851796962,"SI","Sinker",25.3,-22.6,2.7,"12",7.8,14.7,-14.1,0.6,"4",0.8660130718954249,0.6209150326797386
"2025","Kinley, Tyler","641755","Braves","ATL","R","87.4","788","1225",7.561728395061729,0.643265306122449,"SL","Slider",32.8,-33.7,-0.9,"-3",2.7,2.2,3.4,-1.2,"-36",0.3801916932907348,0.34824281150159747
"2025","Lauer, Eric","641778","Blue Jays","TOR","L","91.7","782","1682",10.382716049382717,0.464922711058264,"FF","4-Seam Fastball",16.8,-15.9,-0.9,"-6",15.9,8.7,-7.1,1.7,"23",0.34096109839816935,0.7048054919908466
"2025","Gilbert, Logan","669302","Mariners","SEA","R","95.4","779","2156",13.308641975308642,0.36131725417439703,"FF","4-Seam Fastball",13.6,-13.7,0.2,"1",16.5,8.4,-7,1.5,"21",0.562929061784897,0.6727688787185355
"2025","Pallante, Andre","669467","Cardinals","STL","R","87.4","778","2720",16.790123456790123,0.28602941176470587,"SL","Slider",36.4,-33.6,2.8,"8",-0.8,4.7,4,0.7,"17",0.8306709265175719,0.6773162939297125
"2025","Wacha, Michael","608379","Royals","KC","R","93","772","2665",16.450617283950617,0.2896810506566604,"FF","4-Seam Fastball",13.7,-14.1,0.5,"3",18,6.6,-6,0.6,"11",0.6270022883295194,0.5377574370709383
"2025","Gusto, Ryan","687473","Marlins","MIA","R","94.1","769","1760",10.864197530864198,0.4369318181818182,"FF","4-Seam Fastball",13,-14.8,1.8,"12",18.2,5.8,-7.4,-1.7,"-22",0.8810068649885584,0.2745995423340961
"2025","Littell, Zack","641793","Reds","CIN","R","87.3","768","2788",17.209876543209877,0.27546628407460544,"SL","Slider",28.5,-33.7,-5.2,"-15",7.2,1.4,3.6,-2.3,"-62",0.02875399361022364,0.1757188498402556
"2025","Littell, Zack","641793","Reds","CIN","R","83.4","762","2788",17.209876543209877,0.2733142037302726,"FS","Split-Finger",40.4,-36,4.5,"12",-0.9,11.7,-10.7,0.9,"9",0.9397590361445783,0.7108433734939759
"2025","Taillon, Jameson","592791","Cubs","CHC","R","92.3","762","1979",12.216049382716049,0.38504295098534613,"FF","4-Seam Fastball",14.1,-15.1,1.1,"7",18.2,7.4,-6.8,0.6,"9",0.7574370709382151,0.5377574370709383
"2025","Gilbert, Logan","669302","Mariners","SEA","R","87.5","760","2156",13.308641975308642,0.3525046382189239,"SL","Slider",35.2,-34.1,1.2,"3",0.8,0.7,3.4,-2.7,"-80",0.65814696485623,0.134185303514377
"2025","Martin, Davis","663436","White Sox","CWS","R","94","755","2309",14.253086419753087,0.3269813772195756,"FF","4-Seam Fastball",16,-14.7,-1.3,"-9",15.1,6.2,-7.2,-1,"-14",0.26773455377574373,0.36384439359267734
"2025","Severino, Luis","622663","Athletics","ATH","R","96.1","755","2731",16.858024691358025,0.27645551080190406,"FF","4-Seam Fastball",13.5,-13.8,0.3,"2",16.3,7,-7.3,-0.3,"-3",0.5949656750572082,0.43478260869565216
"2025","Kelly, Merrill","518876","Rangers","TEX","R","88.3","752","2833",17.487654320987655,0.2654429932933286,"CH","Changeup",35.1,-31.6,3.5,"11",0,15.1,-14.9,0.2,"2",0.8646616541353384,0.5075187969924813
"2025","Strider, Spencer","675911","Braves","ATL","R","84.1","744","2110",13.024691358024691,0.35260663507109,"SL","Slider",35.9,-37,-1.1,"-3",2.6,5.1,4.5,0.6,"13",0.35782747603833864,0.6517571884984026
"2025","Soriano, José","667755","Angels","LAA","R","85.2","741","2784",17.185185185185187,0.2661637931034483,"CU","Curveball",47.9,-48,-0.2,"0",-9.9,12.5,6.7,5.9,"88",0.4366812227074236,0.9694323144104804
"2025","Roupp, Landen","694738","Giants","SF","R","92.8","738","1851",11.425925925925926,0.3987034035656402,"SI","Sinker",28.9,-25.2,3.6,"14",3,17.9,-15.7,2.2,"14",0.9052287581699346,0.9477124183006536
"2025","Márquez, Germán","608566","Rockies","COL","R","94.8","737","2085",12.87037037037037,0.35347721822541966,"FF","4-Seam Fastball",16.3,-14.8,-1.5,"-10",14.1,10.2,-7.9,2.3,"30",0.2448512585812357,0.7643020594965675
"2025","Hill, Tim","657612","Yankees","NYY","L","88.4","737","899",5.549382716049383,0.8197997775305895,"SI","Sinker",41.8,-41.9,0,"0",-6.4,15.9,-15.6,0.3,"2",0.5816993464052288,0.565359477124183
"2025","Alcantara, Sandy","645261","Marlins","MIA","R","97.2","737","2891",17.84567901234568,0.25492909028017985,"SI","Sinker",20.7,-21,-0.4,"-2",8.5,17.4,-15.6,1.8,"11",0.5196078431372549,0.9117647058823529
"2025","Gallen, Zac","668678","D-backs","AZ","R","81.1","736","3134",19.34567901234568,0.23484365028717294,"CU","Curveball",53.2,-52,1.2,"2",-11.5,4.9,8.2,-3.3,"-40",0.5414847161572053,0.13100436681222707
"2025","Corbin, Patrick","571578","Rangers","TEX","L","91.6","731","2588",15.975308641975309,0.28245749613601234,"SI","Sinker",22,-22.6,-0.6,"-3",11,15.3,-14.3,1,"7",0.5,0.7450980392156863
"2025","Baz, Shane","669358","Rays","TB","R","85","731","2718",16.77777777777778,0.2689477557027226,"CU","Curveball",50.5,-47.8,2.7,"6",-12.5,7.6,6.8,0.8,"11",0.7379912663755459,0.5895196506550219
"2025","Kershaw, Clayton","477132","Dodgers","LAD","L","85.7","730","1770",10.925925925925926,0.4124293785310734,"SL","Slider",29.2,-35.4,-6.2,"-18",7.9,4.5,4.2,0.2,"5",0.012779552715654952,0.6006389776357828
"2025","Rogers, Tyler","643511","Mets","NYM","R","83.5","729","978",6.037037037037037,0.745398773006135,"SI","Sinker",52.9,-52.9,0,"0",-13,1.5,-1.5,0,"1",0.5816993464052288,0.477124183006536
"2025","Rasmussen, Drew","656876","Rays","TB","R","90.3","729","2316",14.296296296296296,0.31476683937823835,"FC","Cutter",29.4,-25.3,-4.2,"-17",3.9,4.5,2.2,2.3,"104",0.0546448087431694,0.9016393442622951
"2025","May, Dustin","669160","Red Sox","BOS","R","94.5","728","2169",13.38888888888889,0.33563854310742275,"SI","Sinker",25.2,-25.3,-0.1,"0",5.6,18.5,-16.4,2,"12",0.5686274509803921,0.9379084967320261
"2025","Kremer, Dean","665152","Orioles","BAL","R","93.3","724","2692",16.617283950617285,0.2689450222882615,"FF","4-Seam Fastball",13.6,-15,1.4,"10",18.1,7.6,-7.1,0.5,"7",0.8375286041189931,0.528604118993135
"2025","Mejia, Juan","675848","Rockies","COL","R","96.6","722","1074",6.62962962962963,0.6722532588454376,"FF","4-Seam Fastball",16.7,-13.8,-2.9,"-21",12.3,1.1,-7.6,-6.5,"-86",0.09610983981693363,0.018306636155606407
"2025","Lodolo, Nick","666157","Reds","CIN","L","93.8","722","2478",15.296296296296296,0.29136400322841,"FF","4-Seam Fastball",22.1,-16,-6.1,"-38",9.3,17.1,-8.6,8.6,"100",0.006864988558352402,1
"2025","Springs, Jeffrey","605488","Athletics","ATH","L","79.1","720","2847",17.574074074074073,0.2528977871443625,"CH","Changeup",37,-35.3,1.8,"5",6.8,12.5,-12.5,0.1,"1",0.7030075187969925,0.49624060150375937
"2025","Flaherty, Jack","656427","Tigers","DET","R","77.8","718","2831",17.47530864197531,0.25362062875309077,"CU","Curveball",54,-53.9,0.1,"0",-8.7,12.1,12.3,-0.2,"-2",0.4585152838427948,0.49344978165938863
"2025","Povich, Cade","700249","Orioles","BAL","L","92.2","713","1971",12.166666666666666,0.3617453069507864,"FF","4-Seam Fastball",15,-15.6,0.6,"4",17.4,10.6,-7.2,3.4,"48",0.6498855835240275,0.8764302059496567
"2025","Lodolo, Nick","666157","Reds","CIN","L","81.9","711","2478",15.296296296296296,0.28692493946731235,"CU","Curveball",40.8,-49.7,-8.8,"-18",0,8.4,10.4,-2,"-19",0.004366812227074236,0.27074235807860264
"2025","Yamamoto, Yoshinobu","808967","Dodgers","LAD","R","90.9","708","2789",17.21604938271605,0.25385442811043385,"FS","Split-Finger",31.1,-31.1,-0.1,"0",2,11.3,-12.4,-1.1,"-9",0.5060240963855421,0.3614457831325301
"2025","Liberatore, Matthew","669461","Cardinals","STL","L","93.9","707","2386",14.728395061728396,0.29631181894383907,"FF","4-Seam Fastball",14.7,-13.9,-0.7,"-5",16.3,7.2,-6.3,0.9,"15",0.36384439359267734,0.5926773455377574
"2025","Jansen, Kenley","445276","Angels","LAA","R","92.8","707","869",5.364197530864198,0.8135788262370541,"FC","Cutter",13.2,-21.7,8.5,"39",18.8,2.4,2.1,0.3,"15",1,0.5956284153005464
"2025","Morton, Charlie","450203","Braves","ATL","R","94.2","704","2548",15.728395061728396,0.27629513343799056,"FF","4-Seam Fastball",18.5,-15.9,-2.6,"-16",12.4,11.9,-8.8,3.2,"36",0.11899313501144165,0.8604118993135011
"2025","Estrada, Jeremiah","669093","Padres","SD","R","97.9","702","1236",7.62962962962963,0.5679611650485437,"FF","4-Seam Fastball",9.2,-12.6,3.5,"27",19.6,2,-7.4,-5.4,"-73",0.9908466819221968,0.036613272311212815
"2025","Brown, Ben","676962","Cubs","CHC","R","87.2","701","1759",10.858024691358025,0.3985218874360432,"CU","Curveball",38.3,-43.5,-5.1,"-12",-2.4,2.6,4.5,-1.9,"-43",0.09606986899563319,0.28820960698689957
"2025","Mikolas, Miles","571945","Cardinals","STL","R","92.9","700","2480",15.308641975308642,0.28225806451612906,"FF","4-Seam Fastball",16.9,-14.7,-2.2,"-15",14.9,8.4,-6.5,1.9,"29",0.16018306636155608,0.7254004576659039
"2025","Johnson, Pierce","572955","Braves","ATL","R","85.8","698","968",5.9753086419753085,0.7210743801652892,"CU","Curveball",41.3,-44.3,-3,"-7",-4.3,7.4,4.8,2.6,"54",0.22707423580786026,0.7729257641921398
"2025","Holmes, Grant","656550","Braves","ATL","R","85.4","698","1964",12.123456790123457,0.35539714867617106,"SL","Slider",40.5,-36.1,4.4,"12",-3.1,3.1,4.7,-1.6,"-34",0.9233226837060703,0.2779552715654952
"2025","Suárez, Ranger","624133","Phillies","PHI","L","90.1","695","2430",15,0.28600823045267487,"SI","Sinker",29.1,-25.3,3.7,"15",4.9,15.7,-14.9,0.8,"5",0.9084967320261438,0.6830065359477124
"2025","Woo, Bryan","693433","Mariners","SEA","R","95.4","694","2714",16.753086419753085,0.2557111274871039,"SI","Sinker",24.1,-24.5,-0.4,"-2",6,16.6,-16.4,0.2,"1",0.5196078431372549,0.5228758169934641
"2025","Vargas, Carlos","672841","Mariners","SEA","R","97.6","694","1095",6.7592592592592595,0.6337899543378995,"SI","Sinker",24,-20.7,3.3,"16",4.9,15.5,-15.2,0.3,"2",0.8986928104575164,0.565359477124183
"2025","Ray, Robbie","592662","Giants","SF","L","87.9","692","3069",18.944444444444443,0.22548061257738677,"SL","Slider",26.1,-33.1,-7,"-21",9.2,0.5,3.5,-4,"-114",0.006389776357827476,0.02875399361022364
"2025","Soroka, Michael","647336","Cubs","CHC","R","93.6","690","1527",9.425925925925926,0.4518664047151277,"FF","4-Seam Fastball",16,-15.6,-0.4,"-2",15.3,9.3,-8,1.3,"17",0.4302059496567506,0.6521739130434783
"2025","Cantillo, Joey","676282","Guardians","CLE","L","91.7","687","1637",10.104938271604938,0.41967012828344535,"FF","4-Seam Fastball",15.6,-15.8,0.2,"1",16.9,7.1,-6.8,0.3,"5",0.562929061784897,0.4919908466819222
"2025","Schlittler, Cam","693645","Yankees","NYY","R","98","686","1253",7.734567901234568,0.547486033519553,"FF","4-Seam Fastball",12.2,-12.2,0,"0",16.3,5.8,-6.6,-0.7,"-11",0.5148741418764302,0.39816933638443935
"2025","Latz, Jacob","656641","Rangers","TEX","L","94.2","685","1388",8.567901234567902,0.4935158501440922,"FF","4-Seam Fastball",12.3,-14.5,2.2,"15",18.8,8.8,-7.2,1.6,"22",0.9176201372997712,0.6887871853546911
"2025","Mahle, Tyler","641816","Rangers","TEX","R","92","684","1381",8.524691358024691,0.4952932657494569,"FF","4-Seam Fastball",14.3,-16.3,2,"12",18.3,11,-7.6,3.3,"44",0.9038901601830663,0.8649885583524027
"2025","Bubic, Kris","663460","Royals","KC","L","92.1","684","1795",11.080246913580247,0.381058495821727,"FF","4-Seam Fastball",14.2,-16,1.8,"11",18.1,4.3,-7.4,-3.1,"-41",0.8810068649885584,0.14187643020594964
"2025","Imanaga, Shota","684007","Cubs","CHC","L","83","683","2176",13.432098765432098,0.31387867647058826,"FS","Split-Finger",33.1,-35.4,-2.3,"-7",6.7,13,-12.2,0.7,"6",0.20481927710843373,0.6746987951807228
"2025","Pfaadt, Brandon","694297","D-backs","AZ","R","93.6","683","2918",18.012345679012345,0.23406442769019878,"FF","4-Seam Fastball",15.6,-15.2,-0.4,"-3",15.5,6,-7.6,-1.5,"-20",0.4302059496567506,0.30205949656750575
"2025","Pfaadt, Brandon","694297","D-backs","AZ","R","93.1","682","2918",18.012345679012345,0.2337217272104181,"SI","Sinker",24.8,-23.8,0.9,"4",6.9,15.2,-15.4,-0.2,"-1",0.6830065359477124,0.42810457516339867
"2025","Skubal, Tarik","669373","Tigers","DET","L","97.3","681","2849",17.58641975308642,0.23903123903123902,"SI","Sinker",15.4,-20.2,-4.8,"-24",13.6,13.1,-14.9,-1.8,"-12",0.07516339869281045,0.1437908496732026
"2025","Ober, Bailey","641927","Twins","MIN","R","83.3","681","2356",14.54320987654321,0.2890492359932088,"CH","Changeup",33.8,-33.6,0.2,"1",5.8,17.9,-14.9,3,"20",0.5375939849624061,0.9511278195488722
"2025","Severino, Luis","622663","Athletics","ATH","R","84.5","678","2731",16.858024691358025,0.24826071036250458,"ST","Sweeper",36.1,-37.9,-1.8,"-5",2.4,15.7,13,2.7,"21",0.28488372093023256,0.8604651162790697
"2025","Matz, Steven","571927","Red Sox","BOS","L","94.5","677","1159",7.154320987654321,0.5841242450388265,"SI","Sinker",19.6,-22.4,-2.8,"-13",11.2,15.2,-15.2,0,"0",0.25163398692810457,0.477124183006536
"2025","Wacha, Michael","608379","Royals","KC","R","79.8","677","2665",16.450617283950617,0.25403377110694186,"CH","Changeup",35.6,-33.8,1.8,"5",7.5,13,-12.7,0.3,"2",0.7030075187969925,0.5338345864661654
"2025","Pepiot, Ryan","686752","Rays","TB","R","86.8","675","2698",16.65432098765432,0.25018532246108227,"CH","Changeup",34.1,-31.7,2.5,"8",2.1,14.4,-14.2,0.2,"1",0.793233082706767,0.5075187969924813
"2025","Gore, MacKenzie","669022","Nationals","WSH","L","81.6","675","2818",17.395061728395063,0.23953158268275374,"CU","Curveball",54.3,-51.3,3,"6",-13,4.6,8.1,-3.5,"-43",0.7685589519650655,0.11353711790393013
"2025","Scherzer, Max","453286","Blue Jays","TOR","R","93.6","674","1390",8.580246913580247,0.4848920863309353,"FF","4-Seam Fastball",15.3,-15.5,0.2,"1",16.2,8.7,-7.9,0.8,"11",0.562929061784897,0.5743707093821511
"2025","Berríos, José","621244","Blue Jays","TOR","R","82.5","671","2584",15.950617283950617,0.2596749226006192,"SV","Slurve",45,-45.8,-0.8,"-2",-4.5,14.9,12.6,2.3,"18",0.4,0.9
"2025","Priester, Quinn","682990","Brewers","MIL","R","86.1","671","2468",15.234567901234568,0.27188006482982174,"SL","Slider",37.2,-35,2.1,"6",-0.5,4.1,4.1,0,"-1",0.7348242811501597,0.5623003194888179
"2025","Alcantara, Sandy","645261","Marlins","MIA","R","90.4","670","2891",17.84567901234568,0.23175371843652715,"CH","Changeup",28.8,-29.7,-0.8,"-3",4.8,17.5,-15,2.5,"17",0.40977443609022557,0.924812030075188
"2025","Flaherty, Jack","656427","Tigers","DET","R","84.9","669","2831",17.47530864197531,0.23631225715294948,"SL","Slider",35,-36.3,-1.3,"-4",2.8,6.4,5.5,0.8,"15",0.33226837060702874,0.6837060702875399
"2025","Fedde, Erick","607200","Brewers","MIL","R","90.3","663","2369",14.623456790123457,0.27986492190797807,"FC","Cutter",24.2,-25.2,1.1,"4",9.1,1.2,2.2,-1,"-43",0.6666666666666666,0.30601092896174864
"2025","Littell, Zack","641793","Reds","CIN","R","92.1","663","2788",17.209876543209877,0.23780487804878048,"FF","4-Seam Fastball",16.2,-15.5,-0.7,"-4",16.1,7.3,-7,0.3,"4",0.36384439359267734,0.4919908466819222
"2025","Rogers, Trevor","669432","Orioles","BAL","L","93.1","662","1627",10.04320987654321,0.4068838352796558,"FF","4-Seam Fastball",17.1,-15.3,-1.8,"-12",14.7,11.4,-7.3,4.1,"57",0.2036613272311213,0.9244851258581236
"2025","Roupp, Landen","694738","Giants","SF","R","76.7","660","1851",11.425925925925926,0.3565640194489465,"CU","Curveball",53.7,-56.7,-3.1,"-5",-6.6,18.6,11.5,7.1,"61",0.2096069868995633,0.9868995633187773
"2025","Manaea, Sean","640455","Mets","NYM","L","91.7","658","1095",6.7592592592592595,0.6009132420091324,"FF","4-Seam Fastball",21.9,-18.3,-3.6,"-19",10.9,14.1,-9.7,4.4,"45",0.06178489702517163,0.9382151029748284
"2025","Vasil, Mike","678024","White Sox","CWS","R","94.4","657","1646",10.160493827160494,0.3991494532199271,"SI","Sinker",26.3,-22.5,3.8,"17",4.6,14.6,-15.2,-0.6,"-4",0.9183006535947712,0.35294117647058826
"2025","Gordon, Tanner","685299","Rockies","COL","R","92.3","657","1244",7.679012345679013,0.5281350482315113,"FF","4-Seam Fastball",17.7,-15.4,-2.3,"-15",14.4,11.1,-7,4.2,"60",0.15102974828375287,0.9290617848970252
"2025","Márquez, Germán","608566","Rockies","COL","R","85.5","656","2085",12.87037037037037,0.3146282973621103,"CU","Curveball",38.2,-44.6,-6.3,"-14",-0.8,1.7,4.8,-3.1,"-65",0.06986899563318777,0.15283842794759825
"2025","Brown, Hunter","686613","Astros","HOU","R","95.7","656","2962",18.28395061728395,0.22147197839297772,"SI","Sinker",16.9,-20.8,-3.9,"-19",13.2,14,-14.8,-0.7,"-5",0.12745098039215685,0.3300653594771242
"2025","King, Bryan","687911","Astros","HOU","L","92","655","1046",6.45679012345679,0.6261950286806883,"FF","4-Seam Fastball",18.1,-16.5,-1.6,"-10",14.3,3.9,-7.9,-4.1,"-51",0.2311212814645309,0.08924485125858124
"2025","Peralta, Freddy","642547","Brewers","MIL","R","88.9","655","3086",19.049382716049383,0.21224886584575503,"CH","Changeup",31.2,-32.1,-0.9,"-3",3.7,16.8,-14.9,1.9,"13",0.40225563909774437,0.8421052631578947
"2025","Pagán, Emilio","641941","Reds","CIN","R","95.8","654","1068",6.592592592592593,0.6123595505617978,"FF","4-Seam Fastball",11.5,-14.1,2.6,"19",18.5,6.8,-7.8,-1,"-12",0.9610983981693364,0.36384439359267734
"2025","Castillo, Luis","622491","Mariners","SEA","R","94.8","653","2988",18.444444444444443,0.21854082998661312,"SI","Sinker",26.9,-26.5,0.4,"1",3.6,18.6,-16.9,1.7,"10",0.6372549019607843,0.8986928104575164
"2025","Hicks, Jordan","663855","Red Sox","BOS","R","97.5","653","1199",7.401234567901234,0.5446205170975813,"SI","Sinker",21.4,-20.9,0.4,"2",7.5,16.3,-15.3,1,"6",0.6372549019607843,0.7450980392156863
"2025","Corbin, Patrick","571578","Rangers","TEX","L","87.5","652","2588",15.975308641975309,0.25193199381761977,"FC","Cutter",29.2,-28.6,-0.6,"-2",6.6,0.9,2.8,-2,"-70",0.4207650273224044,0.1366120218579235
"2025","Suarez, Robert","663158","Padres","SD","R","98.6","650","1076",6.6419753086419755,0.604089219330855,"FF","4-Seam Fastball",10.3,-11.8,1.5,"13",18.1,6.6,-6.9,-0.3,"-5",0.851258581235698,0.43478260869565216
"2025","Boyd, Matthew","571510","Cubs","CHC","L","78.7","650","2746",16.950617283950617,0.23670793882010197,"CH","Changeup",38.5,-39.2,-0.6,"-2",5.7,15.7,-14.4,1.3,"9",0.43609022556390975,0.7443609022556391
"2025","Kelly, Merrill","518876","Rangers","TEX","R","91.8","648","2833",17.487654320987655,0.22873279209318742,"FF","4-Seam Fastball",17.8,-17.2,-0.7,"-4",14.8,9.5,-8.7,0.8,"9",0.36384439359267734,0.5743707093821511
"2025","Freeland, Kyle","607536","Rockies","COL","L","82.6","648","2481",15.314814814814815,0.26118500604594924,"CU","Curveball",46.4,-49.8,-3.4,"-7",-6.5,2,8.3,-6.3,"-75",0.18777292576419213,0.021834061135371178
"2025","Irvin, Jake","663623","Nationals","WSH","R","91.9","646","2944",18.17283950617284,0.21942934782608695,"SI","Sinker",26,-23.9,2.1,"9",6.5,16.5,-15.1,1.5,"10",0.8137254901960784,0.8790849673202614
"2025","Williams, Gavin","668909","Guardians","CLE","R","82","644","2925",18.055555555555557,0.22017094017094016,"CU","Curveball",54.4,-51.6,2.8,"5",-13.3,10,7.1,2.9,"41",0.7554585152838428,0.7991266375545851
"2025","Misiorowski, Jacob","694819","Brewers","MIL","R","99.3","642","1164",7.185185185185185,0.5515463917525774,"FF","4-Seam Fastball",11.9,-12.7,0.8,"6",15.9,9.4,-9,0.4,"5",0.6933638443935927,0.5102974828375286
"2025","Holmes, Grant","656550","Braves","ATL","R","94.5","639","1964",12.123456790123457,0.32535641547861505,"FF","4-Seam Fastball",15.4,-15,-0.4,"-3",15.2,5.2,-7.8,-2.6,"-34",0.4302059496567506,0.20137299771167047
"2025","Francis, Bowden","670102","Blue Jays","TOR","R","92.5","639","1141",7.04320987654321,0.5600350569675723,"FF","4-Seam Fastball",14,-15.3,1.3,"9",18.3,7.2,-7,0.3,"4",0.8146453089244852,0.4919908466819222
"2025","Pivetta, Nick","601713","Padres","SD","R","79","638","2851",17.598765432098766,0.22378112942827078,"CU","Curveball",61.2,-57.4,3.8,"7",-16.7,7.1,7,0.1,"1",0.8078602620087336,0.5065502183406113
"2025","Harris, Hogan","663687","Athletics","ATH","L","93.5","638","1125",6.944444444444445,0.5671111111111111,"FF","4-Seam Fastball",14.1,-14.7,0.5,"4",17.5,8.4,-6.9,1.5,"21",0.6270022883295194,0.6727688787185355
"2025","Sears, JP","676664","Padres","SD","L","79.2","637","2366",14.604938271604938,0.2692307692307692,"ST","Sweeper",37.5,-40.3,-2.8,"-7",6.5,12.5,13.8,-1.3,"-9",0.1569767441860465,0.29069767441860467
"2025","Walker, Ryan","676254","Giants","SF","R","95.9","636","1018",6.283950617283951,0.6247544204322201,"SI","Sinker",26.5,-24.2,2.3,"9",3.4,16.8,-16.4,0.4,"2",0.826797385620915,0.5882352941176471
"2025","Allen, Logan","671106","Guardians","CLE","L","78","631","2709",16.72222222222222,0.23292727943890734,"ST","Sweeper",44.4,-42.8,1.6,"4",0.8,14.3,14.6,-0.3,"-2",0.6976744186046512,0.45930232558139533
"2025","Miller, Bryce","682243","Mariners","SEA","R","94.8","631","1542",9.518518518518519,0.4092088197146563,"FF","4-Seam Fastball",11.6,-14.7,3.1,"21",18.9,6.6,-7.6,-1.1,"-14",0.9839816933638444,0.34324942791762014
"2025","Weaver, Luke","596133","Yankees","NYY","R","95.1","621","1049",6.4753086419753085,0.5919923736892279,"FF","4-Seam Fastball",11.5,-15.2,3.6,"24",19,6.8,-8.4,-1.6,"-19",0.9954233409610984,0.28832951945080093
"2025","Bibee, Tanner","676440","Guardians","CLE","R","86.2","620","2969",18.32716049382716,0.20882452004041765,"FC","Cutter",33.6,-29.9,-3.7,"-13",3.2,8,3.5,4.5,"130",0.08196721311475409,0.994535519125683
"2025","Walker, Taijuan","592836","Phillies","PHI","R","87.1","620","2061",12.722222222222221,0.30082484230955847,"FC","Cutter",23.1,-27.8,4.6,"17",12.7,3,3.2,-0.2,"-5",0.9562841530054644,0.4972677595628415
"2025","Williams, Trevor","592866","Nationals","WSH","R","87.7","617","1448",8.938271604938272,0.4261049723756906,"FF","4-Seam Fastball",25.2,-22.5,-2.8,"-12",10.1,2.2,-7.4,-5.2,"-70",0.10983981693363844,0.043478260869565216
"2025","Morejon, Adrian","670970","Padres","SD","L","97.7","616","999",6.166666666666667,0.6166166166166166,"SI","Sinker",18.4,-20.4,-2,"-10",10.5,15.3,-15.2,0.1,"1",0.34967320261437906,0.5032679738562091
"2025","Lopez, Jacob","682052","Athletics","ATH","L","90.8","615","1666",10.283950617283951,0.36914765906362546,"FF","4-Seam Fastball",21.7,-18.2,-3.5,"-19",11.8,13.7,-8.8,5,"57",0.06864988558352403,0.965675057208238
"2025","Fedde, Erick","607200","Brewers","MIL","R","82.6","615","2369",14.623456790123457,0.2596032081046855,"ST","Sweeper",35.9,-39.1,-3.2,"-8",4.3,12.8,13.9,-1.1,"-8",0.11046511627906977,0.3313953488372093
"2025","Pomeranz, Drew","519141","Cubs","CHC","L","92.7","614","800",4.938271604938271,0.7675,"FF","4-Seam Fastball",14.7,-15.3,0.6,"4",17.1,1.2,-7.2,-6.1,"-84",0.6498855835240275,0.029748283752860413
"2025","Spence, Mitch","687765","Athletics","ATH","R","91.1","612","1353",8.351851851851851,0.4523281596452328,"FC","Cutter",28.5,-24.5,-4,"-17",4.4,3.9,2.1,1.8,"86",0.07103825136612021,0.819672131147541
"2025","Lee, Dylan","669276","Braves","ATL","L","86","612","1102",6.802469135802469,0.5553539019963702,"SL","Slider",30.2,-34.9,-4.7,"-13",6.7,0.3,3.6,-3.3,"-91",0.04792332268370607,0.07348242811501597
"2025","Kershaw, Clayton","477132","Dodgers","LAD","L","89","612","1770",10.925925925925926,0.34576271186440677,"FF","4-Seam Fastball",16.9,-17.5,0.6,"3",17.5,0,-6.4,-6.5,"-100",0.6498855835240275,0.018306636155606407
"2025","Civale, Aaron","650644","Cubs","CHC","R","89.2","611","1747",10.783950617283951,0.34974241556954777,"FC","Cutter",23,-25.3,2.3,"9",11.1,4.6,2.4,2.2,"93",0.8306010928961749,0.8688524590163934
"2025","Junk, Janson","676083","Marlins","MIA","R","93.6","611","1622",10.012345679012345,0.37669543773119607,"FF","4-Seam Fastball",13.2,-15,1.8,"12",18.1,2.8,-7.4,-4.5,"-61",0.8810068649885584,0.07093821510297482
"2025","Peterson, David","656849","Mets","NYM","L","92.2","611","2699",16.660493827160494,0.22638014079288626,"FF","4-Seam Fastball",18.7,-14.9,-3.7,"-25",13.5,4.7,-6.5,-1.8,"-28",0.05491990846681922,0.2585812356979405
"2025","Greene, Hunter","668881","Reds","CIN","R","89.7","611","1748",10.790123456790123,0.34954233409610985,"SL","Slider",30.4,-31.3,-1,"-3",3.6,5.6,3.6,1.9,"54",0.3706070287539936,0.8178913738019169
"2025","Mattson, Isaac","676755","Pirates","PIT","R","93.9","610","777",4.796296296296297,0.7850707850707851,"FF","4-Seam Fastball",12.4,-14.5,2,"14",18.7,8.2,-7,1.3,"18",0.9038901601830663,0.6521739130434783
"2025","Castillo, Luis","622491","Mariners","SEA","R","84.5","609","2988",18.444444444444443,0.20381526104417672,"SL","Slider",38.5,-37.9,0.6,"2",-0.4,1,4.6,-3.7,"-79",0.5591054313099042,0.051118210862619806
"2025","Okert, Steven","595345","Astros","HOU","L","80.9","608","1051",6.487654320987654,0.5784966698382493,"SL","Slider",34.9,-40,-5.2,"-13",7.2,8.2,6.4,1.8,"28",0.02875399361022364,0.8083067092651757
"2025","Verlander, Justin","434378","Giants","SF","R","87.1","607","2608",16.098765432098766,0.23274539877300612,"SL","Slider",30.4,-32.4,-2,"-6",5.5,4.1,3.4,0.6,"18",0.2523961661341853,0.6517571884984026
"2025","Stanek, Ryne","592773","Mets","NYM","R","98.5","607","1063",6.561728395061729,0.5710253998118533,"FF","4-Seam Fastball",10,-11.9,1.9,"16",18.3,8.6,-6.5,2.1,"32",0.8924485125858124,0.7459954233409611
"2025","Gordon, Colton","676467","Astros","HOU","L","91.1","606","1451",8.95679012345679,0.41764300482425915,"FF","4-Seam Fastball",16.9,-16.6,-0.2,"-1",16.3,10,-7.3,2.8,"38",0.482837528604119,0.8192219679633868
"2025","Giolito, Lucas","608337","Red Sox","BOS","R","86","606","2367",14.61111111111111,0.25602027883396705,"SL","Slider",32.2,-35.1,-2.8,"-8",4.7,2.4,4,-1.6,"-40",0.1757188498402556,0.2779552715654952
"2025","Leasure, Jordan","673929","White Sox","CWS","R","96.2","605","1130",6.9753086419753085,0.5353982300884956,"FF","4-Seam Fastball",10.4,-13.3,2.9,"22",19.3,4,-7.2,-3.2,"-44",0.9748283752860412,0.13501144164759726
"2025","Kirby, George","669923","Mariners","SEA","R","96.2","604","2086",12.876543209876543,0.28954937679769893,"FF","4-Seam Fastball",16.2,-14.1,-2.1,"-15",13.4,10.1,-7.8,2.3,"29",0.18077803203661327,0.7643020594965675
"2025","Leiter, Jack","683004","Rangers","TEX","R","87.6","603","2583",15.944444444444445,0.23344947735191637,"SL","Slider",34.3,-33.6,0.7,"2",1.4,4.2,4.3,-0.1,"-2",0.5718849840255591,0.5399361022364217
"2025","Burrows, Mike","681347","Pirates","PIT","R","95.5","603","1537",9.487654320987655,0.3923227065712427,"FF","4-Seam Fastball",13.1,-13.7,0.6,"4",16.9,5.7,-7,-1.3,"-19",0.6498855835240275,0.32723112128146453
"2025","Mlodzinski, Carmen","669387","Pirates","PIT","R","96.1","602","1647",10.166666666666666,0.3655130540376442,"FF","4-Seam Fastball",18,-15,-3,"-20",11.6,9.7,-9,0.7,"8",0.08695652173913043,0.5606407322654462
"2025","Sugano, Tomoyuki","608372","Orioles","BAL","R","87.3","602","2565",15.833333333333334,0.23469785575048732,"FS","Split-Finger",30.2,-32.1,-1.9,"-6",5.6,11.8,-11.4,0.4,"4",0.2289156626506024,0.5783132530120482
"2025","Paddack, Chris","663978","Tigers","DET","R","84.5","602","2565",15.833333333333334,0.23469785575048732,"CH","Changeup",33.9,-33.2,0.7,"2",4.6,14.9,-14.5,0.4,"3",0.5864661654135338,0.5488721804511278
"2025","Eovaldi, Nathan","543135","Rangers","TEX","R","87.6","601","1917",11.833333333333334,0.31351069379238394,"FS","Split-Finger",35.5,-33,2.5,"8",0.2,12.4,-12,0.4,"3",0.7951807228915663,0.5783132530120482
"2025","Senga, Kodai","673540","Mets","NYM","R","94.7","599","1901",11.734567901234568,0.3150973172014729,"FF","4-Seam Fastball",14.2,-14.5,0.3,"2",16.4,7.6,-7.3,0.3,"4",0.5949656750572082,0.4919908466819222
"2025","Hanifee, Brenan","669724","Tigers","DET","R","95.2","598","946",5.839506172839506,0.6321353065539113,"SI","Sinker",26.2,-23,3.2,"14",4,16.1,-15.8,0.3,"2",0.8888888888888888,0.565359477124183
"2025","Vest, Will","676684","Tigers","DET","R","96.7","596","1137",7.018518518518518,0.5241864555848724,"FF","4-Seam Fastball",12.7,-13.9,1.2,"9",16.7,5.7,-8,-2.2,"-28",0.7917620137299771,0.2311212814645309
"2025","Palencia, Daniel","694037","Cubs","CHC","R","99.6","595","841",5.191358024691358,0.7074910820451843,"FF","4-Seam Fastball",12.3,-12.7,0.4,"3",15.4,11.8,-8.6,3.3,"38",0.6109839816933639,0.8649885583524027
"2025","Parker, Mitchell","680730","Nationals","WSH","L","81.1","594","2705",16.69753086419753,0.21959334565619223,"CU","Curveball",48.3,-52.4,-4.1,"-8",-7,0.7,7.3,-6.5,"-90",0.13973799126637554,0.008733624454148471
"2025","Abreu, Bryan","650556","Astros","HOU","R","97.3","594","1189",7.339506172839506,0.49957947855340623,"FF","4-Seam Fastball",12.6,-13.7,1.1,"8",16.6,6.6,-8.3,-1.7,"-21",0.7574370709382151,0.2745995423340961
"2025","Uribe, Abner","682842","Brewers","MIL","R","98.7","592","1164",7.185185185185185,0.5085910652920962,"SI","Sinker",22.1,-20.2,1.9,"9",6.1,14,-15.3,-1.3,"-9",0.7941176470588235,0.20915032679738563
"2025","Koenig, Jared","657649","Brewers","MIL","L","95.8","590","1043",6.438271604938271,0.5656759348034516,"SI","Sinker",18.8,-21.2,-2.4,"-11",11.2,14.7,-15,-0.3,"-2",0.30392156862745096,0.4084967320261438
"2025","Gray, Sonny","543243","Cardinals","STL","R","91.7","589","2718",16.77777777777778,0.21670345842531272,"FF","4-Seam Fastball",21.8,-16.6,-5.2,"-31",10.5,1.5,-7.8,-9.3,"-119",0.013729977116704805,0.002288329519450801
"2025","Vesia, Alex","681911","Dodgers","LAD","L","92.7","588","1023",6.314814814814815,0.5747800586510264,"FF","4-Seam Fastball",11.1,-15.5,4.4,"28",20.9,5.6,-7.3,-1.6,"-23",1,0.28832951945080093
"2025","Warren, Will","701542","Yankees","NYY","R","93.2","588","2802",17.296296296296298,0.20985010706638116,"SI","Sinker",27.6,-23.7,3.8,"16",4.2,16.2,-15.4,0.8,"5",0.9183006535947712,0.6830065359477124
"2025","Springs, Jeffrey","605488","Athletics","ATH","L","83.5","587","2847",17.574074074074073,0.2061819459079733,"SL","Slider",36.6,-37.8,-1.2,"-3",2.6,4,4.9,-0.9,"-18",0.34824281150159747,0.3993610223642173
"2025","Williams, Devin","642207","Yankees","NYY","R","83.7","584","1114",6.8765432098765435,0.5242369838420108,"CH","Changeup",44.3,-37.5,6.8,"18",-4.7,19.2,-15.2,4,"26",1,0.9887218045112782
"2025","Williams, Gavin","668909","Guardians","CLE","R","86.5","583","2925",18.055555555555557,0.19931623931623932,"ST","Sweeper",37.8,-35.7,2.1,"6",-1.2,10,12,-2,"-17",0.7441860465116279,0.21511627906976744
"2025","Kelly, Merrill","518876","Rangers","TEX","R","90.6","582","2833",17.487654320987655,0.20543593363925167,"FC","Cutter",21.3,-24.8,3.5,"14",12,3,1.2,-4.2,"-342",0.9289617486338798,0.01639344262295082
"2025","Mikolas, Miles","571945","Cardinals","STL","R","87.8","580","2480",15.308641975308642,0.23387096774193547,"SL","Slider",28.3,-32.7,-4.5,"-14",7.1,2.5,3.3,-0.8,"-23",0.054313099041533544,0.4185303514376997
"2025","Cabrera, Edward","665795","Marlins","MIA","R","94.2","580","2252",13.901234567901234,0.25754884547069273,"CH","Changeup",26.5,-26.8,-0.3,"-1",4.5,17.5,-16.4,1.1,"7",0.4774436090225564,0.6729323308270677
"2025","Warren, Will","701542","Yankees","NYY","R","82.7","578","2802",17.296296296296298,0.20628122769450394,"ST","Sweeper",40.2,-39.1,1.2,"3",0.2,19.5,13.9,5.7,"41",0.6046511627906976,0.9941860465116279
"2025","Abreu, Bryan","650556","Astros","HOU","R","86.5","576","1189",7.339506172839506,0.48444070647603027,"SL","Slider",43,-34.8,8.3,"24",-6.1,8.4,4.4,4,"91",0.9968051118210862,0.9297124600638977
"2025","Kirby, George","669923","Mariners","SEA","R","87.2","571","2086",12.876543209876543,0.2737296260786194,"SL","Slider",39.3,-34.1,5.1,"15",-3.1,10.7,4.4,6.3,"144",0.9488817891373802,0.9616613418530351
"2025","Cameron, Noah","702070","Royals","KC","L","92.3","571","2164",13.358024691358025,0.26386321626617376,"FF","4-Seam Fastball",15.2,-15,-0.2,"-1",16.8,4.5,-6.6,-2.1,"-32",0.482837528604119,0.2379862700228833
"2025","Sterner, Justin","686993","Athletics","ATH","R","93.5","570","1092",6.7407407407407405,0.521978021978022,"FF","4-Seam Fastball",14.4,-15.9,1.4,"9",17.2,9.8,-8.3,1.5,"18",0.8375286041189931,0.6727688787185355
"2025","Little, Brendon","663893","Blue Jays","TOR","L","87","570","1240",7.654320987654321,0.4596774193548387,"CU","Curveball",43.9,-43,0.9,"2",-7.6,2.3,4.3,-2.1,"-48",0.5065502183406113,0.2663755458515284
"2025","Mize, Casey","663554","Tigers","DET","R","88.6","569","2353",14.524691358024691,0.24181895452613686,"FS","Split-Finger",30.5,-31.5,-1,"-3",4.4,14.4,-11.8,2.6,"22",0.3855421686746988,0.891566265060241
"2025","Montgomery, Mason","682254","Rays","TB","L","98.7","569","859",5.302469135802469,0.6623981373690337,"FF","4-Seam Fastball",9.6,-12.4,2.8,"22",18.5,6.1,-7.7,-1.6,"-21",0.9679633867276888,0.28832951945080093
"2025","Severino, Luis","622663","Athletics","ATH","R","95.7","568","2731",16.858024691358025,0.20798242402050532,"SI","Sinker",17.8,-21.3,-3.5,"-16",12.2,14,-15.1,-1.1,"-7",0.1568627450980392,0.24509803921568626
"2025","Wilson, Steven","621051","White Sox","CWS","R","82.1","568","974",6.012345679012346,0.5831622176591376,"ST","Sweeper",41.2,-40,1.3,"3",-0.3,15.2,14.1,1,"7",0.627906976744186,0.6453488372093024
"2025","Kremer, Dean","665152","Orioles","BAL","R","81.9","566","2692",16.617283950617285,0.21025260029717682,"FS","Split-Finger",31,-36.4,-5.3,"-15",9.7,10.6,-10.1,0.5,"5",0.060240963855421686,0.6265060240963856
"2025","Little, Brendon","663893","Blue Jays","TOR","L","93.4","565","1240",7.654320987654321,0.45564516129032256,"SI","Sinker",33.6,-24.5,9.1,"37",-2,14.7,-15.7,-1,"-6",1,0.27124183006535946
"2025","Burke, Sean","680732","White Sox","CWS","R","79.7","563","2376",14.666666666666666,0.23695286195286194,"CU","Curveball",58.4,-54.4,4,"7",-14.9,5.9,7.4,-1.5,"-20",0.834061135371179,0.3318777292576419
"2025","Gaddis, Hunter","683769","Guardians","CLE","R","88.8","563","1049",6.4753086419753085,0.5367016205910391,"SL","Slider",29.6,-32,-2.4,"-8",5,5.4,3.8,1.6,"42",0.22044728434504793,0.7891373801916933
"2025","Ashcraft, Graham","668933","Reds","CIN","R","97.1","562","1039",6.41358024691358,0.5409047160731473,"FC","Cutter",19.1,-19.3,0.1,"1",9.7,2.5,2.5,0,"2",0.5355191256830601,0.5409836065573771
"2025","Díaz, Edwin","621242","Mets","NYM","R","97.2","561","1067",6.58641975308642,0.5257731958762887,"FF","4-Seam Fastball",16.2,-15.4,-0.8,"-5",12.9,13.1,-10.7,2.3,"22",0.35926773455377575,0.7643020594965675
"2025","Martin, Davis","663436","White Sox","CWS","R","90.2","559","2309",14.253086419753087,0.24209614551754005,"CH","Changeup",32.6,-29.6,3.1,"10",1.2,14.3,-14.7,-0.4,"-3",0.8458646616541353,0.38721804511278196
"2025","Bergert, Ryan","686701","Royals","KC","R","93.4","558","1312",8.098765432098766,0.4253048780487805,"FF","4-Seam Fastball",12.8,-15,2.2,"14",18.7,7.8,-7.2,0.6,"8",0.9176201372997712,0.5377574370709383
"2025","Estévez, Carlos","608032","Royals","KC","R","95.9","558","1043",6.438271604938271,0.5349952061361457,"FF","4-Seam Fastball",12.6,-14,1.4,"10",17.2,7.5,-7.5,0,"0",0.8375286041189931,0.4668192219679634
"2025","Hancock, Emerson","676106","Mariners","SEA","R","94.7","557","1423",8.783950617283951,0.39142656359803235,"SI","Sinker",25.6,-24.4,1.2,"5",5.1,18.7,-16.1,2.6,"16",0.7189542483660131,0.9836601307189542
"2025","Kirby, George","669923","Mariners","SEA","R","96.2","556","2086",12.876543209876543,0.2665388302972196,"SI","Sinker",20.7,-21.5,-0.8,"-4",9,16.7,-15.3,1.3,"9",0.4673202614379085,0.8300653594771242
"2025","Schwellenbach, Spencer","680885","Braves","ATL","R","97.1","556","1573",9.709876543209877,0.35346471710108074,"FF","4-Seam Fastball",14.2,-13.7,-0.5,"-4",14.8,5.5,-8.2,-2.8,"-34",0.40503432494279173,0.17620137299771166
"2025","Whitlock, Garrett","676477","Red Sox","BOS","R","95.8","556","1180",7.283950617283951,0.4711864406779661,"SI","Sinker",14.7,-20.5,-5.8,"-28",15.1,13,-15,-2,"-14",0.02287581699346405,0.11437908496732026
"2025","Burnes, Corbin","669203","D-backs","AZ","R","94.1","554","1009",6.228395061728395,0.5490584737363726,"FC","Cutter",18.6,-21.3,2.7,"13",12.2,2.4,1.4,1,"74",0.8688524590163934,0.7049180327868853
"2025","Buehler, Walker","621111","Phillies","PHI","R","94","554","2189",13.512345679012345,0.25308359981726813,"FF","4-Seam Fastball",14.2,-15.4,1.2,"8",16.9,5.7,-8,-2.3,"-29",0.7917620137299771,0.2288329519450801
"2025","Hurter, Brant","676428","Tigers","DET","L","92.3","553","1052",6.493827160493828,0.5256653992395437,"SI","Sinker",29,-24,5.1,"21",3.3,16.4,-15.1,1.3,"9",0.9673202614379085,0.8300653594771242
"2025","Fried, Max","608331","Yankees","NYY","L","94","551","3109",19.191358024691358,0.17722740431006753,"SI","Sinker",26.5,-22,4.4,"20",4.3,9.9,-14.9,-4.9,"-33",0.9444444444444444,0.029411764705882353
"2025","Lugo, Seth","607625","Royals","KC","R","77.3","548","2380",14.691358024691358,0.23025210084033612,"CU","Curveball",58.3,-56.3,1.9,"3",-11.7,14.8,11.9,2.8,"24",0.62882096069869,0.7903930131004366
"2025","Keller, Mitch","656605","Pirates","PIT","R","82.3","548","2870",17.71604938271605,0.19094076655052264,"ST","Sweeper",40.7,-39.5,1.2,"3",-0.1,17.5,14,3.5,"25",0.6046511627906976,0.9476744186046512
"2025","Martinez, Nick","607259","Reds","CIN","R","89.1","546","2577",15.907407407407407,0.21187427240977882,"FC","Cutter",22.9,-26.1,3.2,"12",11.4,1.9,2.3,-0.4,"-18",0.912568306010929,0.46994535519125685
"2025","Pfaadt, Brandon","694297","D-backs","AZ","R","84.8","544","2918",18.012345679012345,0.1864290610006854,"ST","Sweeper",32.9,-37.5,-4.6,"-12",5.2,10.4,13.2,-2.8,"-21",0.05232558139534884,0.12790697674418605
"2025","Akin, Keegan","669211","Orioles","BAL","L","93.7","543","1058",6.530864197530864,0.5132325141776938,"FF","4-Seam Fastball",14.2,-15.3,1.1,"7",17.2,11.9,-7.9,4,"50",0.7574370709382151,0.9221967963386728
"2025","Kremer, Dean","665152","Orioles","BAL","R","86.9","543","2692",16.617283950617285,0.20170876671619614,"FC","Cutter",30.2,-28.3,-1.9,"-7",5.9,4.8,3,1.8,"62",0.22404371584699453,0.819672131147541
"2025","Senga, Kodai","673540","Mets","NYM","R","82.5","542","1901",11.734567901234568,0.28511309836927934,"FO","Forkball",39.7,,,,0.7,9.9,,,,,
"2025","Soto, Gregory","642397","Mets","NYM","L","96.8","541","1031",6.364197530864198,0.524733268671193,"SI","Sinker",20.6,-21.4,-0.8,"-4",8.7,17.7,-15.4,2.3,"15",0.4673202614379085,0.9640522875816994
"2025","De Los Santos, Enyel","660853","Astros","HOU","R","96.2","540","1105",6.820987654320987,0.48868778280542985,"FF","4-Seam Fastball",16.7,-14.8,-1.8,"-12",13,10.7,-8.9,1.8,"20",0.2036613272311213,0.7139588100686499
"2025","Lodolo, Nick","666157","Reds","CIN","L","87.9","539","2478",15.296296296296296,0.2175141242937853,"CH","Changeup",33.8,-32.2,1.5,"5",1.9,17.1,-14.6,2.4,"17",0.6691729323308271,0.9022556390977443
"2025","Fried, Max","608331","Yankees","NYY","L","75.2","537","3109",19.191358024691358,0.17272434866516564,"CU","Curveball",66.1,-61,5.1,"8",-16.9,10.5,9.3,1.2,"13",0.8908296943231441,0.6244541484716157
"2025","Vásquez, Randy","681190","Padres","SD","R","90.2","536","2148",13.25925925925926,0.24953445065176907,"FC","Cutter",22.6,-25.3,2.7,"11",10.9,1.4,2.1,-0.7,"-33",0.8688524590163934,0.3825136612021858
"2025","Uribe, Abner","682842","Brewers","MIL","R","87.3","536","1164",7.185185185185185,0.46048109965635736,"SL","Slider",32.2,-33.9,-1.7,"-5",3.9,10.5,4.1,6.5,"158",0.2971246006389776,0.9648562300319489
"2025","Sheehan, Emmet","686218","Dodgers","LAD","R","95.6","536","1146",7.074074074074074,0.4677137870855148,"FF","4-Seam Fastball",12.1,-14.4,2.3,"16",17.9,9.3,-8.1,1.2,"15",0.931350114416476,0.6338672768878718
"2025","Martinez, Nick","607259","Reds","CIN","R","92.6","535","2577",15.907407407407407,0.2076057431121459,"FF","4-Seam Fastball",14.2,-15.4,1.1,"7",17.7,5.4,-7.2,-1.8,"-25",0.7574370709382151,0.2585812356979405
"2025","Martin, Davis","663436","White Sox","CWS","R","88.2","534","2309",14.253086419753087,0.23126894759636207,"FC","Cutter",30.3,-27.6,-2.7,"-10",4.9,1.9,2.5,-0.6,"-25",0.14207650273224043,0.40437158469945356
"2025","Giolito, Lucas","608337","Red Sox","BOS","R","81.7","534","2367",14.61111111111111,0.2256020278833967,"CH","Changeup",28.4,-33,-4.6,"-14",12.6,13.2,-13.5,-0.3,"-2",0.06766917293233082,0.40225563909774437
"2025","Ragans, Cole","666142","Royals","KC","L","95.3","534","1079",6.660493827160494,0.494902687673772,"FF","4-Seam Fastball",13.4,-14.1,0.7,"5",17,13.8,-7,6.7,"96",0.6681922196796338,0.9931350114416476
"2025","Matthews, Zebby","805673","Twins","MIN","R","96.3","532","1353",8.351851851851851,0.39320029563932,"FF","4-Seam Fastball",12.9,-13.7,0.8,"6",16.7,8.9,-7.4,1.5,"20",0.6933638443935927,0.6727688787185355
"2025","Cabrera, Edward","665795","Marlins","MIA","R","84","531","2252",13.901234567901234,0.2357904085257549,"CU","Curveball",50,-49.2,0.8,"2",-11,10.9,6.5,4.4,"68",0.4978165938864629,0.9082969432314411
"2025","Soroka, Michael","647336","Cubs","CHC","R","80.4","531","1527",9.425925925925926,0.3477406679764244,"SV","Slurve",50.8,-49.2,1.6,"3",-8.3,11.9,12.4,-0.5,"-4",0.9,0.5
"2025","Brown, Hunter","686613","Astros","HOU","R","83.5","530","2962",18.28395061728395,0.17893315327481432,"CU","Curveball",55.7,-49.9,5.8,"12",-15.9,5.1,6.7,-1.6,"-24",0.9519650655021834,0.32751091703056767
"2025","Ashby, Aaron","676879","Brewers","MIL","L","97.5","530","1033",6.3765432098765435,0.5130687318489835,"SI","Sinker",21.5,-21.2,0.2,"1",7.3,14.9,-15.4,-0.5,"-3",0.6176470588235294,0.3758169934640523
"2025","Rodriguez, Eduardo","593958","D-backs","AZ","L","85.9","529","2588",15.975308641975309,0.2044049459041731,"CH","Changeup",31,-32,-1,"-3",6.1,15.9,-14.1,1.8,"13",0.39097744360902253,0.8270676691729323
"2025","Doval, Camilo","666808","Yankees","NYY","R","89.1","529","1103",6.808641975308642,0.4796010879419764,"SL","Slider",34.6,-32.3,2.3,"7",-0.4,7.4,4,3.4,"85",0.7539936102236422,0.9073482428115016
"2025","Dreyer, Jack","676263","Dodgers","LAD","L","88.1","529","1146",7.074074074074074,0.46160558464223383,"SL","Slider",31.2,-33.1,-1.9,"-6",3.9,2.5,3.9,-1.4,"-35",0.26198083067092653,0.31309904153354634
"2025","Pivetta, Nick","601713","Padres","SD","R","81.9","529","2851",17.598765432098766,0.18554893019992985,"ST","Sweeper",37.9,-40.6,-2.7,"-7",3.2,13.2,13.9,-0.7,"-5",0.1744186046511628,0.37209302325581395
"2025","Williams, Devin","642207","Yankees","NYY","R","94.1","528","1114",6.8765432098765435,0.473967684021544,"FF","4-Seam Fastball",15.5,-15.2,-0.3,"-2",15.7,12.8,-8.3,4.4,"53",0.4645308924485126,0.9382151029748284
"2025","Holmes, Clay","605280","Mets","NYM","R","81.9","527","2764",17.061728395061728,0.19066570188133142,"ST","Sweeper",47.3,-42.4,4.8,"11",-6.1,16.7,14.1,2.7,"19",0.9593023255813954,0.8604651162790697
"2025","Rasmussen, Drew","656876","Rays","TB","R","95.4","527","2316",14.296296296296296,0.22754749568221072,"SI","Sinker",16.9,-21.6,-4.6,"-22",13.1,14.4,-15.1,-0.7,"-5",0.08496732026143791,0.3300653594771242
"2025","Birdsong, Hayden","806185","Giants","SF","R","95.5","527","1194",7.37037037037037,0.44137353433835846,"FF","4-Seam Fastball",12,-13.1,1.1,"8",18.1,6,-6.1,-0.1,"-2",0.7574370709382151,0.4462242562929062
"2025","Valdez, Framber","664285","Astros","HOU","L","89.9","527","2891",17.84567901234568,0.1822898650985818,"CH","Changeup",33.4,-30.2,3.2,"11",0.8,14.7,-15,-0.3,"-2",0.8571428571428571,0.40225563909774437
"2025","Abbott, Andrew","671096","Reds","CIN","L","84.8","526","2677",16.52469135802469,0.1964886066492342,"CH","Changeup",27.8,-32.1,-4.3,"-13",10.2,15.2,-13.9,1.2,"9",0.07894736842105263,0.7142857142857143
"2025","Banda, Anthony","607455","Dodgers","LAD","L","85.9","524","1065",6.574074074074074,0.492018779342723,"SL","Slider",39,-35.7,3.2,"9",-1.7,6.7,5.2,1.5,"29",0.8594249201277955,0.7795527156549521
"2025","Glasnow, Tyler","607192","Dodgers","LAD","R","95.7","524","1480",9.135802469135802,0.35405405405405405,"FF","4-Seam Fastball",13.4,-13.3,0,"0",16.4,1.1,-6.4,-5.4,"-83",0.5148741418764302,0.036613272311212815
"2025","Bazardo, Eduard","660825","Mariners","SEA","R","82.5","524","1224",7.555555555555555,0.42810457516339867,"SL","Slider",44.6,-39.5,5.1,"13",-4.1,16.1,7.1,9,"127",0.9488817891373802,0.9904153354632588
"2025","Gray, Sonny","543243","Cardinals","STL","R","85.1","523","2718",16.77777777777778,0.19242089771891097,"ST","Sweeper",42,-37.2,4.8,"13",-4.1,14.9,12.8,2.1,"16",0.9593023255813954,0.7848837209302325
"2025","Muñoz, Andrés","662253","Mariners","SEA","R","86.1","522","1035",6.388888888888889,0.5043478260869565,"SL","Slider",38.4,-35.1,3.3,"9",-1.5,5.9,4.9,1,"20",0.865814696485623,0.7124600638977636
"2025","Megill, Tylor","656731","Mets","NYM","R","95.4","521","1234",7.617283950617284,0.4222042139384117,"FF","4-Seam Fastball",13.3,-13.6,0.2,"2",17,6.6,-7.1,-0.5,"-7",0.562929061784897,0.41647597254004576
"2025","Alcantara, Sandy","645261","Marlins","MIA","R","85.3","521","2891",17.84567901234568,0.18021445866482186,"CU","Curveball",39,-46.6,-7.6,"-16",-1.5,2.7,5.9,-3.2,"-54",0.048034934497816595,0.13973799126637554
"2025","Luzardo, Jesús","666200","Phillies","PHI","L","87.9","521","3013",18.598765432098766,0.17291735811483572,"CH","Changeup",28.3,-31.5,-3.2,"-10",7.2,16.5,-14.8,1.6,"11",0.16165413533834586,0.8045112781954887
"2025","Burke, Sean","680732","White Sox","CWS","R","86.6","520","2376",14.666666666666666,0.21885521885521886,"SL","Slider",31.5,-34.4,-2.9,"-8",4.9,5.4,4,1.4,"36",0.16613418530351437,0.7667731629392971
"2025","Baker, Bryan","641329","Rays","TB","R","96.7","520","1102",6.802469135802469,0.47186932849364793,"FF","4-Seam Fastball",11.3,-12.4,1.1,"9",18.1,4.2,-6,-1.8,"-30",0.7574370709382151,0.2585812356979405
"2025","Rodón, Carlos","607074","Yankees","NYY","L","85","519","3212",19.82716049382716,0.1615815691158157,"CH","Changeup",34.2,-31.3,2.9,"9",3.7,12.7,-13.6,-1,"-7",0.8308270676691729,0.2669172932330827
"2025","López, Pablo","641154","Twins","MIN","R","94.5","518","1258",7.765432098765432,0.4117647058823529,"FF","4-Seam Fastball",16.4,-14.8,-1.6,"-11",14.2,6.5,-8,-1.5,"-19",0.2311212814645309,0.30205949656750575
"2025","Bradley, Taj","671737","Twins","MIN","R","89.7","518","2272",14.024691358024691,0.22799295774647887,"FC","Cutter",28.3,-26,-2.3,"-9",5.6,4,2.4,1.5,"63",0.16939890710382513,0.7650273224043715
"2025","Dreyer, Jack","676263","Dodgers","LAD","L","92.7","517","1146",7.074074074074074,0.4511343804537522,"FF","4-Seam Fastball",12.4,-15.3,2.9,"19",19.6,7,-7.1,-0.1,"-2",0.9748283752860412,0.4462242562929062
"2025","Peterson, David","656849","Mets","NYM","L","84.6","516","2699",16.660493827160494,0.1911819192293442,"SL","Slider",38.2,-36.5,1.8,"5",0,2.5,4.1,-1.5,"-37",0.7028753993610224,0.2939297124600639
"2025","Kerkering, Orion","689147","Phillies","PHI","R","86.8","515","1073",6.6234567901234565,0.47996272134203166,"ST","Sweeper",34.6,-36.3,-1.7,"-5",1.8,13.7,12.1,1.7,"14",0.29651162790697677,0.7325581395348837
"2025","Vodnik, Victor","680767","Rockies","COL","R","98.7","515","919",5.672839506172839,0.5603917301414582,"FF","4-Seam Fastball",14.5,-13.4,-1.2,"-9",13.4,5.8,-8.7,-2.9,"-34",0.2974828375286041,0.16475972540045766
"2025","Bido, Osvaldo","674370","Athletics","ATH","R","94.5","515","1378",8.506172839506172,0.3737300435413643,"FF","4-Seam Fastball",15.1,-14.7,-0.4,"-3",15.8,10.1,-7.4,2.7,"36",0.4302059496567506,0.8100686498855835
"2025","Clase, Emmanuel","661403","Guardians","CLE","R","98.9","515","746",4.604938271604938,0.6903485254691689,"FC","Cutter",15.3,-15.8,0.5,"3",12.5,4.1,3.1,0.9,"30",0.5956284153005464,0.6885245901639344
"2025","Bello, Brayan","678394","Red Sox","BOS","R","85.7","513","2697",16.64814814814815,0.19021134593993325,"ST","Sweeper",40.5,-37.1,3.3,"9",-3.2,9.9,13,-3.1,"-24",0.8430232558139535,0.11046511627906977
"2025","Kremer, Dean","665152","Orioles","BAL","R","92.9","512","2692",16.617283950617285,0.1901931649331352,"SI","Sinker",19.5,-23.4,-3.9,"-17",12.3,14.9,-15.1,-0.2,"-1",0.12745098039215685,0.42810457516339867
"2025","Woods Richardson, Simeon","680573","Twins","MIN","R","85.5","510","1878",11.592592592592593,0.2715654952076677,"SL","Slider",31.6,-35.6,-3.9,"-11",5.8,4.9,4,0.9,"22",0.08626198083067092,0.7028753993610224
"2025","Martinez, Nick","607259","Reds","CIN","R","78.5","510","2577",15.907407407407407,0.1979045401629802,"CH","Changeup",39.4,-35.7,3.7,"10",5,11.2,-12.1,-0.9,"-7",0.8947368421052632,0.2932330827067669
"2025","Montero, Rafael","606160","Tigers","DET","R","87.9","510","1088",6.716049382716049,0.46875,"FS","Split-Finger",34.5,-34.7,-0.2,"-1",0.9,12.1,-12,0.1,"1",0.46987951807228917,0.5060240963855421
"2025","Lopez, Jacob","682052","Athletics","ATH","L","78.1","509","1666",10.283950617283951,0.3055222088835534,"SL","Slider",43.4,-44.2,-0.8,"-2",1.7,9.2,9.1,0.1,"1",0.38977635782747605,0.5782747603833865
"2025","Sugano, Tomoyuki","608372","Orioles","BAL","R","83.6","509","2565",15.833333333333334,0.19844054580896686,"ST","Sweeper",36.8,-38.9,-2.1,"-5",2.5,11.2,13.4,-2.1,"-16",0.2441860465116279,0.20348837209302326
"2025","Alcantara, Sandy","645261","Marlins","MIA","R","97.7","507","2891",17.84567901234568,0.17537184365271533,"FF","4-Seam Fastball",15.9,-13.4,-2.4,"-18",13,14.1,-7.9,6.2,"79",0.13501144164759726,0.988558352402746
"2025","Lorenzen, Michael","547179","Royals","KC","R","93.9","507","2318",14.308641975308642,0.2187230371009491,"FF","4-Seam Fastball",16.1,-15.5,-0.6,"-4",15,11.4,-8.1,3.3,"40",0.38443935926773454,0.8649885583524027
"2025","Miller, Mason","695243","Padres","SD","R","101.2","507","972",6,0.5216049382716049,"FF","4-Seam Fastball",10,-10.7,0.7,"6",16.9,8.6,-7.7,0.9,"12",0.6681922196796338,0.5926773455377574
"2025","Lodolo, Nick","666157","Reds","CIN","L","93.8","506","2478",15.296296296296296,0.20419693301049233,"SI","Sinker",25.8,-24.2,1.6,"7",5.4,18.3,-15.8,2.5,"16",0.7679738562091504,0.9771241830065359
"2025","Díaz, Edwin","621242","Mets","NYM","R","89.1","505","1067",6.58641975308642,0.4732895970009372,"SL","Slider",30.4,-31.7,-1.3,"-4",3.8,1.7,3.5,-1.8,"-52",0.33226837060702874,0.24600638977635783
"2025","Lugo, Seth","607625","Royals","KC","R","91.7","504","2380",14.691358024691358,0.21176470588235294,"FF","4-Seam Fastball",17.1,-16.8,-0.4,"-2",15.3,7.4,-8.2,-0.8,"-10",0.4302059496567506,0.38672768878718533
"2025","Fairbanks, Pete","664126","Rays","TB","R","97.3","504","987",6.092592592592593,0.5106382978723404,"FF","4-Seam Fastball",11.6,-11.6,0,"0",17.2,0.3,-5.3,-5.1,"-95",0.5148741418764302,0.04805491990846682
"2025","Priester, Quinn","682990","Brewers","MIL","R","92.3","504","2468",15.234567901234568,0.20421393841166938,"FC","Cutter",20.7,-23.2,2.5,"11",11.2,0.6,1.9,-1.3,"-67",0.8524590163934426,0.22950819672131148
"2025","Liberatore, Matthew","669461","Cardinals","STL","L","86.4","503","2386",14.728395061728396,0.21081307627829002,"SL","Slider",35.2,-34.4,0.8,"2",1.1,4,3.6,0.4,"11",0.610223642172524,0.6325878594249201
"2025","Crochet, Garrett","676979","Red Sox","BOS","L","82.7","502","3150",19.444444444444443,0.15936507936507938,"ST","Sweeper",43.2,-39.6,3.6,"9",-3,13.8,13.9,-0.1,"-1",0.8837209302325582,0.5
"2025","Alexander, Jason","669920","Astros","HOU","R","90.9","501","1252",7.728395061728395,0.4001597444089457,"SI","Sinker",32,-25.7,6.3,"25",1.3,16.5,-15.3,1.2,"8",0.9901960784313726,0.8104575163398693
"2025","Gallen, Zac","668678","D-backs","AZ","R","86.3","501","3134",19.34567901234568,0.15985960433950222,"CH","Changeup",32.7,-32.1,0.6,"2",4.1,12.3,-14.3,-2,"-14",0.5676691729323309,0.16165413533834586
"2025","Cantillo, Joey","676282","Guardians","CLE","L","78.3","500","1637",10.104938271604938,0.30543677458766033,"CH","Changeup",32.4,-34,-1.6,"-5",12.4,10.3,-11.9,-1.6,"-13",0.3233082706766917,0.20676691729323307
"2025","Gray, Sonny","543243","Cardinals","STL","R","80.2","500","2718",16.77777777777778,0.18395879323031641,"CU","Curveball",56.8,-52.3,4.5,"9",-13.7,12.7,9.8,2.9,"30",0.8777292576419214,0.7991266375545851
"2025","Fluharty, Mason","689254","Blue Jays","TOR","L","90.2","500","859",5.302469135802469,0.5820721769499418,"FC","Cutter",23.3,-25.3,2,"8",10.2,3.5,2,1.5,"76",0.7923497267759563,0.7650273224043715
"2025","Bazardo, Eduard","660825","Mariners","SEA","R","95.5","498","1224",7.555555555555555,0.4068627450980392,"SI","Sinker",19,-22.3,-3.3,"-15",11.1,16,-15.6,0.4,"2",0.17973856209150327,0.5882352941176471
"2025","Allen, Logan","671106","Guardians","CLE","L","82.4","498","2709",16.72222222222222,0.18383167220376523,"CH","Changeup",34.4,-35.9,-1.6,"-4",6,9.8,-14.5,-4.7,"-32",0.3233082706766917,0.03007518796992481
"2025","Brash, Matt","666374","Mariners","SEA","R","86","498","822",5.074074074074074,0.6058394160583942,"SL","Slider",38.1,-35.4,2.7,"8",-0.9,15.8,5.4,10.4,"194",0.8115015974440895,1
"2025","Crochet, Garrett","676979","Red Sox","BOS","L","96","498","3150",19.444444444444443,0.1580952380952381,"SI","Sinker",21.7,-20.8,0.9,"4",8.1,16.3,-14.9,1.4,"9",0.6830065359477124,0.8529411764705882
"2025","Peralta, Wandy","593974","Padres","SD","L","95.4","497","1138",7.0246913580246915,0.4367311072056239,"SI","Sinker",21,-22.4,-1.4,"-6",9.3,15.9,-15.5,0.4,"2",0.40522875816993464,0.5882352941176471
"2025","Schmidt, Clarke","657376","Yankees","NYY","R","92.2","496","1226",7.567901234567901,0.40456769983686786,"FC","Cutter",22.6,-23.5,1,"4",9.5,1.2,1.4,-0.2,"-17",0.6502732240437158,0.4972677595628415
"2025","Henry, Cole","669371","Nationals","WSH","R","94.4","495","967",5.969135802469136,0.5118924508790073,"FF","4-Seam Fastball",16.6,-15.5,-1.2,"-8",14.2,14.5,-8.5,6,"70",0.2974828375286041,0.9839816933638444
"2025","Uceta, Edwin","670955","Rays","TB","R","94","493","1214",7.493827160493828,0.4060955518945634,"FF","4-Seam Fastball",18,-18.8,0.8,"4",13,12.1,-12.2,-0.1,"-1",0.6933638443935927,0.4462242562929062
"2025","Finnegan, Kyle","640448","Tigers","DET","R","96.3","493","846",5.222222222222222,0.58274231678487,"FF","4-Seam Fastball",12.5,-13.8,1.3,"9",17,10.4,-7.6,2.8,"36",0.8146453089244852,0.8192219679633868
"2025","Yamamoto, Yoshinobu","808967","Dodgers","LAD","R","76.8","491","2789",17.21604938271605,0.17604876299749014,"CU","Curveball",63.1,-56.3,6.8,"12",-16.1,12,11.2,0.8,"7",0.9868995633187773,0.5895196506550219
"2025","Gil, Luis","661563","Yankees","NYY","R","95.3","491","970",5.987654320987654,0.5061855670103093,"FF","4-Seam Fastball",13.9,-14.1,0.2,"2",16.3,2.8,-7.5,-4.7,"-63",0.562929061784897,0.059496567505720827
"2025","Zerpa, Angel","672582","Royals","KC","L","96.6","490","1099",6.783950617283951,0.445859872611465,"SI","Sinker",25.6,-24.6,1,"4",3.8,16.4,-16.7,-0.3,"-2",0.6895424836601307,0.4084967320261438
"2025","Gray, Sonny","543243","Cardinals","STL","R","92.4","490","2718",16.77777777777778,0.18027961736571008,"SI","Sinker",23.7,-24.4,-0.7,"-3",8.4,10.3,-15.3,-5,"-33",0.48366013071895425,0.026143790849673203
"2025","Peralta, Freddy","642547","Brewers","MIL","R","78.8","489","3086",19.049382716049383,0.15845755022683086,"CU","Curveball",50,-53.2,-3.2,"-6",-5.8,5.5,10.9,-5.4,"-50",0.1965065502183406,0.043668122270742356
"2025","Sugano, Tomoyuki","608372","Orioles","BAL","R","92.7","489","2565",15.833333333333334,0.19064327485380117,"FF","4-Seam Fastball",15.2,-15.4,0.2,"2",16.7,5.8,-7.2,-1.5,"-20",0.562929061784897,0.30205949656750575
"2025","Alcala, Jorge","660896","Cardinals","STL","R","97.4","486","1058",6.530864197530864,0.45935727788279773,"FF","4-Seam Fastball",11.3,-12.4,1.1,"9",17.8,8.9,-6.5,2.4,"36",0.7574370709382151,0.7803203661327232
"2025","Bivens, Spencer","702352","Giants","SF","R","94.8","486","1294",7.987654320987654,0.3755795981452859,"SI","Sinker",24,-21.4,2.5,"12",6.6,16,-14.8,1.2,"8",0.8431372549019608,0.8104575163398693
"2025","Legumina, Casey","668984","Mariners","SEA","R","94.3","485","861",5.314814814814815,0.5632984901277585,"FF","4-Seam Fastball",17.8,-17.9,0.1,"0",13.1,15,-11.7,3.3,"28",0.5469107551487414,0.8649885583524027
"2025","Sánchez, Cristopher","650911","Phillies","PHI","L","85.7","481","2896",17.876543209876544,0.1660911602209945,"SL","Slider",37.9,-35.4,2.5,"7",-0.6,1.6,4.2,-2.6,"-63",0.7859424920127795,0.1501597444089457
"2025","Scott, Tanner","656945","Dodgers","LAD","L","96.5","480","911",5.6234567901234565,0.5268935236004391,"FF","4-Seam Fastball",12.7,-15.1,2.4,"16",16.7,6.2,-9.3,-3.1,"-33",0.9473684210526315,0.14187643020594964
"2025","Blalock, Bradley","687134","Rockies","COL","R","94.6","480","1033",6.3765432098765435,0.46466602129719264,"FF","4-Seam Fastball",13.6,-13.8,0.2,"2",16.8,2.9,-6.5,-3.6,"-56",0.562929061784897,0.10526315789473684
"2025","Leasure, Jordan","673929","White Sox","CWS","R","87.3","480","1130",6.9753086419753085,0.4247787610619469,"SL","Slider",32.4,-33.9,-1.5,"-5",3.2,6.4,4.2,2.2,"52",0.3226837060702875,0.8498402555910544
"2025","Quintana, Jose","500779","Brewers","MIL","L","85.6","480","2174",13.419753086419753,0.22079116835326587,"CH","Changeup",33.8,-32.6,1.2,"4",3.7,14.7,-14.2,0.5,"3",0.6390977443609023,0.5639097744360902
"2025","Beeks, Jalen","656222","D-backs","AZ","L","94.4","480","916",5.654320987654321,0.5240174672489083,"FF","4-Seam Fastball",15,-14.5,-0.6,"-4",15.7,6.7,-7.2,-0.6,"-8",0.38443935926773454,0.4096109839816934
"2025","Wentz, Joey","666214","Braves","ATL","L","84.9","480","1815",11.203703703703704,0.2644628099173554,"SL","Slider",35.5,-36.2,-0.7,"-2",2.2,4.5,4,0.5,"12",0.40894568690095845,0.645367412140575
"2025","Anderson, Tyler","542881","Angels","LAA","L","84.3","479","2339",14.438271604938272,0.20478837109876016,"FC","Cutter",24.9,-30.6,5.7,"19",13.4,1.7,3.6,-1.8,"-52",0.994535519125683,0.16393442622950818
"2025","Cruz, Fernando","518585","Yankees","NYY","R","80.6","479","792",4.888888888888889,0.6047979797979798,"FS","Split-Finger",41.9,-38.6,3.3,"9",0.1,4.5,-7.1,-2.5,"-36",0.8554216867469879,0.1686746987951807
"2025","Jax, Griffin","643377","Rays","TB","R","87.8","478","1093",6.746913580246914,0.4373284537968893,"ST","Sweeper",38.5,-35.6,3,"8",-2.9,14,11.9,2.1,"17",0.8081395348837209,0.7848837209302325
"2025","Bassitt, Chris","605135","Blue Jays","TOR","R","88.5","478","2829",17.462962962962962,0.16896429833863555,"FC","Cutter",26.3,-26.9,0.6,"2",8.5,0.8,2,-1.2,"-60",0.6065573770491803,0.25136612021857924
"2025","Rodríguez, Yariel","684320","Blue Jays","TOR","R","85.6","478","1158",7.148148148148148,0.41278065630397237,"SL","Slider",37.2,-35.8,1.4,"4",0.4,7,4.9,2.1,"44",0.6805111821086262,0.8338658146964856
"2025","Berríos, José","621244","Blue Jays","TOR","R","93","478","2584",15.950617283950617,0.184984520123839,"FF","4-Seam Fastball",16.7,-15.7,-1,"-6",15.2,9.9,-7.6,2.3,"30",0.32036613272311215,0.7643020594965675
"2025","Detmers, Reid","672282","Angels","LAA","L","95.8","478","1083",6.685185185185185,0.44136657433056325,"FF","4-Seam Fastball",11.7,-13.9,2.1,"15",18.2,7.6,-7.3,0.4,"5",0.9084668192219679,0.5102974828375286
"2025","Severino, Luis","622663","Athletics","ATH","R","93.2","477","2731",16.858024691358025,0.17466129622848772,"FC","Cutter",22.3,-22.3,0.1,"0",9.3,0.8,1.6,-0.8,"-51",0.5355191256830601,0.3442622950819672
"2025","Ashcraft, Graham","668933","Reds","CIN","R","89.8","477","1039",6.41358024691358,0.4590952839268527,"SL","Slider",36.2,-32.2,4,"12",-2.2,10.1,4,6.1,"152",0.9105431309904153,0.9584664536741214
"2025","Domínguez, Seranthony","622554","Blue Jays","TOR","R","97.7","476","1101",6.796296296296297,0.4323342415985468,"FF","4-Seam Fastball",13.2,-13.8,0.5,"4",15.5,5.1,-8.6,-3.5,"-41",0.6270022883295194,0.11212814645308924
"2025","Kikuchi, Yusei","579328","Angels","LAA","L","79.9","476","3094",19.098765432098766,0.15384615384615385,"CU","Curveball",48.7,-52.6,-3.9,"-7",-5.8,6.9,9.6,-2.7,"-28",0.1615720524017467,0.20087336244541484
"2025","Skenes, Paul","694973","Pirates","PIT","R","84.4","476","2997",18.5,0.1588254921588255,"ST","Sweeper",32.8,-37.5,-4.7,"-13",5.7,11.4,13.2,-1.8,"-14",0.046511627906976744,0.2441860465116279
"2025","Patrick, Chad","694477","Brewers","MIL","R","94.1","475","2010",12.407407407407407,0.236318407960199,"SI","Sinker",20,-23.5,-3.5,"-15",11.1,15.3,-15.6,-0.3,"-2",0.1568627450980392,0.4084967320261438
"2025","Nola, Aaron","605400","Phillies","PHI","R","91.9","475","1568",9.679012345679013,0.30293367346938777,"FF","4-Seam Fastball",17.7,-18.1,0.4,"2",14.8,12.8,-9.6,3.3,"34",0.6109839816933639,0.8649885583524027
"2025","Keller, Brad","641745","Cubs","CHC","R","97.2","474","1113",6.87037037037037,0.42587601078167114,"FF","4-Seam Fastball",13.8,-13.1,-0.7,"-5",15.1,1.5,-7,-5.5,"-79",0.36384439359267734,0.034324942791762014
"2025","Varland, Louis","686973","Blue Jays","TOR","R","98.1","473","1066",6.580246913580247,0.4437148217636023,"FF","4-Seam Fastball",12.9,-13.2,0.3,"2",15.7,7.4,-8.3,-1,"-12",0.5949656750572082,0.36384439359267734
"2025","Rodríguez, Yariel","684320","Blue Jays","TOR","R","95.7","472","1158",7.148148148148148,0.4075993091537133,"FF","4-Seam Fastball",16.5,-14.3,-2.2,"-15",13.5,4.1,-7.8,-3.7,"-48",0.16018306636155608,0.09610983981693363
"2025","Uceta, Edwin","670955","Rays","TB","R","88.4","472","1214",7.493827160493828,0.38879736408566723,"CH","Changeup",35.3,-35.5,-0.2,"0",-0.3,15.6,-14.9,0.7,"4",0.5037593984962406,0.6015037593984962
"2025","Suter, Brent","608718","Reds","CIN","L","87.3","471","1116",6.888888888888889,0.4220430107526882,"FF","4-Seam Fastball",21.8,-20.2,-1.6,"-8",14.1,2.7,-1.4,-4.2,"-290",0.2311212814645309,0.08009153318077804
"2025","Bibee, Tanner","676440","Guardians","CLE","R","83","470","2969",18.32716049382716,0.1583024587403166,"ST","Sweeper",42,-39.5,2.4,"6",-2,16,13.7,2.3,"17",0.7790697674418605,0.8197674418604651
"2025","Chivilli, Angel","683409","Rockies","COL","R","97.1","469","1022",6.308641975308642,0.4589041095890411,"FF","4-Seam Fastball",19.5,-13.6,-5.8,"-43",9.5,14.3,-7.8,6.4,"82",0.011441647597254004,0.9908466819221968
"2025","Cameron, Noah","702070","Royals","KC","L","88.2","466","2164",13.358024691358025,0.21534195933456562,"FC","Cutter",28.5,-27.6,-1,"-4",6.5,3.8,2.9,0.9,"30",0.36065573770491804,0.6885245901639344
"2025","Cabrera, Edward","665795","Marlins","MIA","R","96.8","465","2252",13.901234567901234,0.20648312611012434,"SI","Sinker",19.7,-20.7,-0.9,"-5",9.6,17.2,-15.1,2.2,"14",0.46078431372549017,0.9477124183006536
"2025","Santana, Dennis","642701","Pirates","PIT","R","87","465","1002",6.185185185185185,0.46407185628742514,"SL","Slider",33.2,-34.4,-1.3,"-4",2.8,2.9,4.2,-1.3,"-32",0.33226837060702874,0.329073482428115
"2025","Bibee, Tanner","676440","Guardians","CLE","R","94.1","465","2969",18.32716049382716,0.15661839003031325,"SI","Sinker",21.3,-21,0.3,"2",9.6,14,-14.3,-0.3,"-2",0.6241830065359477,0.4084967320261438
"2025","Helsley, Ryan","664854","Mets","NYM","R","88.9","464","979",6.04320987654321,0.473953013278856,"SL","Slider",34.3,-32,2.3,"7",0.3,3.8,3.7,0.1,"3",0.7539936102236422,0.5782747603833865
"2025","Suárez, Ranger","624133","Phillies","PHI","L","79.5","464","2430",15,0.19094650205761318,"CH","Changeup",40.3,-37.3,3.1,"8",3.3,10.9,-13.8,-2.9,"-21",0.8458646616541353,0.09398496240601503
"2025","Pepiot, Ryan","686752","Rays","TB","R","89","463","2698",16.65432098765432,0.17160859896219421,"SL","Slider",25.5,-32.1,-6.6,"-21",8.7,6.8,3.8,2.9,"77",0.009584664536741214,0.8977635782747604
"2025","Newcomb, Sean","656794","Athletics","ATH","L","93.3","463","1546",9.54320987654321,0.29948253557567917,"FF","4-Seam Fastball",15.9,-15.2,-0.6,"-4",15.8,10.4,-7.5,3,"40",0.38443935926773454,0.8443935926773455
"2025","Canning, Griffin","656288","Mets","NYM","R","94.1","463","1343",8.290123456790123,0.3447505584512286,"FF","4-Seam Fastball",15.4,-15.3,0,"0",15.8,9.5,-7.9,1.6,"20",0.5148741418764302,0.6887871853546911
"2025","Bellozo, Valente","678368","Marlins","MIA","R","84.6","463","1322",8.160493827160494,0.3502269288956127,"FC","Cutter",29.1,-30.4,1.2,"4",9.1,5.1,3.4,1.7,"49",0.6939890710382514,0.8032786885245902
"2025","Walker, Taijuan","592836","Phillies","PHI","R","87.4","463","2061",12.722222222222221,0.22464822901504125,"FS","Split-Finger",31.9,-31.8,0.1,"0",3.9,12.4,-11.2,1.2,"11",0.5421686746987951,0.7710843373493976
"2025","King, John","667463","Cardinals","STL","L","93","461","782",4.827160493827161,0.5895140664961637,"SI","Sinker",28.7,-24.6,4.1,"17",3,14.4,-15.6,-1.2,"-8",0.9281045751633987,0.22875816993464052
"2025","Bassitt, Chris","605135","Blue Jays","TOR","R","71.3","460","2829",17.462962962962962,0.16260162601626016,"CU","Curveball",66.3,-65.4,0.9,"1",-11.5,16.8,12.3,4.5,"37",0.5065502183406113,0.9126637554585153
"2025","Junis, Jakob","596001","Guardians","CLE","R","83","459","1032",6.37037037037037,0.44476744186046513,"SL","Slider",37.1,-38.7,-1.6,"-4",2.7,12.4,6.9,5.4,"79",0.30990415335463256,0.9488817891373802
"2025","Pfaadt, Brandon","694297","D-backs","AZ","R","87.3","459","2918",18.012345679012345,0.1572995202193283,"CH","Changeup",31.7,-32.8,-1.1,"-3",4.2,16.1,-14.4,1.7,"12",0.38721804511278196,0.8195488721804511
"2025","Hader, Josh","623352","Astros","HOU","L","95.5","459","847",5.228395061728395,0.5419126328217237,"SI","Sinker",11.8,-21.8,-10,"-46",18.5,9.4,-15.3,-5.9,"-39",0,0.013071895424836602
"2025","Nola, Aaron","605400","Phillies","PHI","R","78.2","457","1568",9.679012345679013,0.2914540816326531,"CU","Curveball",55.4,-53.2,2.2,"4",-10.3,14.8,12.4,2.4,"19",0.6768558951965066,0.7467248908296943
"2025","Svanson, Matt","694335","Cardinals","STL","R","96.9","457","964",5.950617283950617,0.47406639004149376,"SI","Sinker",19.5,-21.1,-1.6,"-8",9.7,15.4,-15.3,0.1,"1",0.38562091503267976,0.5032679738562091
"2025","Megill, Trevor","656730","Brewers","MIL","R","99.2","456","753",4.648148148148148,0.6055776892430279,"FF","4-Seam Fastball",9,-11.1,2.1,"19",19,4.1,-6.3,-2.2,"-35",0.9084668192219679,0.2311212814645309
"2025","Alcantara, Sandy","645261","Marlins","MIA","R","89.4","456","2891",17.84567901234568,0.1577308889657558,"SL","Slider",29.4,-31.8,-2.4,"-8",4.8,0.9,3.1,-2.2,"-70",0.22044728434504793,0.18210862619808307
"2025","Rogers, Taylor","573124","Cubs","CHC","L","78.2","455","894",5.518518518518518,0.5089485458612976,"ST","Sweeper",44.6,-44.2,0.4,"1",0.4,16.3,15.4,0.9,"6",0.5058139534883721,0.6337209302325582
"2025","Cano, Yennier","666974","Orioles","BAL","R","95.1","454","986",6.08641975308642,0.460446247464503,"SI","Sinker",31.7,-23.4,8.3,"36",-1.3,17,-15.9,1.1,"7",0.9967320261437909,0.7745098039215687
"2025","Boyle, Joe","671212","Rays","TB","R","98.5","453","934",5.765432098765432,0.48501070663811563,"FF","4-Seam Fastball",13.3,-12.7,-0.5,"-4",14.8,8.2,-7.9,0.3,"4",0.40503432494279173,0.4919908466819222
"2025","Montero, Keider","672456","Tigers","DET","R","93.9","453","1473",9.092592592592593,0.3075356415478615,"FF","4-Seam Fastball",15,-15.1,0.1,"0",16.1,5.4,-7.5,-2.1,"-28",0.5469107551487414,0.2379862700228833
"2025","Mears, Nick","683232","Brewers","MIL","R","95.4","452","845",5.216049382716049,0.5349112426035503,"FF","4-Seam Fastball",11.8,-13.4,1.6,"12",18.4,5,-6.6,-1.5,"-23",0.8581235697940504,0.30205949656750575
"2025","Bednar, David","670280","Yankees","NYY","R","97.1","451","1024",6.320987654320987,0.4404296875,"FF","4-Seam Fastball",11.2,-13.1,1.9,"15",18,8.1,-7.4,0.7,"10",0.8924485125858124,0.5606407322654462
"2025","Vásquez, Randy","681190","Padres","SD","R","93.4","450","2148",13.25925925925926,0.20949720670391062,"FF","4-Seam Fastball",15.8,-15.1,-0.7,"-5",15.6,9,-7.3,1.6,"22",0.36384439359267734,0.6887871853546911
"2025","Keller, Mitch","656605","Pirates","PIT","R","92.9","450","2870",17.71604938271605,0.156794425087108,"SI","Sinker",22.7,-23.3,-0.6,"-2",9.2,14.5,-15,-0.6,"-4",0.5,0.35294117647058826
"2025","Bibee, Tanner","676440","Guardians","CLE","R","81.8","450","2969",18.32716049382716,0.15156618390030313,"CH","Changeup",29.5,-33.1,-3.7,"-11",11.4,12,-13.6,-1.6,"-12",0.12030075187969924,0.20676691729323307
"2025","Rodríguez, Randy","678495","Giants","SF","R","97.4","448","808",4.987654320987654,0.5544554455445545,"FF","4-Seam Fastball",10.7,-13.7,2.9,"21",18.2,5.4,-8.3,-2.9,"-35",0.9748283752860412,0.16475972540045766
"2025","Snell, Blake","605483","Dodgers","LAD","L","95.1","448","1028",6.345679012345679,0.4357976653696498,"FF","4-Seam Fastball",12.4,-13.1,0.7,"5",17.8,4.5,-5.9,-1.4,"-24",0.6681922196796338,0.3157894736842105
"2025","Senzatela, Antonio","622608","Rockies","COL","R","86.8","448","2284",14.098765432098766,0.19614711033274956,"SL","Slider",32.7,-34.3,-1.6,"-5",3.3,4.6,3.7,0.9,"25",0.30990415335463256,0.7028753993610224
"2025","Junk, Janson","676083","Marlins","MIA","R","87","447","1622",10.012345679012345,0.2755856966707768,"SL","Slider",31.9,-34.3,-2.4,"-7",4.1,6,4.3,1.7,"40",0.22044728434504793,0.7987220447284346
"2025","Littell, Zack","641793","Reds","CIN","R","91.5","445","2788",17.209876543209877,0.15961262553802008,"SI","Sinker",20.2,-23.8,-3.6,"-15",12.4,14.2,-14.7,-0.5,"-4",0.14705882352941177,0.3758169934640523
"2025","Helsley, Ryan","664854","Mets","NYM","R","99.3","445","979",6.04320987654321,0.45454545454545453,"FF","4-Seam Fastball",10.1,-11.8,1.7,"14",17.7,2.2,-7.4,-5.2,"-70",0.8718535469107551,0.043478260869565216
"2025","Miller, Mason","695243","Padres","SD","R","87.8","443","972",6,0.455761316872428,"SL","Slider",37.2,-33.2,4,"12",-1.6,8.6,4,4.6,"116",0.9105431309904153,0.9424920127795527
"2025","Romano, Jordan","605447","Phillies","PHI","R","85.8","443","701",4.327160493827161,0.6319543509272468,"SL","Slider",37.6,-35.3,2.3,"7",-0.3,2.3,3.8,-1.5,"-40",0.7539936102236422,0.2939297124600639
"2025","Burns, Chase","695505","Reds","CIN","R","98.7","442","764",4.716049382716049,0.5785340314136126,"FF","4-Seam Fastball",10,-11.5,1.5,"13",18.1,3.5,-6.3,-2.8,"-45",0.851258581235698,0.17620137299771166
"2025","Ortiz, Luis","682847","Guardians","CLE","R","96.4","441","1501",9.265432098765432,0.2938041305796136,"FF","4-Seam Fastball",17.7,-15.3,-2.4,"-15",11.9,12.5,-9.6,2.9,"31",0.13501144164759726,0.8329519450800915
"2025","Martinez, Nick","607259","Reds","CIN","R","92.5","440","2577",15.907407407407407,0.17074117190531626,"SI","Sinker",17.8,-23.5,-5.7,"-24",14.2,13.1,-14.9,-1.8,"-12",0.029411764705882353,0.1437908496732026
"2025","Patrick, Chad","694477","Brewers","MIL","R","94.2","440","2010",12.407407407407407,0.21890547263681592,"FF","4-Seam Fastball",14.4,-15.4,1.1,"7",16.6,7.1,-8.1,-1.1,"-13",0.7574370709382151,0.34324942791762014
"2025","Yates, Kirby","489446","Dodgers","LAD","R","92.8","440","762",4.703703703703703,0.5774278215223098,"FF","4-Seam Fastball",18.1,-17.5,-0.6,"-3",13.8,13.5,-9.7,3.8,"39",0.38443935926773454,0.9084668192219679
"2025","Hoffman, Jeff","656546","Blue Jays","TOR","R","96.4","440","1127",6.95679012345679,0.3904170363797693,"FF","4-Seam Fastball",12.5,-13.7,1.2,"8",17.2,12,-7.5,4.5,"59",0.7917620137299771,0.9473684210526315
"2025","Doval, Camilo","666808","Yankees","NYY","R","98.2","439","1103",6.808641975308642,0.3980054397098821,"FC","Cutter",17.7,-17.8,0.1,"1",10.5,2.8,-1.8,-1,"56",0.5355191256830601,0.30601092896174864
"2025","Montero, Rafael","606160","Tigers","DET","R","95.1","439","1088",6.716049382716049,0.40349264705882354,"FF","4-Seam Fastball",15.5,-16.3,0.8,"5",14.8,9.8,-9.8,0,"0",0.6933638443935927,0.4668192219679634
"2025","Miller, Shelby","571946","Brewers","MIL","R","95.1","438","705",4.351851851851852,0.6212765957446809,"FF","4-Seam Fastball",12.6,-14.8,2.2,"15",17.8,10.8,-8.5,2.4,"28",0.9176201372997712,0.7803203661327232
"2025","Rogers, Taylor","573124","Cubs","CHC","L","92.7","438","894",5.518518518518518,0.4899328859060403,"SI","Sinker",23.9,-24.9,-1,"-4",8,17.1,-15.7,1.4,"9",0.45098039215686275,0.8529411764705882
"2025","Anderson, Grant","681982","Brewers","MIL","R","80.2","438","1158",7.148148148148148,0.37823834196891193,"ST","Sweeper",40.3,-39.8,0.4,"1",2.4,14,14.1,-0.2,"-1",0.5058139534883721,0.47674418604651164
"2025","Gordon, Colton","676467","Astros","HOU","L","81","437","1451",8.95679012345679,0.30117160578911095,"ST","Sweeper",36,-39.6,-3.6,"-9",6,10.2,14,-3.8,"-27",0.08139534883720931,0.06976744186046512
"2025","Eisert, Brandon","685126","White Sox","CWS","L","85.1","436","1216",7.506172839506172,0.35855263157894735,"SL","Slider",32.7,-35.9,-3.2,"-9",5.1,2.4,4.8,-2.4,"-50",0.14057507987220447,0.17252396166134185
"2025","Mikolas, Miles","571945","Cardinals","STL","R","76","436","2480",15.308641975308642,0.17580645161290323,"CU","Curveball",62.9,-60.5,2.3,"4",-15,8.7,8,0.7,"8",0.6899563318777293,0.5633187772925764
"2025","Garcia, Robert","676395","Rangers","TEX","L","94.4","436","972",6,0.448559670781893,"FF","4-Seam Fastball",17.2,-15,-2.2,"-15",13.8,10.7,-7.8,2.9,"37",0.16018306636155608,0.8329519450800915
"2025","Webb, Jacob","657097","Rangers","TEX","R","93.4","435","978",6.037037037037037,0.4447852760736196,"FF","4-Seam Fastball",14.5,-15.8,1.3,"8",17.2,8.5,-8.2,0.4,"4",0.8146453089244852,0.5102974828375286
"2025","Quantrill, Cal","615698","Braves","ATL","R","88.9","435","2003",12.364197530864198,0.21717423864203694,"FC","Cutter",26,-26.8,0.8,"3",8.4,2.2,2.6,-0.5,"-18",0.639344262295082,0.43169398907103823
"2025","Berríos, José","621244","Blue Jays","TOR","R","85.2","434","2584",15.950617283950617,0.16795665634674922,"CH","Changeup",33.5,-33.3,0.3,"1",4.4,14.4,-14.3,0.2,"1",0.5451127819548872,0.5075187969924813
"2025","Okert, Steven","595345","Astros","HOU","L","92","433","1051",6.487654320987654,0.41198858230256896,"FF","4-Seam Fastball",16.2,-15.9,-0.4,"-2",16.4,8.1,-7.2,0.9,"12",0.4302059496567506,0.5926773455377574
"2025","Eovaldi, Nathan","543135","Rangers","TEX","R","94.1","432","1917",11.833333333333334,0.22535211267605634,"FF","4-Seam Fastball",18.2,-15.8,-2.4,"-15",13,13.3,-8.7,4.6,"52",0.13501144164759726,0.954233409610984
"2025","Holmes, Clay","605280","Mets","NYM","R","88.1","432","2764",17.061728395061728,0.15629522431259044,"CH","Changeup",35.1,-30.1,4.9,"16",0.3,12.1,-14,-1.8,"-13",0.9548872180451128,0.18045112781954886
"2025","Kolek, Stephen","663568","Royals","KC","R","94","432","1689",10.425925925925926,0.2557726465364121,"FF","4-Seam Fastball",18.1,-15.9,-2.2,"-14",12.9,8.2,-8.7,-0.4,"-5",0.16018306636155608,0.4233409610983982
"2025","Burke, Brock","656271","Angels","LAA","L","96.1","431","1014",6.2592592592592595,0.4250493096646943,"FF","4-Seam Fastball",14,-13,-1,"-8",15.8,8.4,-6.5,1.9,"28",0.32036613272311215,0.7254004576659039
"2025","Morales, Luis","806960","Athletics","ATH","R","97.3","430","821",5.067901234567901,0.5237515225334958,"FF","4-Seam Fastball",13.1,-14.2,1.2,"8",16,7.8,-8.6,-0.8,"-9",0.7917620137299771,0.38672768878718533
"2025","Lord, Brad","695418","Nationals","WSH","R","85.5","430","2127",13.12962962962963,0.20216267042783262,"SL","Slider",36.8,-36.9,-0.2,"0",0.6,0.8,4.7,-3.9,"-83",0.4728434504792332,0.038338658146964855
"2025","Scott, Tanner","656945","Dodgers","LAD","L","88.9","430","911",5.6234567901234565,0.47200878155872666,"SL","Slider",33.4,-32.6,0.7,"2",1,5.7,4.2,1.5,"35",0.5718849840255591,0.7795527156549521
"2025","Povich, Cade","700249","Orioles","BAL","L","78.9","430","1971",12.166666666666666,0.21816336884830034,"CU","Curveball",58.9,-55,3.9,"7",-14.5,9.8,9.4,0.3,"4",0.8165938864628821,0.5240174672489083
"2025","Duran, Jhoan","661395","Phillies","PHI","R","97.8","429","1073",6.6234567901234565,0.3998136067101584,"FS","Split-Finger",27,-26.9,0.1,"0",1.7,14,-14,0,"0",0.5421686746987951,0.4939759036144578
"2025","Ort, Kaleb","672391","Astros","HOU","R","96.4","428","788",4.864197530864198,0.5431472081218274,"FF","4-Seam Fastball",11.4,-13.8,2.4,"17",18.4,7.4,-7.6,-0.2,"-2",0.9473684210526315,0.43935926773455375
"2025","Bachar, Lake","669199","Marlins","MIA","R","94.8","425","1143",7.055555555555555,0.37182852143482065,"FF","4-Seam Fastball",12.4,-15,2.6,"17",18.3,9.4,-7.8,1.5,"20",0.9610983981693364,0.6727688787185355
"2025","Leiter, Jack","683004","Rangers","TEX","R","90.7","424","2583",15.944444444444445,0.16415021293070073,"CH","Changeup",30.6,-29.7,0.9,"3",3,14.5,-14.9,-0.4,"-3",0.6127819548872181,0.38721804511278196
"2025","Gilbert, Logan","669302","Mariners","SEA","R","81.7","423","2156",13.308641975308642,0.19619666048237477,"FS","Split-Finger",42.1,-38,4.1,"11",-1,4.8,-7.3,-2.5,"-34",0.9156626506024096,0.1686746987951807
"2025","Sousa, Bennett","656986","Astros","HOU","L","85.7","423","728",4.493827160493828,0.5810439560439561,"SL","Slider",37.5,-35.3,2.2,"6",-0.1,3.6,3.9,-0.3,"-7",0.744408945686901,0.5079872204472844
"2025","Bello, Brayan","678394","Red Sox","BOS","R","88.2","423","2697",16.64814814814815,0.1568409343715239,"FC","Cutter",32.4,-27.2,-5.2,"-19",2.6,0.9,2.1,-1.2,"-58",0.03825136612021858,0.25136612021857924
"2025","Canning, Griffin","656288","Mets","NYM","R","87.7","423","1343",8.290123456790123,0.3149664929262844,"SL","Slider",40,-33.7,6.3,"19",-4.4,1.6,3.5,-2,"-56",0.9648562300319489,0.2108626198083067
"2025","Rutledge, Jackson","671131","Nationals","WSH","R","95.2","423","1339",8.265432098765432,0.31590739357729647,"SI","Sinker",21.1,-21.5,-0.4,"-2",9.1,17.1,-15,2.1,"14",0.5196078431372549,0.9411764705882353
"2025","Lorenzen, Michael","547179","Royals","KC","R","93","422","2318",14.308641975308642,0.182053494391717,"SI","Sinker",23.6,-24.5,-0.8,"-3",8.1,16.6,-15.5,1.1,"7",0.4673202614379085,0.7745098039215687
"2025","Suárez, Ranger","624133","Phillies","PHI","L","86.4","422","2430",15,0.17366255144032922,"FC","Cutter",30.4,-29.1,-1.2,"-4",6.2,2.6,2.8,-0.2,"-8",0.30601092896174864,0.4972677595628415
"2025","Cannon, Jonathan","686563","White Sox","CWS","R","89.3","421","1793",11.067901234567902,0.23480200780814278,"FC","Cutter",24.7,-26.2,1.5,"6",9.5,0.4,2.1,-1.7,"-80",0.7158469945355191,0.1912568306010929
"2025","Matsui, Yuki","673513","Padres","SD","L","92.1","420","1063",6.561728395061729,0.3951081843838194,"FF","4-Seam Fastball",12.9,-15.7,2.7,"17",19.6,4.5,-7.2,-2.7,"-37",0.965675057208238,0.1853546910755149
"2025","Quantrill, Cal","615698","Braves","ATL","R","86.3","420","2003",12.364197530864198,0.20968547179231153,"FS","Split-Finger",30.8,-32.4,-1.6,"-5",6,11.7,-10.7,1,"10",0.25301204819277107,0.7349397590361446
"2025","Cameron, Noah","702070","Royals","KC","L","80.9","418","2164",13.358024691358025,0.19316081330868762,"CU","Curveball",52.5,-53.1,-0.6,"-1",-10.7,3.4,6.9,-3.5,"-51",0.3799126637554585,0.11353711790393013
"2025","Walker, Taijuan","592836","Phillies","PHI","R","92","417","2061",12.722222222222221,0.20232896652110627,"SI","Sinker",19.9,-22.9,-3,"-13",12.5,14.7,-14.3,0.5,"3",0.21568627450980393,0.6045751633986928
"2025","Ober, Bailey","641927","Twins","MIN","R","83.7","415","2356",14.54320987654321,0.1761460101867572,"SL","Slider",32.5,-37.5,-5,"-13",6.3,4,4.3,-0.3,"-7",0.04153354632587859,0.5079872204472844
"2025","Peterson, David","656849","Mets","NYM","L","84.6","414","2699",16.660493827160494,0.1533901444979622,"CH","Changeup",33.8,-32.8,1,"3",4.6,14.6,-14.7,-0.1,"-1",0.6203007518796992,0.4473684210526316
"2025","Alexander, Tyler","641302","White Sox","CWS","L","90.8","414","1585",9.783950617283951,0.261198738170347,"FF","4-Seam Fastball",17.3,-17.2,-0.1,"-1",15.9,9.3,-7.8,1.5,"19",0.4965675057208238,0.6727688787185355
"2025","Márquez, Germán","608566","Rockies","COL","R","94.2","413","2085",12.87037037037037,0.19808153477218227,"SI","Sinker",20.6,-23.6,-2.9,"-12",10.1,14.3,-15.5,-1.2,"-7",0.24836601307189543,0.22875816993464052
"2025","Speier, Gabe","642100","Mariners","SEA","L","95","412","921",5.685185185185185,0.44733984799131377,"FF","4-Seam Fastball",15.3,-15.9,0.6,"4",15.1,9.8,-9.4,0.4,"4",0.6498855835240275,0.5102974828375286
"2025","Vásquez, Randy","681190","Padres","SD","R","93.2","412","2148",13.25925925925926,0.19180633147113593,"SI","Sinker",20.4,-23,-2.7,"-12",11.3,15.5,-15,0.5,"4",0.2647058823529412,0.6045751633986928
"2025","Alvarado, Elvis","665660","Athletics","ATH","R","98.7","412","765",4.722222222222222,0.538562091503268,"FF","4-Seam Fastball",14.9,-13.8,-1.1,"-8",13.4,14.3,-9.2,5.1,"55",0.3157894736842105,0.9702517162471396
"2025","Bido, Osvaldo","674370","Athletics","ATH","R","85.2","411","1378",8.506172839506172,0.29825834542815677,"SL","Slider",34.4,-36.1,-1.7,"-5",3.3,7.1,4.5,2.6,"58",0.2971246006389776,0.8690095846645367
"2025","Young, Brandon","687064","Orioles","BAL","R","93.8","411","939",5.796296296296297,0.43769968051118213,"FF","4-Seam Fastball",13.3,-14.6,1.3,"9",18,2.7,-7.1,-4.4,"-62",0.8146453089244852,0.07551487414187644
"2025","Alexander, Jason","669920","Astros","HOU","R","80.3","410","1252",7.728395061728395,0.3274760383386581,"CH","Changeup",41.5,-37.5,4,"11",1.2,17.1,-14.5,2.6,"18",0.9097744360902256,0.9323308270676691
"2025","Leahy, Kyle","681517","Cardinals","STL","R","95.4","410","1350",8.333333333333334,0.3037037037037037,"FF","4-Seam Fastball",13.5,-13.7,0.2,"1",16.6,3.2,-7.2,-4,"-56",0.562929061784897,0.09153318077803203
"2025","Wacha, Michael","608379","Royals","KC","R","88.1","410","2665",16.450617283950617,0.15384615384615385,"FC","Cutter",25.5,-27.9,2.4,"9",9.5,1.9,3,-1.1,"-36",0.8360655737704918,0.28415300546448086
"2025","Bello, Brayan","678394","Red Sox","BOS","R","88.8","410","2697",16.64814814814815,0.15202076381164256,"CH","Changeup",30.2,-32,-1.8,"-6",4.5,16,-14.9,1.2,"8",0.3082706766917293,0.7142857142857143
"2025","Williams, Gavin","668909","Guardians","CLE","R","91.8","410","2925",18.055555555555557,0.14017094017094017,"FC","Cutter",25.4,-23.5,-1.9,"-8",7.1,2.3,1.8,-4.2,"-226",0.22404371584699453,0.01639344262295082
"2025","Quantrill, Cal","615698","Braves","ATL","R","93.6","409","2003",12.364197530864198,0.20419370943584622,"FF","4-Seam Fastball",14.9,-14.4,-0.5,"-3",16.5,10.2,-6.6,3.6,"55",0.40503432494279173,0.8924485125858124
"2025","Skenes, Paul","694973","Pirates","PIT","R","93.7","409","2997",18.5,0.1364698031364698,"FS","Split-Finger",31.1,-29.6,1.6,"5",0.1,13.4,-12.9,0.5,"4",0.6867469879518072,0.6265060240963856
"2025","Sugano, Tomoyuki","608372","Orioles","BAL","R","92.9","408","2565",15.833333333333334,0.15906432748538013,"SI","Sinker",19.8,-23.1,-3.3,"-14",12,14.2,-14.9,-0.7,"-5",0.17973856209150327,0.3300653594771242
"2025","Bello, Brayan","678394","Red Sox","BOS","R","95.1","408","2697",16.64814814814815,0.15127919911012236,"FF","4-Seam Fastball",16.7,-15.4,-1.3,"-9",13.5,7.7,-8.8,-1.2,"-13",0.26773455377574373,0.33638443935926776
"2025","Boyd, Matthew","571510","Cubs","CHC","L","82","408","2746",16.950617283950617,0.14857975236707938,"SL","Slider",40.4,-39.6,0.8,"2",0.3,2.4,7.3,-4.8,"-66",0.610223642172524,0.003194888178913738
"2025","Mikolas, Miles","571945","Cardinals","STL","R","92.4","408","2480",15.308641975308642,0.16451612903225807,"SI","Sinker",23.1,-22.5,0.6,"3",9.1,15.4,-14.3,1,"7",0.6699346405228758,0.7450980392156863
"2025","Kolek, Stephen","663568","Royals","KC","R","93.6","407","1689",10.425925925925926,0.24097098875074008,"SI","Sinker",27,-24.6,2.5,"10",4.4,16,-15.8,0.2,"1",0.8431372549019608,0.5228758169934641
"2025","Rodriguez, Eduardo","593958","D-backs","AZ","L","89.3","407","2588",15.975308641975309,0.15726429675425038,"FC","Cutter",24.6,-26.3,1.7,"7",9.6,1,2.2,-1.2,"-54",0.7431693989071039,0.25136612021857924
"2025","Wheeler, Zack","554430","Phillies","PHI","R","95.4","407","2394",14.777777777777779,0.17000835421888053,"SI","Sinker",22.8,-23.1,-0.3,"-1",7.5,17.6,-16.1,1.4,"9",0.5359477124183006,0.8529411764705882
"2025","Kittredge, Andrew","552640","Cubs","CHC","R","89.2","406","768",4.7407407407407405,0.5286458333333334,"SL","Slider",32.7,-31.9,0.9,"3",1.3,6,3.8,2.3,"60",0.6198083067092651,0.8594249201277955
"2025","Casparius, Ben","676508","Dodgers","LAD","R","85.3","406","1262",7.790123456790123,0.32171156893819336,"ST","Sweeper",38.6,-37.8,0.8,"2",-0.9,14,12.5,1.5,"12",0.5755813953488372,0.7209302325581395
"2025","Ginn, J.T.","669372","Athletics","ATH","R","86.1","406","1575",9.722222222222221,0.2577777777777778,"SL","Slider",38.6,-35.2,3.4,"10",-1.4,4.7,4.8,-0.1,"-3",0.8753993610223643,0.5399361022364217
"2025","Milner, Hoby","571948","Rangers","TEX","L","78.2","406","1157",7.1419753086419755,0.3509075194468453,"ST","Sweeper",45.1,-41.7,3.4,"8",0.1,15,14.5,0.5,"3",0.8488372093023255,0.5755813953488372
"2025","Smith, Shane","681343","White Sox","CWS","R","90","406","2419",14.932098765432098,0.16783794956593634,"CH","Changeup",32.5,-29.8,2.7,"9",1.4,14.6,-14.7,-0.1,"-1",0.8157894736842105,0.4473684210526316
"2025","Rogers, Trevor","669432","Orioles","BAL","L","86.2","406","1627",10.04320987654321,0.24953902888752305,"CH","Changeup",36.2,-32.5,3.6,"11",0.6,13.8,-14.4,-0.6,"-4",0.8796992481203008,0.3458646616541353
"2025","Abbott, Andrew","671096","Reds","CIN","L","81","404","2677",16.52469135802469,0.15091520358610386,"CU","Curveball",44.8,-52.6,-7.7,"-15",-3.2,10,7.9,2.1,"27",0.039301310043668124,0.7030567685589519
"2025","Williams, Trevor","592866","Nationals","WSH","R","76.8","403","1448",8.938271604938272,0.27831491712707185,"ST","Sweeper",39.2,-42.3,-3.1,"-7",7.3,10.4,13.3,-2.9,"-22",0.12790697674418605,0.12209302325581395
"2025","Hernández, Daysbel","678226","Braves","ATL","R","88.3","402","717",4.425925925925926,0.5606694560669456,"SL","Slider",34,-32.9,1.1,"3",0.9,2.7,3.4,-0.6,"-18",0.6485623003194888,0.4536741214057508
"2025","Lorenzen, Michael","547179","Royals","KC","R","83.7","401","2318",14.308641975308642,0.1729939603106126,"CH","Changeup",30.3,-32.9,-2.6,"-8",8.8,15.3,-14,1.3,"9",0.22180451127819548,0.7443609022556391
"2025","Keller, Mitch","656605","Pirates","PIT","R","86.9","400","2870",17.71604938271605,0.13937282229965156,"SL","Slider",36.5,-34.3,2.3,"7",-0.5,4.6,4.2,0.4,"9",0.7539936102236422,0.6325878594249201
"2025","Cameron, Noah","702070","Royals","KC","L","81.3","400","2164",13.358024691358025,0.18484288354898337,"CH","Changeup",30.1,-33.1,-3,"-9",11.3,10.9,-12.9,-2,"-16",0.18421052631578946,0.16165413533834586
"2025","Baz, Shane","669358","Rays","TB","R","90.2","400","2718",16.77777777777778,0.14716703458425312,"FC","Cutter",25.6,-25.4,-0.3,"-1",7.7,2.5,2,0.5,"27",0.48633879781420764,0.6338797814207651
"2025","Varland, Louis","686973","Blue Jays","TOR","R","88","400","1066",6.580246913580247,0.37523452157598497,"CU","Curveball",41.4,-43.7,-2.3,"-5",-6.1,3.4,5.6,-2.2,"-39",0.27510917030567683,0.25327510917030566
"2025","Ray, Robbie","592662","Giants","SF","L","84.8","399","3069",18.944444444444443,0.1300097751710655,"CH","Changeup",26.3,-31.9,-5.6,"-17",11.7,11.4,-13.9,-2.4,"-17",0.02631578947368421,0.12406015037593984
"2025","Herget, Jimmy","623474","Rockies","COL","R","77.8","398","1281",7.907407407407407,0.31069476971116317,"CU","Curveball",43.2,-45.2,-2,"-4",1.9,15.5,15.2,0.3,"2",0.2925764192139738,0.5240174672489083
"2025","De Los Santos, Enyel","660853","Astros","HOU","R","88.3","397","1105",6.820987654320987,0.3592760180995475,"SL","Slider",28.6,-33.1,-4.5,"-13",6.3,1.3,4.3,-2.9,"-68",0.054313099041533544,0.1182108626198083
"2025","Cannon, Jonathan","686563","White Sox","CWS","R","93","394","1793",11.067901234567902,0.21974344673731178,"SI","Sinker",26.5,-23.2,3.3,"14",5.1,15,-15,0,"0",0.8986928104575164,0.477124183006536
"2025","Peralta, Wandy","593974","Padres","SD","L","88.9","393","1138",7.0246913580246915,0.3453427065026362,"CH","Changeup",29.8,-31.1,-1.2,"-4",5.1,16.1,-15,1.1,"7",0.37218045112781956,0.6729323308270677
"2025","Suárez, Ranger","624133","Phillies","PHI","L","73.9","393","2430",15,0.1617283950617284,"CU","Curveball",59,-62.1,-3.1,"-5",-8.6,11.4,10.7,0.7,"6",0.2096069868995633,0.5633187772925764
"2025","Fairbanks, Pete","664126","Rays","TB","R","85.3","393","987",6.092592592592593,0.3981762917933131,"SL","Slider",42.8,-36.4,6.5,"18",-5.4,5.2,4.1,1.2,"29",0.9680511182108626,0.7476038338658147
"2025","Hendricks, Kyle","543294","Angels","LAA","R","86.5","391","2571",15.87037037037037,0.15208090237261765,"FF","4-Seam Fastball",22.4,-20.9,-1.5,"-7",14.2,5.8,-6,-0.1,"-2",0.2448512585812357,0.4462242562929062
"2025","Faucher, Calvin","676534","Marlins","MIA","R","92.1","390","1054",6.506172839506172,0.3700189753320683,"FC","Cutter",30,-23.7,-6.3,"-27",2.1,3.8,1.4,2.4,"168",0.01639344262295082,0.9180327868852459
"2025","Cabrera, Edward","665795","Marlins","MIA","R","88.5","389","2252",13.901234567901234,0.17273534635879217,"SL","Slider",32.7,-32.6,0,"0",2.2,1.9,3.8,-2,"-51",0.5015974440894568,0.2108626198083067
"2025","Ortiz, Luis","682847","Guardians","CLE","R","85.5","389","1501",9.265432098765432,0.25916055962691537,"SL","Slider",36.4,-35.7,0.7,"2",0.9,6.3,5.4,1,"18",0.5718849840255591,0.7124600638977636
"2025","Freeland, Kyle","607536","Rockies","COL","L","87.3","388","2481",15.314814814814815,0.15638855300282145,"FC","Cutter",29.6,-28.5,-1.1,"-4",6.1,0.5,2.5,-3,"-119",0.32786885245901637,0.06557377049180328
"2025","Bird, Jake","656234","Yankees","NYY","R","84","388","957",5.907407407407407,0.4054336468129572,"ST","Sweeper",32.7,-37.6,-4.9,"-13",6,14.3,13.9,0.4,"3",0.03488372093023256,0.5581395348837209
"2025","Jackson, Luke","592426","Mariners","SEA","R","87.2","387","782",4.827160493827161,0.4948849104859335,"SL","Slider",41.3,-33.8,7.6,"22",-5.3,0.1,4,-4.1,"-102",0.9904153354632588,0.025559105431309903
"2025","Fried, Max","608331","Yankees","NYY","L","95.8","387","3109",19.191358024691358,0.1244773238983596,"FF","4-Seam Fastball",14.9,-13.5,-1.3,"-10",15,3.1,-7,-3.9,"-55",0.26773455377574373,0.09382151029748284
"2025","Bautista, Félix","642585","Orioles","BAL","R","97.2","387","626",3.8641975308641974,0.6182108626198083,"SI","Sinker",8.4,-11.4,-3,"-26",20.6,4.8,-8.1,-3.3,"-41",0.21568627450980393,0.058823529411764705
"2025","Banks, Tanner","621383","Phillies","PHI","L","87.3","386","1084",6.691358024691358,0.35608856088560886,"SL","Slider",31.2,-33.6,-2.5,"-7",4.6,4.8,3.3,1.6,"49",0.20766773162939298,0.7891373801916933
"2025","Hernández, Carlos","672578","Guardians","CLE","R","97.7","386","759",4.685185185185185,0.5085638998682477,"FF","4-Seam Fastball",11.3,-12.5,1.2,"9",17.5,8.2,-7.2,1.1,"15",0.7917620137299771,0.6247139588100686
"2025","Senga, Kodai","673540","Mets","NYM","R","89.6","386","1901",11.734567901234568,0.20305102577590742,"FC","Cutter",25.5,-26,0.6,"2",8.6,1,2.3,-3.3,"-142",0.6065573770491803,0.04371584699453552
"2025","Pérez, Eury","691587","Marlins","MIA","R","86","385","1673",10.32716049382716,0.2301255230125523,"SL","Slider",32.8,-35.3,-2.5,"-7",4.2,1.6,4.6,-3.1,"-66",0.20766773162939298,0.09584664536741214
"2025","Morton, Charlie","450203","Braves","ATL","R","94","385","2548",15.728395061728396,0.1510989010989011,"SI","Sinker",26.7,-24.3,2.4,"10",4.4,17.8,-15.9,1.9,"12",0.8333333333333334,0.9248366013071896
"2025","Maton, Phil","664208","Rangers","TEX","R","75.9","385","1008",6.222222222222222,0.3819444444444444,"CU","Curveball",57.8,-55.9,1.8,"3",-9.3,18.7,13.3,5.4,"41",0.6069868995633187,0.9519650655021834
"2025","Eovaldi, Nathan","543135","Rangers","TEX","R","90.5","385","1917",11.833333333333334,0.20083463745435576,"FC","Cutter",22,-24.8,2.8,"11",11.5,0.4,1.6,-1.1,"-73",0.8907103825136612,0.28415300546448086
"2025","Anderson, Grant","681982","Brewers","MIL","R","93.5","385","1158",7.148148148148148,0.3324697754749568,"FF","4-Seam Fastball",19.3,-18.9,-0.4,"-2",12.1,13,-12.3,0.7,"5",0.4302059496567506,0.5606407322654462
"2025","Brazobán, Huascar","623211","Mets","NYM","R","90.8","385","1011",6.2407407407407405,0.380811078140455,"CH","Changeup",31.6,-30,1.5,"5",1.8,16.5,-15.3,1.2,"8",0.6691729323308271,0.7142857142857143
"2025","Casparius, Ben","676508","Dodgers","LAD","R","96.1","384","1262",7.790123456790123,0.30427892234548337,"FF","4-Seam Fastball",11.8,-13.9,2.2,"16",17.9,2.8,-7.5,-4.6,"-62",0.9176201372997712,0.06407322654462243
"2025","Lord, Brad","695418","Nationals","WSH","R","94.3","384","2127",13.12962962962963,0.18053596614950634,"SI","Sinker",26,-25.6,0.4,"2",4.8,18.2,-16.4,1.8,"11",0.6372549019607843,0.9117647058823529
"2025","Eisert, Brandon","685126","White Sox","CWS","L","89.7","384","1216",7.506172839506172,0.3157894736842105,"FF","4-Seam Fastball",19.1,-19.9,0.8,"4",15.2,10.1,-9,1.1,"12",0.6933638443935927,0.6247139588100686
"2025","Cecconi, Slade","677944","Guardians","CLE","R","84.3","384","2063",12.734567901234568,0.1861366941347552,"SL","Slider",38,-36.9,1.1,"3",0.5,5.3,4.8,0.6,"12",0.6485623003194888,0.6517571884984026
"2025","Mahle, Tyler","641816","Rangers","TEX","R","84.1","383","1381",8.524691358024691,0.277335264301231,"FS","Split-Finger",32.1,-35,-2.9,"-8",6.8,13.9,-11.6,2.3,"20",0.1686746987951807,0.8795180722891566
"2025","Cannon, Jonathan","686563","White Sox","CWS","R","85.6","383","1793",11.067901234567902,0.21360847741215838,"CH","Changeup",36.4,-32.5,4,"12",1.2,15.5,-14.2,1.2,"9",0.9097744360902256,0.7142857142857143
"2025","Adam, Jason","592094","Padres","SD","R","83.9","382","1087",6.709876543209877,0.3514259429622815,"SL","Slider",40.6,-37.2,3.3,"9",-1.9,1.4,4.2,-2.7,"-65",0.865814696485623,0.134185303514377
"2025","Walker, Ryan","676254","Giants","SF","R","84","382","1018",6.283950617283951,0.37524557956778,"SL","Slider",36.5,-37.3,-0.7,"-2",2.4,15.3,6.7,8.6,"127",0.40894568690095845,0.987220447284345
"2025","Wilson, Justin","458677","Red Sox","BOS","L","94.5","382","816",5.037037037037037,0.4681372549019608,"FF","4-Seam Fastball",11.9,-14.2,2.3,"16",18.9,5.2,-6.7,-1.5,"-22",0.931350114416476,0.30205949656750575
"2025","García, Luis","472610","Angels","LAA","R","96.9","382","896",5.530864197530864,0.4263392857142857,"SI","Sinker",18.7,-19.9,-1.2,"-6",10.5,13.9,-14.6,-0.8,"-5",0.43137254901960786,0.30718954248366015
"2025","Verlander, Justin","434378","Giants","SF","R","78.5","381","2608",16.098765432098766,0.1460889570552147,"CU","Curveball",56.9,-57.1,-0.2,"0",-12.3,7.5,6.8,0.7,"10",0.4366812227074236,0.5633187772925764
"2025","Pallante, Andre","669467","Cardinals","STL","R","78.2","381","2720",16.790123456790123,0.1400735294117647,"CU","Curveball",61.2,-55.9,5.4,"10",-16.1,3.7,8.7,-5,"-57",0.9170305676855895,0.0611353711790393
"2025","Iglesias, Raisel","628452","Braves","ATL","R","94.8","381","964",5.950617283950617,0.39522821576763484,"FF","4-Seam Fastball",15.4,-15.5,0.1,"1",15.1,8.9,-8.7,0.2,"2",0.5469107551487414,0.4874141876430206
"2025","Milner, Hoby","571948","Rangers","TEX","L","87.5","380","1157",7.1419753086419755,0.32843560933448573,"SI","Sinker",36.9,-35.2,1.7,"5",-0.7,18.3,-17.3,0.9,"5",0.7810457516339869,0.7124183006535948
"2025","Ferguson, Tyler","621053","Athletics","ATH","R","94.8","380","990",6.111111111111111,0.3838383838383838,"FF","4-Seam Fastball",16.2,-14.6,-1.6,"-11",14.5,8.6,-7.4,1.2,"16",0.2311212814645309,0.6338672768878718
"2025","Kelly, Merrill","518876","Rangers","TEX","R","92.2","380","2833",17.487654320987655,0.13413342746205437,"SI","Sinker",26.5,-25.5,1,"4",5.9,16.6,-15.7,1,"6",0.6895424836601307,0.7450980392156863
"2025","Bellozo, Valente","678368","Marlins","MIA","R","90.8","380","1322",8.160493827160494,0.2874432677760968,"FF","4-Seam Fastball",15.9,-16.4,0.5,"3",17.5,3.4,-7,-3.6,"-52",0.6270022883295194,0.10526315789473684
"2025","Dollander, Chase","801403","Rockies","COL","R","79.2","379","1778",10.975308641975309,0.21316085489313835,"CU","Curveball",51,-53.2,-2.2,"-4",-7.4,14,11,3,"28",0.2794759825327511,0.8078602620087336
"2025","Eovaldi, Nathan","543135","Rangers","TEX","R","75.8","379","1917",11.833333333333334,0.19770474700052165,"CU","Curveball",56.3,-57.2,-0.9,"-2",-8.4,8.7,11.6,-2.9,"-25",0.36681222707423583,0.17467248908296942
"2025","Allard, Kolby","663465","Guardians","CLE","L","90.1","379","1000",6.172839506172839,0.379,"FF","4-Seam Fastball",17.6,-18.4,0.9,"5",16.2,6.1,-8.6,-2.5,"-29",0.7299771167048055,0.2151029748283753
"2025","Bubic, Kris","663460","Royals","KC","L","85.5","378","1795",11.080246913580247,0.2105849582172702,"CH","Changeup",37.2,-33.1,4,"12",0.2,11.3,-14.4,-3,"-21",0.9097744360902256,0.08270676691729323
"2025","Brazobán, Huascar","623211","Mets","NYM","R","96.4","377","1011",6.2407407407407405,0.37289812067260136,"SI","Sinker",21.4,-22.1,-0.7,"-3",8.2,17.9,-16,1.9,"12",0.48366013071895425,0.9248366013071896
"2025","Dobbins, Hunter","690928","Red Sox","BOS","R","95.5","377","931",5.746913580246914,0.40494092373791624,"FF","4-Seam Fastball",14.2,-13.7,-0.5,"-3",15.8,2.1,-7,-4.9,"-71",0.40503432494279173,0.05491990846681922
"2025","Liberatore, Matthew","669461","Cardinals","STL","L","77.4","376","2386",14.728395061728396,0.15758591785414922,"CU","Curveball",64.3,-58.5,5.8,"10",-17.9,9.6,7.6,2,"26",0.9519650655021834,0.6943231441048034
"2025","Duran, Jhoan","661395","Phillies","PHI","R","100.6","376","1073",6.6234567901234565,0.3504193849021435,"FF","4-Seam Fastball",14.5,-11.8,-2.8,"-23",12.7,13.2,-8.4,4.8,"57",0.10983981693363844,0.9588100686498856
"2025","McGreevy, Michael","700241","Cardinals","STL","R","93","376","1465",9.04320987654321,0.2566552901023891,"FF","4-Seam Fastball",18.4,-15.3,-3.1,"-20",13.2,9.5,-7.2,2.3,"32",0.08237986270022883,0.7643020594965675
"2025","Bubic, Kris","663460","Royals","KC","L","82.9","376","1795",11.080246913580247,0.20947075208913649,"ST","Sweeper",44.8,-38.8,6,"16",-4.7,13,13.8,-0.7,"-5",0.9825581395348837,0.37209302325581395
"2025","Romero, JoJo","668941","Cardinals","STL","L","83","376","990",6.111111111111111,0.3797979797979798,"SL","Slider",40.8,-39.8,0.9,"2",-0.8,13.1,7.6,5.5,"73",0.6198083067092651,0.952076677316294
"2025","Knack, Landon","689017","Dodgers","LAD","R","93.1","375","773",4.771604938271605,0.4851228978007762,"FF","4-Seam Fastball",12.6,-15.8,3.2,"20",19,6.6,-7.9,-1.3,"-16",0.988558352402746,0.32723112128146453
"2025","Kikuchi, Yusei","579328","Angels","LAA","L","85.6","374","3094",19.098765432098766,0.12087912087912088,"CH","Changeup",30.7,-33.8,-3.2,"-9",6.7,13.6,-14.5,-0.9,"-6",0.16165413533834586,0.2932330827067669
"2025","Chivilli, Angel","683409","Rockies","COL","R","88.7","374","1022",6.308641975308642,0.3659491193737769,"CH","Changeup",27.7,-30.8,-3.1,"-10",7,11.7,-14.6,-2.9,"-20",0.17669172932330826,0.09398496240601503
"2025","Horton, Cade","690990","Cubs","CHC","R","83.4","374","1788",11.037037037037036,0.20917225950782997,"ST","Sweeper",40.7,-39.3,1.4,"4",-1,12.8,13.5,-0.6,"-5",0.6569767441860465,0.38953488372093026
"2025","Myers, Tobias","668964","Brewers","MIL","R","93.5","373","826",5.098765432098766,0.4515738498789346,"FF","4-Seam Fastball",11.9,-14.9,2.9,"20",19.5,5.5,-7.1,-1.6,"-22",0.9748283752860412,0.28832951945080093
"2025","Bernardino, Brennan","657514","Red Sox","BOS","L","90.7","373","833",5.1419753086419755,0.4477791116446579,"SI","Sinker",28.4,-27.9,0.6,"2",5,16,-15.7,0.3,"2",0.6699346405228758,0.565359477124183
"2025","Strahm, Matt","621381","Phillies","PHI","L","92.3","373","993",6.12962962962963,0.3756294058408862,"FF","4-Seam Fastball",15.7,-17.1,1.4,"8",16.7,13.6,-8.8,4.8,"55",0.8375286041189931,0.9588100686498856
"2025","Chapman, Aroldis","547973","Red Sox","BOS","L","98.4","372","917",5.660493827160494,0.40567066521264994,"FF","4-Seam Fastball",9.9,-11.8,1.9,"16",18.5,3.4,-6.6,-3.2,"-48",0.8924485125858124,0.13501144164759726
"2025","Vesia, Alex","681911","Dodgers","LAD","L","84.8","372","1023",6.314814814814815,0.36363636363636365,"SL","Slider",33.6,-36.4,-2.9,"-8",4.2,6.5,4.4,2.1,"49",0.16613418530351437,0.8338658146964856
"2025","Muñoz, Andrés","662253","Mariners","SEA","R","98.4","371","1035",6.388888888888889,0.35845410628019325,"FF","4-Seam Fastball",15,-13.7,-1.3,"-10",13.3,11.3,-8.9,2.4,"27",0.26773455377574373,0.7803203661327232
"2025","Manaea, Sean","640455","Mets","NYM","L","77.7","371","1095",6.7592592592592595,0.33881278538812787,"ST","Sweeper",41.9,-42.6,-0.6,"-1",3.9,13,14.1,-1.1,"-8",0.38953488372093026,0.3313953488372093
"2025","Bednar, David","670280","Yankees","NYY","R","77.6","371","1024",6.320987654320987,0.3623046875,"CU","Curveball",53.2,-56.2,-3,"-5",-7.6,8.2,10.1,-2,"-19",0.22707423580786026,0.27074235807860264
"2025","Ray, Robbie","592662","Giants","SF","L","81.2","371","3069",18.944444444444443,0.12088628217660476,"CU","Curveball",46.7,-52.4,-5.6,"-11",-5.3,1.6,8.1,-6.5,"-80",0.08296943231441048,0.008733624454148471
"2025","Buehler, Walker","621111","Phillies","PHI","R","90.6","370","2189",13.512345679012345,0.16902695294655093,"FC","Cutter",22.2,-24.9,2.7,"11",10.9,4.4,1.7,2.7,"156",0.8688524590163934,0.9398907103825137
"2025","Palmquist, Carson","687223","Rockies","COL","L","90.4","370","705",4.351851851851852,0.524822695035461,"FF","4-Seam Fastball",20.5,-20,-0.5,"-3",12.9,10.9,-10.3,0.6,"6",0.40503432494279173,0.5377574370709383
"2025","Peterson, David","656849","Mets","NYM","L","78.7","370","2699",16.660493827160494,0.13708781030011116,"CU","Curveball",52.6,-55.4,-2.8,"-5",-8.1,6.5,7.8,-1.4,"-18",0.2445414847161572,0.3406113537117904
"2025","Abbott, Andrew","671096","Reds","CIN","L","82.8","369","2677",16.52469135802469,0.13784086664176318,"ST","Sweeper",36.7,-39.7,-3,"-7",3.4,11.4,13.8,-2.5,"-18",0.13953488372093023,0.1569767441860465
"2025","Gómez, Yoendrys","672782","White Sox","CWS","R","93.8","368","1099",6.783950617283951,0.3348498635122839,"FF","4-Seam Fastball",14.8,-15.2,0.5,"3",16.4,6.8,-7.9,-1,"-13",0.6270022883295194,0.36384439359267734
"2025","McCullers Jr., Lance","621121","Astros","HOU","R","82.8","367","1147",7.080246913580247,0.3199651264167393,"SL","Slider",34.9,-38.5,-3.6,"-9",5.3,16.5,7.3,9.2,"126",0.11501597444089456,0.9968051118210862
"2025","Ryan, Joe","657746","Twins","MIN","R","80.6","367","2795",17.253086419753085,0.13130590339892664,"ST","Sweeper",42.4,-39.3,3.1,"8",0.1,15.8,13.6,2.2,"16",0.8313953488372093,0.8081395348837209
"2025","Hancock, Emerson","676106","Mariners","SEA","R","94.9","366","1423",8.783950617283951,0.2572030920590302,"FF","4-Seam Fastball",18.9,-15.4,-3.5,"-23",11.6,12.6,-8.6,4.1,"48",0.06864988558352403,0.9244851258581236
"2025","O'Brien, Riley","676617","Cardinals","STL","R","98","366","758",4.679012345679013,0.48284960422163586,"SI","Sinker",22.3,-20.6,1.7,"8",6.1,15.9,-15.2,0.7,"4",0.7810457516339869,0.6470588235294118
"2025","Meyer, Max","676974","Marlins","MIA","R","89.9","365","1039",6.41358024691358,0.35129932627526467,"SL","Slider",35.3,-31.4,3.9,"12",-1.3,2.4,3.6,-1.2,"-32",0.9073482428115016,0.34824281150159747
"2025","Whitlock, Garrett","676477","Red Sox","BOS","R","84.7","365","1180",7.283950617283951,0.3093220338983051,"SL","Slider",44.1,-36.6,7.5,"20",-5.9,3.5,4.1,-0.6,"-15",0.987220447284345,0.4536741214057508
"2025","Kerkering, Orion","689147","Phillies","PHI","R","97.5","365","1073",6.6234567901234565,0.3401677539608574,"FF","4-Seam Fastball",13,-13.2,0.2,"2",15.9,11.6,-7.7,3.9,"51",0.562929061784897,0.9153318077803204
"2025","Burrows, Mike","681347","Pirates","PIT","R","87.3","365","1537",9.487654320987655,0.23747560182173064,"CH","Changeup",27.9,-30.6,-2.7,"-9",7.9,13.9,-14,-0.2,"-1",0.21052631578947367,0.41729323308270677
"2025","Maton, Phil","664208","Rangers","TEX","R","90.6","363","1008",6.222222222222222,0.3601190476190476,"FC","Cutter",19.8,-24,4.3,"18",13.4,0.6,1.1,-0.5,"-43",0.9453551912568307,0.43169398907103823
"2025","Adam, Jason","592094","Padres","SD","R","88.2","363","1087",6.709876543209877,0.33394664213431463,"CH","Changeup",31.9,-29.9,2,"7",3.6,16.1,-14.1,2.1,"15",0.7293233082706767,0.8721804511278195
"2025","Spence, Mitch","687765","Athletics","ATH","R","84.5","362","1353",8.351851851851851,0.2675535846267554,"SL","Slider",36.4,-36.8,-0.4,"-1",2.3,13.7,4.7,9,"191",0.45686900958466453,0.9904153354632588
"2025","Barlow, Scott","605130","Reds","CIN","R","81.5","362","1272",7.851851851851852,0.28459119496855345,"ST","Sweeper",34.7,-39.1,-4.4,"-11",6.6,13.2,13.8,-0.6,"-4",0.05813953488372093,0.38953488372093026
"2025","Imanaga, Shota","684007","Cubs","CHC","L","80.4","362","2176",13.432098765432098,0.16636029411764705,"ST","Sweeper",40.7,-41.3,-0.6,"-1",1.9,11.9,14.7,-2.8,"-19",0.38953488372093026,0.12790697674418605
"2025","Heaney, Andrew","571760","Dodgers","LAD","L","82","361","2082",12.851851851851851,0.1733909702209414,"CH","Changeup",36,-37.5,-1.5,"-4",4.9,17,-14.9,2.1,"14",0.34210526315789475,0.8721804511278195
"2025","May, Dustin","669160","Red Sox","BOS","R","95.4","361","2169",13.38888888888889,0.16643614568925771,"FF","4-Seam Fastball",17.3,-15.3,-2,"-13",12.9,11.3,-9,2.3,"25",0.18306636155606407,0.7643020594965675
"2025","Evans, Logan","688138","Mariners","SEA","R","87.8","361","1338",8.25925925925926,0.26980568011958145,"FC","Cutter",32.9,-27.3,-5.6,"-20",2.6,1.5,2.5,-1,"-39",0.0273224043715847,0.30601092896174864
"2025","Herget, Jimmy","623474","Rockies","COL","R","85.5","360","1281",7.907407407407407,0.2810304449648712,"SL","Slider",33.1,-36.8,-3.7,"-10",3.9,0.4,3.1,-2.7,"-86",0.10543130990415335,0.134185303514377
"2025","King, Michael","650633","Padres","SD","R","92.7","360","1219",7.5246913580246915,0.29532403609515995,"SI","Sinker",28,-25.3,2.7,"11",4.3,18.7,-15.8,2.9,"19",0.8660130718954249,0.9934640522875817
"2025","Rodríguez, Randy","678495","Giants","SF","R","86.3","360","808",4.987654320987654,0.44554455445544555,"SL","Slider",34.5,-35,-0.5,"-1",2.3,10.8,4.8,6,"126",0.44089456869009586,0.9552715654952076
"2025","Mize, Casey","663554","Tigers","DET","R","88.5","360","2353",14.524691358024691,0.1529961750956226,"SL","Slider",29.9,-32.6,-2.7,"-8",4.9,2.3,4.1,-1.8,"-45",0.1853035143769968,0.24600638977635783
"2025","Bender, Anthony","669622","Marlins","MIA","R","83.9","360","783",4.833333333333333,0.45977011494252873,"ST","Sweeper",36.9,-37.8,-0.9,"-2",2.3,16.8,13.8,3,"21",0.3488372093023256,0.9069767441860465
"2025","Pallante, Andre","669467","Cardinals","STL","R","95","360","2720",16.790123456790123,0.1323529411764706,"SI","Sinker",16.4,-21.2,-4.8,"-23",14,10.3,-14.8,-4.5,"-30",0.07516339869281045,0.0392156862745098
"2025","Buehler, Walker","621111","Phillies","PHI","R","93.8","359","2189",13.512345679012345,0.16400182731841023,"SI","Sinker",20.3,-24.4,-4.1,"-17",10.9,15.3,-15.8,-0.6,"-4",0.11764705882352941,0.35294117647058826
"2025","Mears, Nick","683232","Brewers","MIL","R","86.6","358","845",5.216049382716049,0.4236686390532544,"SL","Slider",36.4,-34.3,2.1,"6",-0.2,2,4,-2,"-51",0.7348242811501597,0.2108626198083067
"2025","Fried, Max","608331","Yankees","NYY","L","81.5","358","3109",19.191358024691358,0.1151495657767771,"ST","Sweeper",45.3,-40.8,4.5,"11",-3.7,17.4,14.2,3.2,"22",0.9302325581395349,0.9302325581395349
"2025","Soto, Gregory","642397","Mets","NYM","L","86.1","358","1031",6.364197530864198,0.3472356935014549,"SL","Slider",33.2,-35,-1.8,"-5",3.8,3.1,4.6,-1.4,"-31",0.28434504792332266,0.31309904153354634
"2025","Fluharty, Mason","689254","Blue Jays","TOR","L","81.7","358","859",5.302469135802469,0.4167636786961583,"ST","Sweeper",39.5,-39.8,-0.4,"-1",2.1,16.5,14.3,2.1,"15",0.436046511627907,0.7848837209302325
"2025","Lazar, Max","676661","Phillies","PHI","R","94.5","357","646",3.9876543209876543,0.5526315789473685,"FF","4-Seam Fastball",14.3,-14.2,-0.1,"-1",16.3,1.1,-7.1,-5.9,"-84",0.4965675057208238,0.032036613272311214
"2025","Herget, Jimmy","623474","Rockies","COL","R","91.9","357","1281",7.907407407407407,0.2786885245901639,"SI","Sinker",32,-31.1,1,"3",0.1,15.4,-16.3,-0.9,"-5",0.6895424836601307,0.28104575163398693
"2025","Weissert, Greg","669711","Red Sox","BOS","R","94.1","357","1069",6.598765432098766,0.33395696913002804,"FF","4-Seam Fastball",18.2,-17,-1.3,"-7",12.6,8.6,-10.3,-1.7,"-17",0.26773455377574373,0.2745995423340961
"2025","Brown, Hunter","686613","Astros","HOU","R","88.2","356","2962",18.28395061728395,0.12018906144496962,"CH","Changeup",27.3,-30.8,-3.5,"-11",7.9,14.4,-14.4,0,"0",0.13909774436090225,0.46616541353383456
"2025","Skubal, Tarik","669373","Tigers","DET","L","90","356","2849",17.58641975308642,0.12495612495612496,"SL","Slider",28.8,-30.9,-2.1,"-7",4.8,3.2,3.4,-0.2,"-7",0.24600638977635783,0.5271565495207667
"2025","Eisert, Brandon","685126","White Sox","CWS","L","83.6","356","1216",7.506172839506172,0.29276315789473684,"CH","Changeup",37.3,-37.8,-0.5,"-1",1.9,12.8,-14.9,-2.1,"-14",0.4398496240601504,0.15413533834586465
"2025","Harrison, Kyle","690986","Red Sox","BOS","L","94.6","356","588",3.6296296296296298,0.6054421768707483,"FF","4-Seam Fastball",18.4,-17.1,-1.3,"-7",12.3,14.4,-10.7,3.7,"34",0.26773455377574373,0.8993135011441648
"2025","Green, Chad","643338","Blue Jays","TOR","R","95.2","356","709",4.3765432098765435,0.5021156558533145,"FF","4-Seam Fastball",12.1,-13.9,1.8,"13",18.4,6.8,-7,-0.1,"-2",0.8810068649885584,0.4462242562929062
"2025","Alexander, Tyler","641302","White Sox","CWS","L","80.2","355","1585",9.783950617283951,0.22397476340694006,"ST","Sweeper",37.8,-40.8,-3,"-7",4.8,12.3,14.4,-2.1,"-15",0.13953488372093023,0.20348837209302326
"2025","Allen, Logan","671106","Guardians","CLE","L","89","355","2709",16.72222222222222,0.13104466592838687,"SI","Sinker",25.4,-28.4,-3,"-11",9.2,13.8,-15.6,-1.8,"-11",0.21568627450980393,0.1437908496732026
"2025","Sterner, Justin","686993","Athletics","ATH","R","87.3","354","1092",6.7407407407407405,0.3241758241758242,"FC","Cutter",31.2,-28.2,-2.9,"-10",4.7,5,2.3,2.7,"116",0.13114754098360656,0.9398907103825137
"2025","Sears, JP","676664","Padres","SD","L","83.4","354","2366",14.604938271604938,0.1496196111580727,"CH","Changeup",35.9,-37.5,-1.6,"-4",3.6,16.5,-14.8,1.6,"11",0.3233082706766917,0.8045112781954887
"2025","Suárez, Ranger","624133","Phillies","PHI","L","91.3","354","2430",15,0.145679012345679,"FF","4-Seam Fastball",21.2,-16.5,-4.7,"-29",11.5,6.1,-7.5,-1.4,"-18",0.02517162471395881,0.3157894736842105
"2025","Wheeler, Zack","554430","Phillies","PHI","R","83.7","354","2394",14.777777777777779,0.14786967418546365,"ST","Sweeper",36.5,-37.6,-1,"-3",2.7,13.6,13.4,0.2,"1",0.3313953488372093,0.5406976744186046
"2025","Smith, Shane","681343","White Sox","CWS","R","82.1","353","2419",14.932098765432098,0.14592806945018602,"CU","Curveball",52.3,-51,1.3,"3",-11.6,5.9,7.6,-1.7,"-23",0.5545851528384279,0.31004366812227074
"2025","Enright, Nic","663671","Guardians","CLE","R","93.2","353","532",3.2839506172839505,0.6635338345864662,"FF","4-Seam Fastball",11.8,-14.7,2.8,"19",19.8,4.6,-6.8,-2.1,"-31",0.9679633867276888,0.2379862700228833
"2025","Thielbar, Caleb","573204","Cubs","CHC","L","92.8","353","839",5.179012345679013,0.42073897497020263,"FF","4-Seam Fastball",12.8,-15.2,2.3,"15",19,3.5,-7,-3.5,"-50",0.931350114416476,0.11212814645308924
"2025","Brogdon, Connor","641401","Angels","LAA","R","95.5","352","840",5.185185185185185,0.41904761904761906,"FF","4-Seam Fastball",14.8,-13.8,-0.9,"-7",15.5,11,-7.4,3.5,"48",0.34096109839816935,0.88558352402746
"2025","Phillips, Tyler","663969","Marlins","MIA","R","95.5","352","1114",6.8765432098765435,0.31597845601436264,"SI","Sinker",24.4,-21.7,2.8,"13",5.7,16.9,-15.2,1.7,"11",0.8725490196078431,0.8986928104575164
"2025","Mejia, Juan","675848","Rockies","COL","R","83.2","352","1074",6.62962962962963,0.32774674115456237,"SL","Slider",41.1,-38.3,2.7,"7",-1.7,13.9,5.7,8.3,"146",0.8115015974440895,0.9808306709265175
"2025","Falter, Bailey","663559","Royals","KC","L","85.1","352","1951",12.04320987654321,0.1804202972834444,"SL","Slider",31.2,-36,-4.8,"-13",6.4,4.7,4.1,0.6,"14",0.04472843450479233,0.6517571884984026
"2025","Brogdon, Connor","641401","Angels","LAA","R","84","352","840",5.185185185185185,0.41904761904761906,"CH","Changeup",32,-34.2,-2.1,"-6",7.1,16.8,-14.8,2,"14",0.2706766917293233,0.849624060150376
"2025","Bivens, Spencer","702352","Giants","SF","R","91","352","1294",7.987654320987654,0.27202472952086554,"FC","Cutter",22.6,-24.5,1.9,"8",10.2,1.5,2.3,-0.8,"-36",0.7759562841530054,0.3442622950819672
"2025","Bradley, Taj","671737","Twins","MIN","R","91.3","352","2272",14.024691358024691,0.15492957746478872,"FS","Split-Finger",23.8,-28.5,-4.7,"-16",8.9,12.9,-12.2,0.6,"5",0.08433734939759036,0.6506024096385542
"2025","Zerpa, Angel","672582","Royals","KC","L","85.1","351","1099",6.783950617283951,0.31938125568698816,"SL","Slider",44.6,-37.4,7.2,"19",-6.9,6.1,5.5,0.6,"10",0.9776357827476039,0.6517571884984026
"2025","Hader, Josh","623352","Astros","HOU","L","83.3","351","847",5.228395061728395,0.41440377804014167,"SL","Slider",39.7,-37.8,1.9,"5",0.2,3.3,5.9,-2.6,"-44",0.7156549520766773,0.1501597444089457
"2025","Holton, Tyler","663947","Tigers","DET","L","88.7","350","1158",7.148148148148148,0.3022452504317789,"FC","Cutter",25.9,-27,1.1,"4",8.5,3.6,2.4,1.2,"49",0.6666666666666666,0.726775956284153
"2025","Topa, Justin","623437","Twins","MIN","R","94.2","349","979",6.04320987654321,0.3564862104187947,"SI","Sinker",30.7,-26.3,4.4,"17",0.2,17.7,-16.6,1.1,"6",0.9444444444444444,0.7745098039215687
"2025","Sheehan, Emmet","686218","Dodgers","LAD","R","87.8","348","1146",7.074074074074074,0.3036649214659686,"SL","Slider",31.3,-33.4,-2.1,"-6",3.9,3.5,4.4,-0.9,"-21",0.24600638977635783,0.3993610223642173
"2025","Kochanowicz, Jack","686799","Angels","LAA","R","95.5","348","1858",11.469135802469136,0.18729817007534985,"FF","4-Seam Fastball",15.9,-13.9,-2,"-14",14.2,7.1,-7.2,-0.1,"-1",0.18306636155606407,0.4462242562929062
"2025","Gaddis, Hunter","683769","Guardians","CLE","R","94.7","347","1049",6.4753086419753085,0.330791229742612,"FF","4-Seam Fastball",13.7,-13.7,0,"0",17,7.4,-6.5,0.9,"14",0.5148741418764302,0.5926773455377574
"2025","Newcomb, Sean","656794","Athletics","ATH","L","82","346","1546",9.54320987654321,0.2238033635187581,"SV","Slurve",47,-47,0,"0",-5.8,16.6,14.8,1.8,"12",0.6,0.8
"2025","Halvorsen, Seth","678020","Rockies","COL","R","100","346","636",3.925925925925926,0.5440251572327044,"FF","4-Seam Fastball",14.4,-11.7,-2.7,"-23",12.9,10.4,-7.9,2.5,"32",0.11441647597254005,0.7940503432494279
"2025","Rutledge, Jackson","671131","Nationals","WSH","R","85.2","346","1339",8.265432098765432,0.25840179238237493,"SL","Slider",37.5,-36,1.5,"4",0,1.5,4.3,-2.8,"-64",0.6869009584664537,0.12460063897763578
"2025","Kelly, Kevin","687330","Rays","TB","R","91","346","588",3.6296296296296298,0.5884353741496599,"SI","Sinker",34.5,-35.7,-1.3,"-4",-1.4,16.8,-16.2,0.6,"4",0.41830065359477125,0.6209150326797386
"2025","Lugo, Seth","607625","Royals","KC","R","91.3","346","2380",14.691358024691358,0.1453781512605042,"SI","Sinker",23.9,-26.1,-2.2,"-8",9,15.5,-15.5,0,"0",0.3202614379084967,0.477124183006536
"2025","Beeks, Jalen","656222","D-backs","AZ","L","88.8","345","916",5.654320987654321,0.37663755458515286,"CH","Changeup",25,-30.2,-5.2,"-17",9.8,15.9,-14.4,1.5,"10",0.03383458646616541,0.7894736842105263
"2025","Lauer, Eric","641778","Blue Jays","TOR","L","86.5","344","1682",10.382716049382717,0.20451843043995244,"FC","Cutter",29.8,-29,-0.8,"-3",6.6,3.5,2.9,0.6,"21",0.39344262295081966,0.6557377049180327
"2025","Henriquez, Ronny","678692","Marlins","MIA","R","96.7","344","1158",7.148148148148148,0.2970639032815199,"FF","4-Seam Fastball",11.1,-14.5,3.5,"24",18.4,6.3,-8.9,-2.5,"-28",0.9908466819221968,0.2151029748283753
"2025","Clarke, Taylor","664199","Royals","KC","R","87.5","344","865",5.339506172839506,0.3976878612716763,"SL","Slider",32.7,-33.6,-0.8,"-2",2.7,4.9,3.7,1.2,"32",0.38977635782747605,0.7476038338658147
"2025","Ashcraft, Braxton","677952","Pirates","PIT","R","92","344","1102",6.802469135802469,0.3121597096188748,"SL","Slider",26.5,-28.5,-2,"-7",5.6,2,2.7,-0.8,"-29",0.2523961661341853,0.4185303514376997
"2025","Lee, Dylan","669276","Braves","ATL","L","94.1","344","1102",6.802469135802469,0.3121597096188748,"FF","4-Seam Fastball",11.8,-14,2.2,"16",19.2,8.4,-6.4,1.9,"30",0.9176201372997712,0.7254004576659039
"2025","Kremer, Dean","665152","Orioles","BAL","R","78.3","344","2692",16.617283950617285,0.1277860326894502,"CU","Curveball",56.2,-56.5,-0.3,"-1",-11.5,6.1,8.6,-2.4,"-28",0.42358078602620086,0.22270742358078602
"2025","Gomber, Austin","596295","Rockies","COL","L","89.5","343","999",6.166666666666667,0.3433433433433433,"FF","4-Seam Fastball",17.7,-16.4,-1.3,"-8",16.3,6.8,-5.6,1.2,"22",0.26773455377574373,0.6338672768878718
"2025","Gray, Sonny","543243","Cardinals","STL","R","87.8","343","2718",16.77777777777778,0.12619573215599705,"FC","Cutter",33.1,-27.8,-5.3,"-19",2.2,5.1,2.3,2.9,"126",0.03278688524590164,0.9562841530054644
"2025","Matsui, Yuki","673513","Padres","SD","L","84","342","1063",6.561728395061729,0.3217309501411101,"FS","Split-Finger",35.5,-36,-0.5,"-1",3.6,9.2,-10.9,-1.6,"-15",0.42168674698795183,0.2891566265060241
"2025","Sabrowski, Erik","681870","Guardians","CLE","L","93.9","342","503",3.1049382716049383,0.679920477137177,"FF","4-Seam Fastball",11.4,-14.5,3.1,"21",19.8,9.6,-7,2.6,"38",0.9839816933638444,0.7986270022883295
"2025","Heaney, Andrew","571760","Dodgers","LAD","L","80.5","341","2082",12.851851851851851,0.1637848222862632,"SL","Slider",42.7,-41.4,1.3,"3",-0.4,3.1,7.6,-4.4,"-59",0.6677316293929713,0.012779552715654952
"2025","Fried, Max","608331","Yankees","NYY","L","85.2","341","3109",19.191358024691358,0.10968156963653908,"CH","Changeup",34.1,-32.8,1.3,"4",3.6,13.4,-14.3,-1,"-7",0.6466165413533834,0.2669172932330827
"2025","Castillo, Luis","622491","Mariners","SEA","R","87.2","340","2988",18.444444444444443,0.11378848728246319,"CH","Changeup",36.6,-36.3,0.3,"1",-0.5,17.7,-16.1,1.5,"10",0.5451127819548872,0.7894736842105263
"2025","Cecconi, Slade","677944","Guardians","CLE","R","75.5","340","2063",12.734567901234568,0.16480853126514786,"CU","Curveball",61.3,-59.9,1.4,"2",-12.8,9.2,9.9,-0.6,"-6",0.5676855895196506,0.4585152838427948
"2025","Cleavinger, Garrett","664076","Rays","TB","L","87.1","339","874",5.395061728395062,0.3878718535469107,"SL","Slider",35.8,-34.8,1,"3",-0.2,6.1,5,1.1,"22",0.6421725239616614,0.731629392971246
"2025","Matthews, Zebby","805673","Twins","MIN","R","88.2","339","1353",8.351851851851851,0.25055432372505543,"SL","Slider",33.7,-33,0.7,"2",1.4,2.3,3.8,-1.5,"-39",0.5718849840255591,0.2939297124600639
"2025","Webb, Jacob","657097","Rangers","TEX","R","84.9","339","978",6.037037037037037,0.34662576687116564,"CH","Changeup",27.6,-33.2,-5.7,"-17",10.9,17.8,-14.2,3.6,"25",0.022556390977443608,0.981203007518797
"2025","Taylor, Grant","691799","White Sox","CWS","R","98.7","338","610",3.765432098765432,0.5540983606557377,"FF","4-Seam Fastball",11.3,-12.1,0.8,"7",16.8,0.6,-7,-6.4,"-92",0.6933638443935927,0.02288329519450801
"2025","Detmers, Reid","672282","Angels","LAA","L","88.3","338","1083",6.685185185185185,0.3120960295475531,"SL","Slider",37.8,-32.8,5,"15",-2.7,2.7,3.6,-0.9,"-25",0.9424920127795527,0.3993610223642173
"2025","Buttó, José","676130","Giants","SF","R","95.2","338","1095",6.7592592592592595,0.308675799086758,"FF","4-Seam Fastball",15.1,-14.9,-0.2,"-1",15.1,3.2,-8.3,-5.1,"-62",0.482837528604119,0.04805491990846682
"2025","Hoffman, Jeff","656546","Blue Jays","TOR","R","87","337","1127",6.95679012345679,0.2990239574090506,"SL","Slider",36.2,-34.2,2,"6",0,4.3,4.2,0,"1",0.7220447284345048,0.5623003194888179
"2025","Green, Chad","643338","Blue Jays","TOR","R","88.1","337","709",4.3765432098765435,0.47531734837799716,"SL","Slider",31.9,-33,-1.1,"-3",3.4,3.3,3.7,-0.4,"-10",0.35782747603833864,0.48881789137380194
"2025","Svanson, Matt","694335","Cardinals","STL","R","87.1","336","964",5.950617283950617,0.34854771784232363,"ST","Sweeper",33.4,-35.7,-2.3,"-6",2.8,10,11.9,-1.9,"-16",0.21511627906976744,0.23255813953488372
"2025","Mize, Casey","663554","Tigers","DET","R","83.6","336","2353",14.524691358024691,0.14279643008924778,"SV","Slurve",39.6,-41.7,-2.1,"-5",-0.6,6.7,9.2,-2.6,"-28",0.3,0.2
"2025","Newcomb, Sean","656794","Athletics","ATH","L","92.5","336","1546",9.54320987654321,0.21733505821474774,"SI","Sinker",27,-24.8,2.2,"9",5.3,17.2,-15.5,1.7,"11",0.8202614379084967,0.8986928104575164
"2025","Bradley, Taj","671737","Twins","MIN","R","81.8","335","2272",14.024691358024691,0.14744718309859156,"CU","Curveball",55.8,-51.8,4,"8",-14.7,4,7,-3.1,"-44",0.834061135371179,0.15283842794759825
"2025","Lugo, Seth","607625","Royals","KC","R","89.2","335","2380",14.691358024691358,0.1407563025210084,"FC","Cutter",23.2,-25.9,2.7,"10",10.9,1.3,1.8,-0.5,"-26",0.8688524590163934,0.43169398907103823
"2025","Thompson, Ryan","657044","D-backs","AZ","R","89.7","334","650",4.012345679012346,0.5138461538461538,"SI","Sinker",41.6,-38.5,3.1,"8",-7.1,12.8,-15.1,-2.2,"-15",0.8856209150326797,0.10457516339869281
"2025","Gore, MacKenzie","669022","Nationals","WSH","L","86.7","333","2818",17.395061728395063,0.11816891412349184,"SL","Slider",34.8,-34.5,0.3,"1",2.1,1.1,4.4,-3.4,"-75",0.5303514376996805,0.0670926517571885
"2025","Ureña, José","570632","Angels","LAA","R","96.2","333","934",5.765432098765432,0.35653104925053536,"FF","4-Seam Fastball",18.5,-14.5,-4,"-28",11.2,15.3,-8.2,7,"85",0.043478260869565216,0.9954233409610984
"2025","Quantrill, Cal","615698","Braves","ATL","R","93.8","333","2003",12.364197530864198,0.16625062406390415,"SI","Sinker",18.8,-22,-3.2,"-14",12.4,15.4,-14.7,0.8,"5",0.20261437908496732,0.6830065359477124
"2025","Kelly, Michael","547184","Athletics","ATH","R","82.9","332","658",4.061728395061729,0.5045592705167173,"ST","Sweeper",42.4,-40.4,2.1,"5",-2.3,16.8,13.6,3.1,"23",0.7441860465116279,0.9127906976744186
"2025","Hurter, Brant","676428","Tigers","DET","L","82.2","332","1052",6.493827160493828,0.3155893536121673,"ST","Sweeper",39,-40.4,-1.5,"-4",1.6,10.7,13.9,-3.3,"-23",0.313953488372093,0.0872093023255814
"2025","Nicolas, Kyle","693312","Pirates","PIT","R","97.6","331","652",4.0246913580246915,0.5076687116564417,"FF","4-Seam Fastball",11.6,-12.4,0.8,"6",17.2,6.9,-7,-0.1,"-1",0.6933638443935927,0.4462242562929062
"2025","Smith-Shawver, AJ","700363","Braves","ATL","R","95.6","331","711",4.388888888888889,0.46554149085794655,"FF","4-Seam Fastball",13.9,-14.1,0.2,"1",16.1,9.2,-7.6,1.6,"21",0.562929061784897,0.6887871853546911
"2025","Schreiber, John","670167","Royals","KC","R","93.8","330","1047",6.462962962962963,0.3151862464183381,"FF","4-Seam Fastball",20.3,-18.4,-1.9,"-11",10.7,10.8,-11.9,-1.1,"-9",0.19221967963386727,0.34324942791762014
"2025","Civale, Aaron","650644","Cubs","CHC","R","77.7","330","1747",10.783950617283951,0.18889524899828278,"CU","Curveball",60.8,-57.7,3.1,"5",-15,12.4,9.1,3.3,"36",0.777292576419214,0.8427947598253275
"2025","Orze, Eric","679358","Rays","TB","R","84.1","330","681",4.203703703703703,0.4845814977973568,"FS","Split-Finger",38.9,-34.6,4.3,"13",-0.1,14.1,-10.4,3.7,"36",0.927710843373494,0.9879518072289156
"2025","Scherzer, Max","453286","Blue Jays","TOR","R","86.3","329","1390",8.580246913580247,0.23669064748201438,"SL","Slider",32.8,-35.1,-2.4,"-7",3.9,3.7,4.8,-1.1,"-22",0.22044728434504793,0.3738019169329074
"2025","Ferguson, Caleb","657571","Mariners","SEA","L","94","329","1042",6.432098765432099,0.31573896353166986,"FF","4-Seam Fastball",15.4,-14.9,-0.5,"-3",15.6,4.9,-7.3,-2.4,"-33",0.40503432494279173,0.21967963386727687
"2025","Boyle, Joe","671212","Rays","TB","R","90.8","328","934",5.765432098765432,0.3511777301927195,"SL","Slider",30.6,-30.2,0.4,"1",2.2,3.5,3.4,0.1,"3",0.5527156549520766,0.5782747603833865
"2025","Henriquez, Ronny","678692","Marlins","MIA","R","85.4","328","1158",7.148148148148148,0.28324697754749567,"ST","Sweeper",36.7,-37.3,-0.6,"-2",1.2,13,13.1,-0.1,"-1",0.38953488372093026,0.5
"2025","Senzatela, Antonio","622608","Rockies","COL","R","80.3","328","2284",14.098765432098766,0.1436077057793345,"CU","Curveball",47.7,-53.7,-6,"-11",-5.6,5.6,7.9,-2.3,"-29",0.07860262008733625,0.2314410480349345
"2025","Buttó, José","676130","Giants","SF","R","86.5","328","1095",6.7592592592592595,0.29954337899543376,"SL","Slider",36.8,-35,1.8,"5",-0.4,2.9,4.8,-1.9,"-40",0.7028753993610224,0.2268370607028754
"2025","Glasnow, Tyler","607192","Dodgers","LAD","R","89.3","327","1480",9.135802469135802,0.22094594594594594,"SL","Slider",34.2,-32.1,2.1,"7",-0.1,3.1,3.4,-0.3,"-9",0.7348242811501597,0.5079872204472844
"2025","Olson, Reese","681857","Tigers","DET","R","94.4","327","1159",7.154320987654321,0.28213977566867987,"SI","Sinker",20.2,-22.7,-2.5,"-11",10.7,15.6,-15.3,0.3,"2",0.28104575163398693,0.565359477124183
"2025","Buehler, Walker","621111","Phillies","PHI","R","87.5","327","2189",13.512345679012345,0.14938328003654636,"SL","Slider",31.8,-33.8,-1.9,"-6",3.7,8.3,4.4,3.9,"89",0.26198083067092653,0.9265175718849841
"2025","Enns, Dietrich","608650","Orioles","BAL","L","94","327","741",4.574074074074074,0.44129554655870445,"FF","4-Seam Fastball",13.4,-14.4,1,"7",17.7,5.6,-6.7,-1.1,"-16",0.7459954233409611,0.34324942791762014
"2025","Ashcraft, Braxton","677952","Pirates","PIT","R","97","327","1102",6.802469135802469,0.2967332123411978,"FF","4-Seam Fastball",13.4,-13,-0.3,"-2",15.7,7.3,-7,0.3,"5",0.4645308924485126,0.4919908466819222
"2025","Bummer, Aaron","607481","Braves","ATL","L","81","326","932",5.753086419753086,0.3497854077253219,"CU","Curveball",50.2,-50.7,-0.4,"-1",-8.4,12.8,10.3,2.5,"25",0.4017467248908297,0.7685589519650655
"2025","Skenes, Paul","694973","Pirates","PIT","R","88.7","326","2997",18.5,0.10877544210877545,"CH","Changeup",29.6,-31,-1.5,"-5",5.4,16.6,-14.6,2,"13",0.34210526315789475,0.849624060150376
"2025","Wilson, Steven","621051","White Sox","CWS","R","93.9","325","974",6.012345679012346,0.3336755646817248,"FF","4-Seam Fastball",12.4,-14.7,2.3,"16",18.9,6.2,-7.1,-0.9,"-13",0.931350114416476,0.37757437070938216
"2025","Bergert, Ryan","686701","Royals","KC","R","87.4","325","1312",8.098765432098766,0.24771341463414634,"SL","Slider",32,-33.7,-1.8,"-5",3.6,3.8,4,-0.1,"-4",0.28434504792332266,0.5399361022364217
"2025","Glasnow, Tyler","607192","Dodgers","LAD","R","82","324","1480",9.135802469135802,0.21891891891891893,"CU","Curveball",57.1,-51.8,5.3,"10",-16,4.8,7,-2.2,"-31",0.9082969432314411,0.25327510917030566
"2025","Bummer, Aaron","607481","Braves","ATL","L","90.8","324","932",5.753086419753086,0.34763948497854075,"SI","Sinker",31.9,-27.1,4.8,"18",1.2,14.5,-15.7,-1.2,"-8",0.9575163398692811,0.22875816993464052
"2025","Zeferjahn, Ryan","666171","Angels","LAA","R","97.4","324","1029",6.351851851851852,0.31486880466472306,"FF","4-Seam Fastball",13.2,-13.2,0,"0",15.8,4.7,-7.7,-3,"-39",0.5148741418764302,0.15560640732265446
"2025","Cannon, Jonathan","686563","White Sox","CWS","R","93.8","324","1793",11.067901234567902,0.18070273284997213,"FF","4-Seam Fastball",16.3,-15.1,-1.2,"-8",15,8.8,-7.4,1.4,"19",0.2974828375286041,0.6681922196796338
"2025","Latz, Jacob","656641","Rangers","TEX","L","84.7","324","1388",8.567901234567902,0.2334293948126801,"CH","Changeup",28.5,-32.8,-4.3,"-13",9.9,14.6,-14.1,0.5,"3",0.07894736842105263,0.5639097744360902
"2025","Montero, Keider","672456","Tigers","DET","R","84.1","323","1473",9.092592592592593,0.21928038017651053,"SL","Slider",36.7,-37.2,-0.5,"-1",2.1,10.4,5.3,5.1,"97",0.44089456869009586,0.9456869009584664
"2025","Armstrong, Shawn","542888","Rangers","TEX","R","93.5","323","1117",6.895061728395062,0.2891674127126231,"FF","4-Seam Fastball",15.6,-15.1,-0.5,"-3",15.7,5.4,-7.4,-2,"-27",0.40503432494279173,0.2471395881006865
"2025","Cleavinger, Garrett","664076","Rays","TB","L","96.3","323","874",5.395061728395062,0.3695652173913043,"SI","Sinker",20.3,-23.8,-3.4,"-14",9.1,16.2,-16.3,-0.2,"-1",0.16993464052287582,0.42810457516339867
"2025","Stewart, Brock","592779","Dodgers","LAD","R","96.2","322","610",3.765432098765432,0.5278688524590164,"FF","4-Seam Fastball",15.1,-14.8,-0.4,"-2",14.4,5.7,-8.9,-3.1,"-35",0.4302059496567506,0.14187643020594964
"2025","Cruz, Steven","674444","Royals","KC","R","98.2","322","642",3.962962962962963,0.5015576323987538,"FF","4-Seam Fastball",13.5,-13.1,-0.4,"-3",15,9.8,-8.2,1.6,"19",0.4302059496567506,0.6887871853546911
"2025","Graceffo, Gordon","700669","Cardinals","STL","R","95.7","322","756",4.666666666666667,0.42592592592592593,"FF","4-Seam Fastball",13.9,-13.7,-0.2,"-1",16,5.2,-7.1,-1.8,"-26",0.482837528604119,0.2585812356979405
"2025","Yates, Kirby","489446","Dodgers","LAD","R","85.9","322","762",4.703703703703703,0.4225721784776903,"FS","Split-Finger",37,-35.3,1.6,"5",0.1,12.2,-12,0.2,"2",0.6867469879518072,0.5301204819277109
"2025","Leiter Jr., Mark","643410","Yankees","NYY","R","93.7","322","832",5.135802469135802,0.3870192307692308,"SI","Sinker",17.7,-22.6,-4.9,"-22",13.5,13.8,-15.1,-1.3,"-8",0.06535947712418301,0.20915032679738563
"2025","Bird, Jake","656234","Yankees","NYY","R","94.4","322","957",5.907407407407407,0.33646812957157785,"SI","Sinker",30.2,-25.3,4.9,"19",0.2,11.3,-16.4,-5.1,"-31",0.9640522875816994,0.02287581699346405
"2025","Estévez, Carlos","608032","Royals","KC","R","87.3","322","1043",6.438271604938271,0.3087248322147651,"SL","Slider",32.7,-33.9,-1.2,"-3",3,5.4,3.8,1.6,"43",0.34824281150159747,0.7891373801916933
"2025","Parker, Mitchell","680730","Nationals","WSH","L","85","322","2705",16.69753086419753,0.11903881700554529,"SL","Slider",35.2,-36.1,-0.9,"-3",2.6,4.6,4.2,0.4,"10",0.3801916932907348,0.6325878594249201
"2025","De los Santos, Yerry","660787","Yankees","NYY","R","95.5","322","590",3.6419753086419755,0.5457627118644067,"SI","Sinker",21.8,-21.3,0.4,"2",8.3,17.3,-15.1,2.2,"15",0.6372549019607843,0.9477124183006536
"2025","Ross, Joe","605452","Phillies","PHI","R","94.2","321","862",5.320987654320987,0.3723897911832947,"FF","4-Seam Fastball",19.7,-14.6,-5.1,"-35",11.1,3.1,-7.3,-4.2,"-58",0.018306636155606407,0.08009153318077804
"2025","Leiter, Jack","683004","Rangers","TEX","R","96.4","321","2583",15.944444444444445,0.12427409988385599,"SI","Sinker",14.8,-21.4,-6.6,"-31",14.9,14,-15.4,-1.4,"-9",0.013071895424836602,0.20261437908496732
"2025","Wentz, Joey","666214","Braves","ATL","L","79.2","321","1815",11.203703703703704,0.1768595041322314,"CU","Curveball",50.9,-54.7,-3.8,"-7",-7.3,5.6,7.4,-1.8,"-24",0.1703056768558952,0.29694323144104806
"2025","Festa, Matt","670036","Guardians","CLE","R","92.1","320","817",5.04320987654321,0.39167686658506734,"FF","4-Seam Fastball",20.4,-18,-2.4,"-13",11.6,0.6,-9.8,-10.4,"-106",0.13501144164759726,0
"2025","Romero, JoJo","668941","Cardinals","STL","L","93.7","319","990",6.111111111111111,0.32222222222222224,"SI","Sinker",28.6,-26.7,1.9,"7",2.7,17.5,-16.6,0.9,"5",0.7941176470588235,0.7124183006535948
"2025","Fisher, Braydon","680755","Blue Jays","TOR","R","87.8","319","833",5.1419753086419755,0.382953181272509,"SL","Slider",32.9,-33.1,-0.2,"-1",2.4,2.2,3.2,-1,"-31",0.4728434504792332,0.3929712460063898
"2025","Henry, Cole","669371","Nationals","WSH","R","80.8","318","967",5.969135802469136,0.32885211995863495,"CU","Curveball",41.5,-50.1,-8.6,"-17",0.5,14.4,11.1,3.2,"29",0.013100436681222707,0.834061135371179
"2025","Lynch IV, Daniel","663738","Royals","KC","L","86.8","318","1088",6.716049382716049,0.2922794117647059,"SL","Slider",32.6,-34.4,-1.9,"-5",3.6,1.9,4.3,-2.5,"-57",0.26198083067092653,0.1597444089456869
"2025","Freeland, Kyle","607536","Rockies","COL","L","83.6","318","2481",15.314814814814815,0.12817412333736397,"ST","Sweeper",42.5,-38.3,4.1,"11",-3.2,9.6,13.5,-3.9,"-29",0.9127906976744186,0.06395348837209303
"2025","Erceg, Lucas","668674","Royals","KC","R","97.5","318","963",5.944444444444445,0.3302180685358255,"FF","4-Seam Fastball",14.6,-12.9,-1.7,"-13",14.2,10.5,-7.4,3.1,"42",0.21052631578947367,0.851258581235698
"2025","McGreevy, Michael","700241","Cardinals","STL","R","91.8","318","1465",9.04320987654321,0.21706484641638224,"SI","Sinker",28.1,-23.9,4.2,"18",4.3,13.8,-14.9,-1.1,"-8",0.934640522875817,0.24509803921568626
"2025","Strahm, Matt","621381","Phillies","PHI","L","82.6","317","993",6.12962962962963,0.3192346424974824,"SL","Slider",36.2,-38.7,-2.5,"-7",4.3,6.4,6.8,-0.4,"-5",0.20766773162939298,0.48881789137380194
"2025","Seymour, Ian","693855","Rays","TB","L","91.6","317","995",6.1419753086419755,0.3185929648241206,"FF","4-Seam Fastball",15.3,-16.1,0.8,"5",17.3,6.2,-7.3,-1.1,"-15",0.6933638443935927,0.34324942791762014
"2025","Fermin, José","820862","Angels","LAA","R","89.6","317","645",3.9814814814814814,0.49147286821705427,"SL","Slider",32.3,-31.2,1.2,"4",1.7,0.2,2.9,-3.2,"-108",0.65814696485623,0.0926517571884984
"2025","Kershaw, Clayton","477132","Dodgers","LAD","L","72.3","317","1770",10.925925925925926,0.1790960451977401,"CU","Curveball",67,-65.5,1.5,"2",-14.4,3.9,9.4,-5.5,"-58",0.5807860262008734,0.034934497816593885
"2025","King, Bryan","687911","Astros","HOU","L","80.1","316","1046",6.45679012345679,0.30210325047801145,"ST","Sweeper",40.2,-41.2,-0.9,"-2",2.9,16.9,14.5,2.4,"17",0.3488372093023256,0.8313953488372093
"2025","Quintana, Jose","500779","Brewers","MIL","L","78.2","316","2174",13.419753086419753,0.1453541858325667,"CU","Curveball",50.7,-55,-4.2,"-8",-6.1,6,10.1,-4.1,"-41",0.13100436681222707,0.09606986899563319
"2025","Roupp, Landen","694738","Giants","SF","R","86.6","316","1851",11.425925925925926,0.17071853052404107,"CH","Changeup",38.9,-33.6,5.2,"16",-2.3,16,-14.6,1.4,"9",0.9624060150375939,0.7706766917293233
"2025","Ferguson, Tyler","621053","Athletics","ATH","R","83.7","316","990",6.111111111111111,0.3191919191919192,"ST","Sweeper",38.2,-38.9,-0.7,"-2",1.2,11,13.3,-2.3,"-17",0.37790697674418605,0.16279069767441862
"2025","Ryan, Joe","657746","Twins","MIN","R","87.6","315","2795",17.253086419753085,0.11270125223613596,"FS","Split-Finger",34.6,-34.6,0,"0",1.3,15.2,-12.4,2.8,"23",0.5301204819277109,0.927710843373494
"2025","Hernández, Daysbel","678226","Braves","ATL","R","97.7","315","717",4.425925925925926,0.4393305439330544,"FF","4-Seam Fastball",12.7,-13.4,0.7,"5",16.1,8.8,-7.9,0.9,"12",0.6681922196796338,0.5926773455377574
"2025","Allen, Logan","671106","Guardians","CLE","L","85.6","315","2709",16.72222222222222,0.11627906976744186,"FC","Cutter",30.8,-29.8,-1,"-3",6.4,4.3,2.7,1.6,"61",0.36065573770491804,0.7814207650273224
"2025","Rolison, Ryan","669020","Rockies","COL","L","92.9","315","676",4.172839506172839,0.46597633136094674,"FF","4-Seam Fastball",19.4,-15.3,-4.1,"-27",12,0.9,-7.2,-6.3,"-88",0.038901601830663615,0.02517162471395881
"2025","Seymour, Ian","693855","Rays","TB","L","83.6","315","995",6.1419753086419755,0.3165829145728643,"CH","Changeup",30.2,-32.9,-2.7,"-8",8.9,15,-13.9,1.2,"8",0.21052631578947367,0.7142857142857143
"2025","Wacha, Michael","608379","Royals","KC","R","84.8","315","2665",16.450617283950617,0.11819887429643527,"SL","Slider",33.7,-36.3,-2.5,"-7",4.1,4.1,3.9,0.2,"4",0.20766773162939298,0.6006389776357828
"2025","Ryan, Joe","657746","Twins","MIN","R","93.3","314","2795",17.253086419753085,0.11234347048300537,"SI","Sinker",23.3,-26.8,-3.6,"-13",8.3,16.7,-16.5,0.2,"1",0.14705882352941177,0.5228758169934641
"2025","Blewett, Scott","656240","Orioles","BAL","R","84","314","711",4.388888888888889,0.44163150492264414,"SL","Slider",39.5,-37,2.4,"7",-0.6,2.3,4.1,-1.9,"-45",0.7763578274760383,0.2268370607028754
"2025","Finnegan, Kyle","640448","Tigers","DET","R","87.4","314","846",5.222222222222222,0.37115839243498816,"FS","Split-Finger",32.2,-32.8,-0.6,"-2",3.6,9,-11.7,-2.7,"-23",0.39759036144578314,0.1566265060240964
"2025","Hodge, Porter","687863","Cubs","CHC","R","96","314","624",3.8518518518518516,0.5032051282051282,"FF","4-Seam Fastball",14.7,-13.5,-1.2,"-9",15,0.3,-7.4,-7.1,"-96",0.2974828375286041,0.011441647597254004
"2025","Weaver, Luke","596133","Yankees","NYY","R","88.1","313","1049",6.4753086419753085,0.29837940896091514,"CH","Changeup",27.9,-31.7,-3.8,"-12",7.4,14.4,-14.8,-0.4,"-3",0.11654135338345864,0.38721804511278196
"2025","Bachar, Lake","669199","Marlins","MIA","R","86.5","313","1143",7.055555555555555,0.27384076990376205,"ST","Sweeper",36.8,-36.7,0.1,"0",0.1,11.5,12.3,-0.8,"-7",0.46511627906976744,0.36046511627906974
"2025","Gordon, Tanner","685299","Rockies","COL","R","84.2","312","1244",7.679012345679013,0.2508038585209003,"SL","Slider",36.4,-37.2,-0.8,"-2",2.1,1.5,4.8,-3.3,"-69",0.38977635782747605,0.07348242811501597
"2025","Festa, Matt","670036","Guardians","CLE","R","83.1","312","817",5.04320987654321,0.3818849449204406,"ST","Sweeper",39.2,-38.5,0.7,"2",0.6,15.6,13.8,1.8,"13",0.5465116279069767,0.7441860465116279
"2025","Wrobleski, Justin","680736","Dodgers","LAD","L","96","312","1092",6.7407407407407405,0.2857142857142857,"FF","4-Seam Fastball",13.5,-15.8,2.3,"15",16.2,7.2,-10.2,-3,"-29",0.931350114416476,0.15560640732265446
"2025","Abel, Mick","690953","Twins","MIN","R","96.4","311","720",4.444444444444445,0.43194444444444446,"FF","4-Seam Fastball",13.4,-13.8,0.4,"3",16.1,8.4,-7.8,0.6,"8",0.6109839816933639,0.5377574370709383
"2025","Canning, Griffin","656288","Mets","NYM","R","89.5","311","1343",8.290123456790123,0.2315711094564408,"CH","Changeup",32.9,-31,1.9,"6",1.5,15,-15.2,-0.2,"-1",0.7218045112781954,0.41729323308270677
"2025","Boyd, Matthew","571510","Cubs","CHC","L","73.5","311","2746",16.950617283950617,0.11325564457392572,"CU","Curveball",59.4,-62.3,-2.9,"-5",-8.5,11,11.4,-0.4,"-3",0.23580786026200873,0.4759825327510917
"2025","Baz, Shane","669358","Rays","TB","R","89.3","311","2718",16.77777777777778,0.1144223693892568,"CH","Changeup",25.4,-30.4,-5,"-16",8.9,16.7,-14.7,2.1,"14",0.041353383458646614,0.8721804511278195
"2025","Evans, Logan","688138","Mariners","SEA","R","84.1","310","1338",8.25925925925926,0.23168908819133036,"ST","Sweeper",39.2,-38.7,0.5,"1",-0.3,14.5,13.1,1.4,"11",0.5232558139534884,0.7093023255813954
"2025","Sasaki, Roki","808963","Dodgers","LAD","R","96.1","310","621",3.8333333333333335,0.499194847020934,"FF","4-Seam Fastball",15.4,-13,-2.4,"-19",14.3,10.5,-6.8,3.8,"55",0.13501144164759726,0.9084668192219679
"2025","Elder, Bryce","693821","Braves","ATL","R","92.8","310","2514",15.518518518518519,0.12330946698488465,"FF","4-Seam Fastball",16.4,-14.9,-1.4,"-10",15.3,3.6,-6.7,-3.1,"-46",0.2562929061784897,0.14187643020594964
"2025","Cameron, Noah","702070","Royals","KC","L","84.2","309","2164",13.358024691358025,0.14279112754158965,"SL","Slider",39.5,-37.1,2.4,"6",-1.2,3,4.1,-1.2,"-28",0.7763578274760383,0.34824281150159747
"2025","Rodón, Carlos","607074","Yankees","NYY","L","91.9","309","3212",19.82716049382716,0.09620174346201743,"SI","Sinker",26.2,-23.2,3,"13",6.3,14.6,-14.5,0.1,"1",0.8823529411764706,0.5032679738562091
"2025","Peralta, Luis","678821","Rockies","COL","L","94.6","308","436",2.691358024691358,0.7064220183486238,"FF","4-Seam Fastball",17.2,-16.5,-0.6,"-4",13.3,12.2,-9.8,2.5,"25",,
"2025","Sugano, Tomoyuki","608372","Orioles","BAL","R","88.2","308","2565",15.833333333333334,0.12007797270955166,"FC","Cutter",29.4,-27.5,-2,"-7",5.8,1.6,2.5,-0.9,"-37",0.20765027322404372,0.3224043715846995
"2025","Hamilton, Ian","641656","Yankees","NYY","R","94.8","307","641",3.95679012345679,0.4789391575663027,"SI","Sinker",22.2,-23.3,-1.1,"-5",8.4,16.9,-15.8,1.1,"7",0.4411764705882353,0.7745098039215687
"2025","Povich, Cade","700249","Orioles","BAL","L","83.7","307","1971",12.166666666666666,0.15575849822425164,"CH","Changeup",35.4,-32.9,2.5,"7",4,10.5,-13.9,-3.4,"-25",0.793233082706767,0.06766917293233082
"2025","Baker, Bryan","641329","Rays","TB","R","85.1","307","1102",6.802469135802469,0.27858439201451907,"CH","Changeup",29.9,-30.5,-0.7,"-2",8,14.4,-13.4,1.1,"8",0.424812030075188,0.6729323308270677
"2025","Yamamoto, Yoshinobu","808967","Dodgers","LAD","R","91.1","307","2789",17.21604938271605,0.11007529580494801,"FC","Cutter",24.9,-24.4,-0.5,"-2",7.8,3.5,1.4,2.1,"143",0.453551912568306,0.8524590163934426
"2025","Cantillo, Joey","676282","Guardians","CLE","L","77.3","307","1637",10.104938271604938,0.18753817959682345,"CU","Curveball",64.6,-55.9,8.7,"16",-18,8.2,9.1,-0.9,"-10",0.9956331877729258,0.4148471615720524
"2025","Rea, Colin","607067","Cubs","CHC","R","87.4","306","2533",15.635802469135802,0.12080536912751678,"FS","Split-Finger",36.1,-32.7,3.3,"10",-0.2,13.3,-11.8,1.5,"13",0.8554216867469879,0.7951807228915663
"2025","Fisher, Braydon","680755","Blue Jays","TOR","R","82.9","305","833",5.1419753086419755,0.36614645858343337,"CU","Curveball",54.9,-49.7,5.1,"10",-14.8,5,6.2,-1.2,"-19",0.8908296943231441,0.3537117903930131
"2025","Glasnow, Tyler","607192","Dodgers","LAD","R","95.9","305","1480",9.135802469135802,0.20608108108108109,"SI","Sinker",15.8,-18.5,-2.7,"-14",13.9,10.9,-13.9,-3,"-22",0.2647058823529412,0.06535947712418301
"2025","Paddack, Chris","663978","Tigers","DET","R","78.2","304","2565",15.833333333333334,0.11851851851851852,"CU","Curveball",58.1,-56,2.1,"4",-13,5.5,8.4,-2.9,"-34",0.6506550218340611,0.17467248908296942
"2025","Akin, Keegan","669211","Orioles","BAL","L","85.6","304","1058",6.530864197530864,0.28733459357277885,"SL","Slider",34.4,-36.4,-1.9,"-5",2.9,3.6,4.7,-1.1,"-24",0.26198083067092653,0.3738019169329074
"2025","Sands, Cole","663485","Twins","MIN","R","95","304","1143",7.055555555555555,0.2659667541557305,"FF","4-Seam Fastball",16.7,-15.5,-1.2,"-8",13.7,11.3,-8.9,2.4,"26",0.2974828375286041,0.7803203661327232
"2025","Chapman, Aroldis","547973","Red Sox","BOS","L","99.4","303","917",5.660493827160494,0.33042529989094876,"SI","Sinker",10.8,-15.8,-4.9,"-31",17,11.1,-13.8,-2.6,"-19",0.06535947712418301,0.08496732026143791
"2025","Fermin, José","820862","Angels","LAA","R","96.8","303","645",3.9814814814814814,0.4697674418604651,"FF","4-Seam Fastball",12,-13.2,1.2,"9",17.4,8.7,-7,1.7,"25",0.7917620137299771,0.7048054919908466
"2025","Holmes, Grant","656550","Braves","ATL","R","83.4","303","1964",12.123456790123457,0.15427698574338086,"CU","Curveball",49.4,-49,0.4,"1",-10.1,4.5,7.2,-2.7,"-37",0.4672489082969432,0.20087336244541484
"2025","Mey, Luis","682825","Reds","CIN","R","98.9","302","414",2.5555555555555554,0.7294685990338164,"SI","Sinker",20.9,-20.1,0.8,"4",7.3,14.5,-15.2,-0.7,"-5",,
"2025","Nelson, Ryne","669194","D-backs","AZ","R","90.5","302","2466",15.222222222222221,0.12246553122465531,"FC","Cutter",26.3,-24.9,-1.4,"-6",6.9,2.4,2.4,0,"1",0.2896174863387978,0.5409836065573771
"2025","Lucchesi, Joey","664192","Giants","SF","L","92.5","301","632",3.9012345679012346,0.4762658227848101,"SI","Sinker",22,-23.9,-1.9,"-8",10.1,14.5,-15.1,-0.6,"-4",0.35947712418300654,0.35294117647058826
"2025","Luzardo, Jesús","666200","Phillies","PHI","L","95.8","301","3013",18.598765432098766,0.09990043146365749,"SI","Sinker",21.9,-22.3,-0.3,"-2",8.1,17.1,-15.7,1.4,"9",0.5359477124183006,0.8529411764705882
"2025","Olson, Reese","681857","Tigers","DET","R","87.7","300","1159",7.154320987654321,0.25884383088869717,"CH","Changeup",35.4,-31.2,4.2,"14",0.3,14.8,-14.6,0.3,"2",0.924812030075188,0.5338345864661654
"2025","Burrows, Mike","681347","Pirates","PIT","R","87.3","300","1537",9.487654320987655,0.1951854261548471,"SL","Slider",32.8,-33.8,-1,"-3",3,3.6,3.9,-0.2,"-6",0.3706070287539936,0.5271565495207667
"2025","Nelson, Ryne","669194","D-backs","AZ","R","86.3","299","2466",15.222222222222221,0.12124898621248986,"SL","Slider",36,-34.7,1.3,"4",0.5,5.2,4.1,1.2,"29",0.6677316293929713,0.7476038338658147
"2025","Taillon, Jameson","592791","Cubs","CHC","R","80.2","299","1979",12.216049382716049,0.1510864072764022,"ST","Sweeper",43.4,-42.1,1.3,"3",-0.7,15.9,14.9,1,"7",0.627906976744186,0.6453488372093024
"2025","Molina, Anthony","683627","Rockies","COL","R","95.6","299","608",3.753086419753086,0.4917763157894737,"FF","4-Seam Fastball",14.7,-13.8,-0.9,"-7",15,7.3,-7,0.3,"5",0.34096109839816935,0.4919908466819222
"2025","Houck, Tanner","656557","Red Sox","BOS","R","94.5","298","749",4.6234567901234565,0.3978638184245661,"SI","Sinker",30.4,-23.6,6.8,"29",0.5,17,-15.8,1.2,"8",0.9934640522875817,0.8104575163398693
"2025","Singer, Brady","663903","Reds","CIN","R","91.3","298","2850",17.59259259259259,0.10456140350877192,"FF","4-Seam Fastball",18.3,-17.8,-0.4,"-2",14.5,6.3,-8.7,-2.4,"-27",0.4302059496567506,0.21967963386727687
"2025","Woodruff, Brandon","605540","Brewers","MIL","R","92.9","298","964",5.950617283950617,0.3091286307053942,"SI","Sinker",17.9,-22.9,-5,"-22",13.8,12.9,-14.8,-1.9,"-13",0.058823529411764705,0.12745098039215685
"2025","Weissert, Greg","669711","Red Sox","BOS","R","93.9","297","1069",6.598765432098766,0.2778297474275023,"SI","Sinker",28.5,-26.5,1.9,"7",2.8,16.9,-16.6,0.3,"2",0.7941176470588235,0.565359477124183
"2025","Holmes, Grant","656550","Braves","ATL","R","92.1","297","1964",12.123456790123457,0.15122199592668026,"FC","Cutter",21.5,-23.6,2.1,"9",10.5,0.2,1.5,-1.7,"-114",0.819672131147541,0.1912568306010929
"2025","Megill, Tylor","656731","Mets","NYM","R","83.8","297","1234",7.617283950617284,0.2406807131280389,"SL","Slider",44.9,-37.3,7.6,"20",-5.7,5.7,4.3,1.4,"33",0.9904153354632588,0.7667731629392971
"2025","King, Michael","650633","Padres","SD","R","93.7","297","1219",7.5246913580246915,0.24364232977850697,"FF","4-Seam Fastball",14.8,-15.5,0.7,"5",16.7,7.5,-7.9,-0.5,"-6",0.6681922196796338,0.41647597254004576
"2025","Megill, Trevor","656730","Brewers","MIL","R","87.6","297","753",4.648148148148148,0.3944223107569721,"CU","Curveball",42.1,-42.6,-0.6,"-1",-6.4,3.2,4.2,-1.1,"-25",0.3799126637554585,0.37554585152838427
"2025","Schreiber, John","670167","Royals","KC","R","82.4","296","1047",6.462962962962963,0.282712511938873,"ST","Sweeper",39.8,-37.9,1.9,"5",0.7,15.2,13.6,1.6,"12",0.7267441860465116,0.7267441860465116
"2025","Holmes, Clay","605280","Mets","NYM","R","85.3","296","2764",17.061728395061728,0.10709117221418235,"SL","Slider",41.7,-35.8,5.9,"17",-4.2,1.9,3.7,-1.7,"-47",0.9616613418530351,0.268370607028754
"2025","Woodruff, Brandon","605540","Brewers","MIL","R","93.1","296","964",5.950617283950617,0.3070539419087137,"FF","4-Seam Fastball",14.1,-15.1,1.1,"7",17.6,3.4,-7.1,-3.7,"-52",0.7574370709382151,0.09610983981693363
"2025","deGrom, Jacob","594798","Rangers","TEX","R","89.8","295","2614",16.135802469135804,0.11285386381025249,"CH","Changeup",31.9,-30.5,1.5,"5",2.1,13.9,-14.7,-0.8,"-6",0.6691729323308271,0.3007518796992481
"2025","Sousa, Bennett","656986","Astros","HOU","L","95.1","295","728",4.493827160493828,0.4052197802197802,"FF","4-Seam Fastball",13.5,-13.8,0.3,"2",17,3.6,-6.6,-3,"-46",0.5949656750572082,0.15560640732265446
"2025","Herrin, Tim","682120","Guardians","CLE","L","81.3","295","750",4.62962962962963,0.3933333333333333,"CU","Curveball",44.6,-51.8,-7.2,"-14",-3,10.9,8.2,2.7,"33",0.056768558951965066,0.777292576419214
"2025","Pilkington, Konnor","663455","Nationals","WSH","L","94.5","295","500",3.0864197530864197,0.59,"FF","4-Seam Fastball",16.2,-14.8,-1.4,"-10",14.6,12.1,-7.6,4.5,"59",0.2562929061784897,0.9473684210526315
"2025","Liberatore, Matthew","669461","Cardinals","STL","L","88.5","295","2386",14.728395061728396,0.12363788767812238,"CH","Changeup",25,-29.7,-4.7,"-16",10,15.1,-14.2,1,"7",0.05639097744360902,0.6578947368421053
"2025","García, Luis","472610","Angels","LAA","R","82.8","294","896",5.530864197530864,0.328125,"ST","Sweeper",36.8,-39.5,-2.7,"-7",3.1,12,13.8,-1.8,"-13",0.1744186046511628,0.2441860465116279
"2025","Curtiss, John","595928","D-backs","AZ","R","94.3","293","545",3.3641975308641974,0.5376146788990825,"FF","4-Seam Fastball",13.5,-14,0.5,"4",17.5,7.4,-6.5,0.9,"14",0.6270022883295194,0.5926773455377574
"2025","Civale, Aaron","650644","Cubs","CHC","R","92.3","293","1747",10.783950617283951,0.16771608471665714,"SI","Sinker",20.4,-24.7,-4.2,"-17",11.7,14.4,-15.2,-0.8,"-5",0.10784313725490197,0.30718954248366015
"2025","Montero, Keider","672456","Tigers","DET","R","93.7","293","1473",9.092592592592593,0.19891378139850646,"SI","Sinker",21,-23,-2,"-9",10.3,15.3,-15.2,0.1,"1",0.34967320261437906,0.5032679738562091
"2025","Ortiz, Luis","682847","Guardians","CLE","R","95.5","293","1501",9.265432098765432,0.19520319786808793,"SI","Sinker",27.1,-24.9,2.3,"9",3,16.6,-16.5,0,"0",0.826797385620915,0.477124183006536
"2025","Rocker, Kumar","677958","Rangers","TEX","R","95.6","293","1127",6.95679012345679,0.25998225377107365,"SI","Sinker",23.9,-21.9,2,"9",6.2,16.7,-15.4,1.3,"8",0.8071895424836601,0.8300653594771242
"2025","Houser, Adrian","605288","Rays","TB","R","88.1","292","1892",11.679012345679013,0.1543340380549683,"SL","Slider",30.5,-33,-2.6,"-8",4.5,2.5,4.1,-1.5,"-37",0.19488817891373802,0.2939297124600639
"2025","Ohtani, Shohei","660271","Dodgers","LAD","R","98.4","292","753",4.648148148148148,0.38778220451527223,"FF","4-Seam Fastball",13.7,-13,-0.7,"-6",14.5,5.3,-8.2,-2.9,"-36",0.36384439359267734,0.16475972540045766
"2025","Morillo, Juan","666661","D-backs","AZ","R","99","292","617",3.808641975308642,0.473257698541329,"FF","4-Seam Fastball",11.5,-12.8,1.3,"10",16.5,5.4,-8.3,-2.9,"-35",0.8146453089244852,0.16475972540045766
"2025","Alexander, Tyler","641302","White Sox","CWS","L","90.5","291","1585",9.783950617283951,0.18359621451104102,"SI","Sinker",24.1,-26.3,-2.2,"-8",9.3,16.1,-15.3,0.8,"5",0.3202614379084967,0.6830065359477124
"2025","Peralta, Freddy","642547","Brewers","MIL","R","83.7","291","3086",19.049382716049383,0.09429682436811407,"SL","Slider",33.7,-37.5,-3.8,"-10",5.6,5.4,5.9,-0.5,"-8",0.09584664536741214,0.4792332268370607
"2025","Birdsong, Hayden","806185","Giants","SF","R","88.9","291","1194",7.37037037037037,0.24371859296482412,"SL","Slider",27.3,-31.6,-4.3,"-14",7.1,1.9,3.3,-1.4,"-42",0.06070287539936102,0.31309904153354634
"2025","Hancock, Emerson","676106","Mariners","SEA","R","86.5","291","1423",8.783950617283951,0.2044975404075896,"CH","Changeup",35.4,-33.4,2,"6",1.4,16.2,-14.8,1.3,"9",0.7293233082706767,0.7443609022556391
"2025","Montgomery, Mason","682254","Rays","TB","L","89.7","290","859",5.302469135802469,0.33760186263096625,"SL","Slider",32.1,-31.3,0.7,"2",1.8,0.8,3.8,-3,"-78",0.5718849840255591,0.10223642172523961
"2025","Coulombe, Danny","543056","Rangers","TEX","L","85.2","290","719",4.438271604938271,0.40333796940194716,"FC","Cutter",35,-29.7,-5.2,"-18",2.6,5.3,3.2,2.1,"64",0.03825136612021858,0.8524590163934426
"2025","Latz, Jacob","656641","Rangers","TEX","L","84.4","290","1388",8.567901234567902,0.20893371757925072,"SL","Slider",37.4,-36.7,0.7,"2",1,5.2,4.6,0.6,"13",0.5718849840255591,0.6517571884984026
"2025","Alvarado, José","621237","Phillies","PHI","L","99.1","290","457",2.8209876543209877,0.6345733041575492,"SI","Sinker",15.1,-16,-0.9,"-6",13,15,-13.5,1.5,"11",,
"2025","Santana, Dennis","642701","Pirates","PIT","R","94.7","290","1002",6.185185185185185,0.2894211576846307,"FF","4-Seam Fastball",16.2,-15,-1.2,"-8",14.4,10.9,-7.9,3,"38",0.2974828375286041,0.8443935926773455
"2025","Dodd, Dylan","689266","Braves","ATL","L","86.9","289","536",3.308641975308642,0.539179104477612,"FC","Cutter",30.8,-29,-1.8,"-6",5.4,1.5,2.7,-4.2,"-153",0.24043715846994534,0.01639344262295082
"2025","Gore, MacKenzie","669022","Nationals","WSH","L","86.2","289","2818",17.395061728395063,0.10255500354861603,"CH","Changeup",28.6,-33.3,-4.7,"-14",8.3,14,-14.6,-0.5,"-4",0.05639097744360902,0.35714285714285715
"2025","Pfaadt, Brandon","694297","D-backs","AZ","R","82.1","289","2918",18.012345679012345,0.09904043865661412,"CU","Curveball",49,-50.4,-1.4,"-3",-8.2,10.7,8.6,2.1,"24",0.32751091703056767,0.7030567685589519
"2025","Miller, Bryce","682243","Mariners","SEA","R","83.9","289","1542",9.518518518518519,0.1874189364461738,"FS","Split-Finger",37.4,-35.1,2.3,"6",1.6,10.5,-12,-1.5,"-13",0.7831325301204819,0.3132530120481928
"2025","Taillon, Jameson","592791","Cubs","CHC","R","85.8","289","1979",12.216049382716049,0.146033350176857,"FC","Cutter",28.8,-30.4,1.6,"5",8.1,6.4,3.4,3,"88",0.7377049180327869,0.9726775956284153
"2025","Houser, Adrian","605288","Rays","TB","R","85.8","289","1892",11.679012345679013,0.15274841437632136,"CH","Changeup",32.5,-33,-0.5,"-1",4.6,15.7,-14.5,1.3,"9",0.4398496240601504,0.7443609022556391
"2025","Skenes, Paul","694973","Pirates","PIT","R","97.6","288","2997",18.5,0.0960960960960961,"SI","Sinker",22.6,-21.1,1.5,"7",6.2,17.6,-15.4,2.3,"15",0.7516339869281046,0.9640522875816994
"2025","Parker, Mitchell","680730","Nationals","WSH","L","85.4","288","2705",16.69753086419753,0.10646950092421442,"FS","Split-Finger",28.5,-33.2,-4.7,"-14",9,6.8,-9.6,-2.9,"-30",0.08433734939759036,0.14457831325301204
"2025","Cabrera, Edward","665795","Marlins","MIA","R","97","287","2252",13.901234567901234,0.12744227353463589,"FF","4-Seam Fastball",14.6,-13.2,-1.4,"-11",14.6,10.8,-7.3,3.5,"48",0.2562929061784897,0.88558352402746
"2025","McGreevy, Michael","700241","Cardinals","STL","R","83.7","287","1465",9.04320987654321,0.19590443686006825,"ST","Sweeper",39.2,-38.2,0.9,"2",0.1,12.9,13.5,-0.6,"-4",0.5813953488372093,0.38953488372093026
"2025","Anderson, Grant","681982","Brewers","MIL","R","93.2","287","1158",7.148148148148148,0.24784110535405873,"SI","Sinker",31.4,-28.2,3.2,"11",0.3,17.8,-16.9,0.9,"5",0.8888888888888888,0.7124183006535948
"2025","Estrada, Jeremiah","669093","Padres","SD","R","83.7","287","1236",7.62962962962963,0.23220064724919093,"FS","Split-Finger",29,-35.2,-6.2,"-18",10.1,10.9,-10.1,0.8,"8",0.03614457831325301,0.6867469879518072
"2025","Topa, Justin","623437","Twins","MIN","R","82.9","287","979",6.04320987654321,0.2931562819203269,"ST","Sweeper",36.1,-38,-1.9,"-5",3.9,13.5,14.3,-0.8,"-6",0.2616279069767442,0.36046511627906974
"2025","Weathers, Ryan","677960","Marlins","MIA","L","96.9","286","642",3.962962962962963,0.4454828660436137,"FF","4-Seam Fastball",13.3,-14.1,0.8,"6",16,9.3,-8.2,1.1,"14",0.6933638443935927,0.6247139588100686
"2025","Brown, McCade","685326","Rockies","COL","R","94.3","286","501",3.0925925925925926,0.5708582834331337,"SI","Sinker",17.9,-21.8,-3.9,"-18",12.9,11.3,-15,-3.7,"-25",0.12745098039215685,0.0457516339869281
"2025","Rocker, Kumar","677958","Rangers","TEX","R","90.1","286","1127",6.95679012345679,0.25377107364685003,"FC","Cutter",28.5,-25.6,-2.9,"-11",5.3,1.3,2.1,-0.8,"-39",0.13114754098360656,0.3442622950819672
"2025","Mize, Casey","663554","Tigers","DET","R","94.7","286","2353",14.524691358024691,0.12154696132596685,"SI","Sinker",17,-21.6,-4.6,"-21",13.5,14.1,-14.9,-0.9,"-6",0.08496732026143791,0.28104575163398693
"2025","Lorenzen, Michael","547179","Royals","KC","R","85.1","285","2318",14.308641975308642,0.12295081967213115,"SL","Slider",37.8,-36.5,1.2,"3",0,2.9,5,-2.1,"-41",0.65814696485623,0.19808306709265175
"2025","Wacha, Michael","608379","Royals","KC","R","93.2","285","2665",16.450617283950617,0.10694183864915573,"SI","Sinker",16.4,-21.1,-4.6,"-22",15.1,12.8,-14.1,-1.3,"-9",0.08496732026143791,0.20915032679738563
"2025","Fitts, Richard","690916","Red Sox","BOS","R","95.9","285","735",4.537037037037037,0.3877551020408163,"FF","4-Seam Fastball",12.9,-13.6,0.7,"5",17,2.4,-7.1,-4.7,"-66",0.6681922196796338,0.059496567505720827
"2025","Mikolas, Miles","571945","Cardinals","STL","R","85.9","285","2480",15.308641975308642,0.11491935483870967,"CH","Changeup",30.3,-30.8,-0.5,"-2",6.8,14.6,-13.7,0.9,"7",0.4398496240601504,0.6353383458646616
"2025","Schwellenbach, Spencer","680885","Braves","ATL","R","87","285","1573",9.709876543209877,0.18118245390972665,"SL","Slider",38.3,-34.1,4.1,"12",-2.2,2.5,4.2,-1.7,"-40",0.9169329073482428,0.268370607028754
"2025","Erceg, Lucas","668674","Royals","KC","R","85","283","963",5.944444444444445,0.29387331256490135,"SL","Slider",39.3,-36.2,3.1,"9",-1.4,0.2,4.5,-4.3,"-96",0.853035143769968,0.01597444089456869
"2025","Misiorowski, Jacob","694819","Brewers","MIL","R","94.1","283","1164",7.185185185185185,0.24312714776632302,"SL","Slider",24.4,-24.9,-0.5,"-2",6.4,2.6,2.6,0,"-1",0.44089456869009586,0.5623003194888179
"2025","Blanco, Ronel","669854","Astros","HOU","R","93.2","283","793",4.895061728395062,0.35687263556116017,"FF","4-Seam Fastball",13,-14.7,1.6,"11",18.8,6.7,-6.8,-0.1,"-1",0.8581235697940504,0.4462242562929062
"2025","McCullers Jr., Lance","621121","Astros","HOU","R","91.5","283","1147",7.080246913580247,0.24673060156931126,"SI","Sinker",28.6,-27.1,1.5,"6",4.3,12.7,-15.8,-3.1,"-20",0.7516339869281046,0.06209150326797386
"2025","Martinez, Nick","607259","Reds","CIN","R","79.8","283","2577",15.907407407407407,0.10981761738455569,"CU","Curveball",59.8,-54.4,5.4,"10",-16.5,2,8.7,-6.6,"-77",0.9170305676855895,0.004366812227074236
"2025","Buehler, Walker","621111","Phillies","PHI","R","77.4","282","2189",13.512345679012345,0.12882594792142532,"CU","Curveball",61,-55.6,5.4,"10",-14.7,11.3,10.6,0.7,"6",0.9170305676855895,0.5633187772925764
"2025","Leahy, Kyle","681517","Cardinals","STL","R","91.1","282","1350",8.333333333333334,0.2088888888888889,"SL","Slider",27.9,-29.7,-1.9,"-6",5,4.6,3.6,1,"27",0.26198083067092653,0.7124600638977636
"2025","Pérez, Martín","527048","White Sox","CWS","L","89.5","281","902",5.567901234567901,0.311529933481153,"SI","Sinker",24.5,-26.3,-1.8,"-7",9.6,15.8,-14.9,0.9,"6",0.3758169934640523,0.7124183006535948
"2025","Fedde, Erick","607200","Brewers","MIL","R","87.6","281","2369",14.623456790123457,0.11861544955677501,"CH","Changeup",33,-31.4,1.6,"5",2.5,12.2,-14.4,-2.2,"-15",0.6879699248120301,0.14285714285714285
"2025","Nola, Aaron","605400","Phillies","PHI","R","90.7","281","1568",9.679012345679013,0.17920918367346939,"SI","Sinker",24.4,-26.9,-2.5,"-9",9,17.7,-15.8,1.8,"12",0.28104575163398693,0.9117647058823529
"2025","Morgan, David","688158","Padres","SD","R","97.9","281","766",4.728395061728395,0.3668407310704961,"FF","4-Seam Fastball",13.2,-14.5,1.3,"9",15.5,7.7,-9.4,-1.7,"-18",0.8146453089244852,0.2745995423340961
"2025","Smith, Shane","681343","White Sox","CWS","R","95.7","281","2419",14.932098765432098,0.11616370400992146,"SI","Sinker",20.3,-21.3,-1,"-5",9.6,15.8,-15.1,0.6,"4",0.45098039215686275,0.6209150326797386
"2025","Kinley, Tyler","641755","Braves","ATL","R","95.1","280","1225",7.561728395061729,0.22857142857142856,"FF","4-Seam Fastball",15.5,-14.2,-1.3,"-9",14.5,2.4,-7,-4.6,"-66",0.26773455377574373,0.06407322654462243
"2025","Festa, David","701581","Twins","MIN","R","94.1","280","882",5.444444444444445,0.31746031746031744,"FF","4-Seam Fastball",12.7,-14,1.3,"9",18.3,3,-6.7,-3.7,"-56",0.8146453089244852,0.09610983981693363
"2025","Kolek, Stephen","663568","Royals","KC","R","85.4","280","1689",10.425925925925926,0.16577856719952636,"SL","Slider",37.8,-36,1.8,"5",-0.4,2.8,5.9,-3.1,"-53",0.7028753993610224,0.09584664536741214
"2025","Vásquez, Randy","681190","Padres","SD","R","82.1","279","2148",13.25925925925926,0.12988826815642457,"ST","Sweeper",36.2,-40.2,-4.1,"-10",4.6,12.7,14,-1.3,"-9",0.06395348837209303,0.29069767441860467
"2025","Burke, Brock","656271","Angels","LAA","L","87.9","279","1014",6.2592592592592595,0.27514792899408286,"SL","Slider",30.4,-33,-2.6,"-8",5.1,1.1,3.8,-4.8,"-128",0.19488817891373802,0.003194888178913738
"2025","Long, Sam","669674","Royals","KC","L","93.2","279","786",4.851851851851852,0.3549618320610687,"FF","4-Seam Fastball",15.3,-15.4,0.1,"1",16.2,6.9,-7.5,-0.7,"-9",0.5469107551487414,0.39816933638443935
"2025","Waldrep, Hurston","694462","Braves","ATL","R","86.8","279","862",5.320987654320987,0.3236658932714617,"FS","Split-Finger",34.3,-32.2,2.1,"7",2,6.3,-11,-4.7,"-43",0.7590361445783133,0.03614457831325301
"2025","Junis, Jakob","596001","Guardians","CLE","R","91.1","278","1032",6.37037037037037,0.2693798449612403,"SI","Sinker",27.4,-25.9,1.6,"6",5.8,14.8,-15.4,-0.5,"-3",0.7679738562091504,0.3758169934640523
"2025","Lord, Brad","695418","Nationals","WSH","R","85.9","278","2127",13.12962962962963,0.1307005171603197,"CH","Changeup",31.7,-34.1,-2.3,"-7",5.6,17.8,-15.4,2.4,"16",0.2593984962406015,0.9022556390977443
"2025","Blubaugh, AJ","805123","Astros","HOU","R","94.6","278","507",3.1296296296296298,0.5483234714003945,"FF","4-Seam Fastball",13.1,-14.2,1.1,"8",17.8,11.7,-7.1,4.6,"65",0.7574370709382151,0.954233409610984
"2025","Vásquez, Randy","681190","Padres","SD","R","81.2","277","2148",13.25925925925926,0.12895716945996274,"CU","Curveball",48.1,-52.1,-4,"-8",-6.5,12.3,8.3,4.1,"49",0.14847161572052403,0.8995633187772926
"2025","Flexen, Chris","623167","Cubs","CHC","R","92.4","277","673",4.154320987654321,0.4115898959881129,"FF","4-Seam Fastball",14.4,-14.5,0.1,"1",17.7,2.2,-6.4,-4.2,"-66",0.5469107551487414,0.08009153318077804
"2025","Sands, Cole","663485","Twins","MIN","R","89.4","276","1143",7.055555555555555,0.24146981627296588,"FC","Cutter",26.2,-25.6,-0.6,"-2",7.8,2.1,1.5,0.5,"33",0.4207650273224044,0.6338797814207651
"2025","Garrett, Reed","657585","Mets","NYM","R","92.5","276","979",6.04320987654321,0.2819203268641471,"FC","Cutter",24.5,-23.3,-1.2,"-5",7.3,3,1.3,1.7,"134",0.30601092896174864,0.8032786885245902
"2025","Zeferjahn, Ryan","666171","Angels","LAA","R","83.9","276","1029",6.351851851851852,0.26822157434402333,"ST","Sweeper",36,-38.4,-2.3,"-6",3.1,15.3,13.3,1.9,"14",0.21511627906976744,0.7616279069767442
"2025","Singer, Brady","663903","Reds","CIN","R","87.4","276","2850",17.59259259259259,0.0968421052631579,"FC","Cutter",28.1,-28.2,0.1,"0",7.6,1.7,2.2,-0.5,"-24",0.5355191256830601,0.43169398907103823
"2025","Kochanowicz, Jack","686799","Angels","LAA","R","87.3","275","1858",11.469135802469136,0.1480086114101184,"SL","Slider",36.7,-33.9,2.8,"8",-0.7,3.3,4,-0.7,"-18",0.8306709265175719,0.4440894568690096
"2025","Woo, Bryan","693433","Mariners","SEA","R","88.5","275","2714",16.753086419753085,0.10132645541635962,"SL","Slider",29.8,-32.6,-2.8,"-9",5,2.9,4.2,-1.3,"-31",0.1757188498402556,0.329073482428115
"2025","Warren, Will","701542","Yankees","NYY","R","87","275","2802",17.296296296296298,0.09814418272662384,"CH","Changeup",35.7,-32.1,3.6,"11",0.6,14.6,-14.4,0.2,"1",0.8796992481203008,0.5075187969924813
"2025","Garcia, Robert","676395","Rangers","TEX","L","88.9","275","972",6,0.2829218106995885,"CH","Changeup",33.3,-30.9,2.4,"8",1.7,16.5,-14.7,1.8,"12",0.7631578947368421,0.8270676691729323
"2025","Baker, Bryan","641329","Rays","TB","R","88.5","275","1102",6.802469135802469,0.24954627949183303,"SL","Slider",29.7,-31.7,-2,"-6",5,6.9,3.2,3.7,"114",0.2523961661341853,0.9201277955271565
"2025","Casparius, Ben","676508","Dodgers","LAD","R","92.1","275","1262",7.790123456790123,0.2179080824088748,"FC","Cutter",25.1,-23.8,-1.2,"-5",7,5.4,1.8,3.7,"210",0.30601092896174864,0.9836065573770492
"2025","Kittredge, Andrew","552640","Cubs","CHC","R","95.2","274","768",4.7407407407407405,0.3567708333333333,"SI","Sinker",20.9,-21.6,-0.7,"-3",9.4,15.5,-15.1,0.5,"3",0.48366013071895425,0.6045751633986928
"2025","Kelly, Merrill","518876","Rangers","TEX","R","81.7","274","2833",17.487654320987655,0.09671726085421814,"CU","Curveball",51.1,-50.7,0.4,"1",-10,8.4,9.4,-1,"-10",0.4672489082969432,0.40611353711790393
"2025","Ashby, Aaron","676879","Brewers","MIL","L","82.2","273","1033",6.3765432098765435,0.26427879961277834,"CU","Curveball",58.2,-51,7.1,"14",-17.2,8,6.6,1.4,"21",0.9912663755458515,0.6375545851528385
"2025","Jobe, Jackson","695549","Tigers","DET","R","96.5","273","877",5.41358024691358,0.3112884834663626,"FF","4-Seam Fastball",11.8,-14.1,2.3,"17",17.8,7.5,-7.9,-0.4,"-5",0.931350114416476,0.4233409610983982
"2025","Richardson, Lyon","680689","Reds","CIN","R","86.6","273","674",4.160493827160494,0.4050445103857567,"CH","Changeup",34.3,-33.1,1.2,"4",2.3,15.7,-15.1,0.6,"4",0.6390977443609023,0.5902255639097744
"2025","Backhus, Kyle","679775","D-backs","AZ","L","91","273","430",2.654320987654321,0.6348837209302326,"SI","Sinker",31.1,-31.1,0,"0",2.1,18.3,-17.2,1.2,"7",,
"2025","Wilson, Justin","458677","Red Sox","BOS","L","88","272","816",5.037037037037037,0.3333333333333333,"SL","Slider",32.4,-32.8,-0.4,"-1",2.9,2.1,3.4,-1.3,"-38",0.45686900958466453,0.329073482428115
"2025","Taillon, Jameson","592791","Cubs","CHC","R","79.6","272","1979",12.216049382716049,0.1374431531076301,"CU","Curveball",52.8,-54.2,-1.4,"-3",-9.4,9.4,7.8,1.6,"21",0.32751091703056767,0.6593886462882096
"2025","Speier, Gabe","642100","Mariners","SEA","L","94.4","272","921",5.685185185185185,0.2953311617806732,"SI","Sinker",23.5,-24.6,-1.1,"-5",7.3,17.5,-16.1,1.4,"8",0.4411764705882353,0.8529411764705882
"2025","Vest, Will","676684","Tigers","DET","R","88.7","271","1137",7.018518518518518,0.23834652594547054,"SL","Slider",35.3,-32.7,2.6,"8",-0.4,5.1,4,1.1,"29",0.8019169329073482,0.731629392971246
"2025","Alexander, Tyler","641302","White Sox","CWS","L","86.9","271","1585",9.783950617283951,0.17097791798107256,"FC","Cutter",26.6,-28.6,2,"7",9.4,1.3,2.4,-1.2,"-47",0.7923497267759563,0.25136612021857924
"2025","Barlow, Scott","605130","Reds","CIN","R","92.3","271","1272",7.851851851851852,0.2130503144654088,"FF","4-Seam Fastball",19.7,-17.4,-2.3,"-13",12.3,3.6,-8.9,-5.3,"-60",0.15102974828375287,0.041189931350114416
"2025","Wrobleski, Justin","680736","Dodgers","LAD","L","87.8","271","1092",6.7407407407407405,0.24816849816849818,"SL","Slider",35.3,-34.4,0.9,"3",0.1,3.3,3.2,0.2,"5",0.6198083067092651,0.6006389776357828
"2025","Civale, Aaron","650644","Cubs","CHC","R","92.1","271","1747",10.783950617283951,0.1551230681167716,"FF","4-Seam Fastball",14.6,-15.6,1,"7",17.9,7.4,-7,0.4,"6",0.7459954233409611,0.5102974828375286
"2025","Ramírez, Yohan","670990","Pirates","PIT","R","96.4","271","604",3.728395061728395,0.44867549668874174,"FF","4-Seam Fastball",16,-14.7,-1.3,"-9",13.5,10.5,-9.2,1.3,"14",0.26773455377574373,0.6521739130434783
"2025","Iglesias, Raisel","628452","Braves","ATL","R","88.8","271","964",5.950617283950617,0.28112033195020747,"CH","Changeup",30.3,-31.4,-1.2,"-4",4.5,15.8,-14.9,0.9,"6",0.37218045112781956,0.6353383458646616
"2025","Cannon, Jonathan","686563","White Sox","CWS","R","81.6","271","1793",11.067901234567902,0.15114333519241493,"ST","Sweeper",38.7,-40.6,-1.9,"-5",2.6,15.1,14.2,0.9,"6",0.2616279069767442,0.6337209302325582
"2025","Loáisiga, Jonathan","642528","Yankees","NYY","R","96.8","270","467",2.882716049382716,0.5781584582441114,"SI","Sinker",22.4,-22.2,0.2,"1",6.9,17.3,-15.8,1.5,"10",,
"2025","Beck, Tristan","663941","Giants","SF","R","94.7","270","817",5.04320987654321,0.33047735618115054,"FF","4-Seam Fastball",15,-14.1,-0.9,"-6",15.7,9.7,-7,2.7,"38",0.34096109839816935,0.8100686498855835
"2025","Henriquez, Ronny","678692","Marlins","MIA","R","87.7","270","1158",7.148148148148148,0.23316062176165803,"SL","Slider",31,-33.7,-2.7,"-8",4.7,3.9,4.6,-0.6,"-14",0.1853035143769968,0.4536741214057508
"2025","Armstrong, Shawn","542888","Rangers","TEX","R","90.8","269","1117",6.895061728395062,0.24082363473589974,"FC","Cutter",23.5,-24.6,1.1,"5",9.6,4.3,2.1,2.1,"102",0.6666666666666666,0.8524590163934426
"2025","Woo, Bryan","693433","Mariners","SEA","R","85.1","269","2714",16.753086419753085,0.0991156963890936,"ST","Sweeper",34,-37.5,-3.5,"-9",4,10.6,13.3,-2.7,"-20",0.0872093023255814,0.13953488372093023
"2025","Nelson, Ryne","669194","D-backs","AZ","R","80","269","2466",15.222222222222221,0.10908353609083536,"CU","Curveball",51.2,-53.7,-2.6,"-5",-8.4,7.8,7.7,0,"1",0.2576419213973799,0.4978165938864629
"2025","Jobe, Jackson","695549","Tigers","DET","R","88.9","268","877",5.41358024691358,0.3055872291904219,"SL","Slider",32.8,-32.5,0.3,"1",1.6,6,3.3,2.6,"79",0.5303514376996805,0.8690095846645367
"2025","Gage, Matt","657424","Giants","SF","L","85.4","268","531",3.2777777777777777,0.504708097928437,"SL","Slider",36.6,-35.6,0.9,"3",0.7,5.1,4,1.1,"27",0.6198083067092651,0.731629392971246
"2025","Perkins, Jack","678022","Athletics","ATH","R","96","268","637",3.932098765432099,0.4207221350078493,"FF","4-Seam Fastball",15.7,-15,-0.7,"-5",14.2,11.5,-8.9,2.6,"29",0.36384439359267734,0.7986270022883295
"2025","Smith, Shane","681343","White Sox","CWS","R","89.5","268","2419",14.932098765432098,0.1107895824720959,"SL","Slider",30.4,-31.6,-1.2,"-4",3.7,2.5,3.7,-1.3,"-34",0.34824281150159747,0.329073482428115
"2025","Hoffman, Jeff","656546","Blue Jays","TOR","R","89.9","268","1127",6.95679012345679,0.2377994676131322,"FS","Split-Finger",29.6,-30.8,-1.2,"-4",4.4,15.5,-12.2,3.3,"27",0.3373493975903614,0.963855421686747
"2025","Falter, Bailey","663559","Royals","KC","L","92.1","267","1951",12.04320987654321,0.13685289595079447,"SI","Sinker",14.3,-23,-8.7,"-38",18.1,7.6,-14.7,-7.1,"-48",0.0032679738562091504,0.006535947712418301
"2025","Jackson, Luke","592426","Mariners","SEA","R","94.2","267","782",4.827160493827161,0.3414322250639386,"FF","4-Seam Fastball",12.8,-13.8,1,"7",18.3,6.2,-6.2,0,"0",0.7459954233409611,0.4668192219679634
"2025","López, Pablo","641154","Twins","MIN","R","84.9","267","1258",7.765432098765432,0.212241653418124,"ST","Sweeper",38.2,-36.8,1.4,"4",0,12.4,13.1,-0.6,"-5",0.6569767441860465,0.38953488372093026
"2025","López, Pablo","641154","Twins","MIN","R","87.4","267","1258",7.765432098765432,0.212241653418124,"CH","Changeup",33.4,-32.4,1,"3",2.7,14.9,-14.5,0.5,"3",0.6203007518796992,0.5639097744360902
"2025","Bachar, Lake","669199","Marlins","MIA","R","89.2","266","1143",7.055555555555555,0.2327209098862642,"SL","Slider",32.8,-32.2,0.6,"2",1.6,2.3,3.4,-1.2,"-34",0.5591054313099042,0.34824281150159747
"2025","Hicks, Jordan","663855","Red Sox","BOS","R","82.5","266","1199",7.401234567901234,0.22185154295246037,"ST","Sweeper",38.3,-39.2,-0.9,"-2",2.1,10.7,13.9,-3.2,"-23",0.3488372093023256,0.09883720930232558
"2025","Santillan, Tony","663574","Reds","CIN","R","86.1","265","1230",7.592592592592593,0.21544715447154472,"SV","Slurve",42.8,-42.7,0.1,"0",-5.7,10.7,10.9,-0.2,"-2",0.8,0.6
"2025","Falter, Bailey","663559","Royals","KC","L","78","265","1951",12.04320987654321,0.13582778062532036,"CU","Curveball",47,-55.2,-8.2,"-15",-2.1,3.7,9.2,-5.6,"-60",0.021834061135371178,0.03056768558951965
"2025","Houck, Tanner","656557","Red Sox","BOS","R","83.5","265","749",4.6234567901234565,0.3538050734312417,"ST","Sweeper",41.7,-38.7,3,"8",-2.2,14.2,13.7,0.5,"4",0.8081395348837209,0.5755813953488372
"2025","Vasil, Mike","678024","White Sox","CWS","R","81.7","265","1646",10.160493827160494,0.16099635479951396,"ST","Sweeper",44.8,-40.7,4,"10",-3.5,16.5,14.2,2.3,"16",0.9011627906976745,0.8197674418604651
"2025","Burns, Chase","695505","Reds","CIN","R","90.7","265","764",4.716049382716049,0.3468586387434555,"SL","Slider",32.1,-29.7,2.4,"8",1.2,5,3,2,"65",0.7763578274760383,0.8210862619808307
"2025","Ferrer, Jose A.","678606","Nationals","WSH","L","87.8","265","1208",7.45679012345679,0.21937086092715233,"CH","Changeup",35.2,-31.4,3.8,"12",0.6,18,-14.7,3.3,"22",0.9022556390977443,0.9699248120300752
"2025","Gilbert, Tyler","656457","White Sox","CWS","L","89.8","265","839",5.179012345679013,0.31585220500595945,"SI","Sinker",30.7,-29.1,1.6,"6",3.4,17.5,-15.8,1.7,"11",0.7679738562091504,0.8986928104575164
"2025","Rutledge, Jackson","671131","Nationals","WSH","R","95.6","264","1339",8.265432098765432,0.19716206123973115,"FF","4-Seam Fastball",14.8,-13.8,-0.9,"-7",15.3,10.7,-7,3.6,"52",0.34096109839816935,0.8924485125858124
"2025","Thompson, Ryan","657044","D-backs","AZ","R","78","264","650",4.012345679012346,0.40615384615384614,"SL","Slider",36.6,-36.8,-0.2,"-1",8.9,13.9,14,-0.1,"-1",0.4728434504792332,0.5399361022364217
"2025","Melton, Troy","675512","Tigers","DET","R","97.1","264","656",4.049382716049383,0.4024390243902439,"FF","4-Seam Fastball",14.1,-13.8,-0.3,"-2",14.9,6.7,-8.4,-1.7,"-20",0.4645308924485126,0.2745995423340961
"2025","Gusto, Ryan","687473","Marlins","MIA","R","80.3","263","1760",10.864197530864198,0.1494318181818182,"CU","Curveball",56.2,-52.8,3.4,"6",-13.2,8.4,8.8,-0.4,"-5",0.7947598253275109,0.4759825327510917
"2025","Martinez, Nick","607259","Reds","CIN","R","84.9","263","2577",15.907407407407407,0.10205665502522313,"SL","Slider",36,-36.6,-0.6,"-2",1.8,0.6,4.4,-3.8,"-86",0.4281150159744409,0.04472843450479233
"2025","Elder, Bryce","693821","Braves","ATL","R","86.6","263","2514",15.518518518518519,0.10461416070007955,"CH","Changeup",31.7,-30.3,1.3,"4",4.7,11.8,-13.5,-1.6,"-12",0.6466165413533834,0.20676691729323307
"2025","Armstrong, Shawn","542888","Rangers","TEX","R","94.1","263","1117",6.895061728395062,0.23545210384959714,"SI","Sinker",20.2,-22.6,-2.3,"-10",10.9,15.4,-15.2,0.2,"2",0.3137254901960784,0.5228758169934641
"2025","Banks, Tanner","621383","Phillies","PHI","L","82.1","263","1084",6.691358024691358,0.24261992619926198,"ST","Sweeper",38.1,-41.5,-3.4,"-8",3,12.7,13.8,-1.1,"-8",0.09302325581395349,0.3313953488372093
"2025","Yarbrough, Ryan","642232","Yankees","NYY","L","83.2","263","1017",6.277777777777778,0.2586037364798427,"FC","Cutter",31.6,-32.2,0.6,"2",7.9,0.4,2.4,-2.1,"-85",0.6065573770491803,0.12568306010928962
"2025","Gordon, Tanner","685299","Rockies","COL","R","83.2","263","1244",7.679012345679013,0.21141479099678456,"CH","Changeup",32,-32.1,-0.1,"0",7.4,12.3,-13.5,-1.2,"-9",0.5150375939849624,0.24812030075187969
"2025","Bassitt, Chris","605135","Blue Jays","TOR","R","91.5","263","2829",17.462962962962962,0.0929657122658183,"FF","4-Seam Fastball",21.5,-17.3,-4.2,"-24",11.2,5.2,-8.4,-3.1,"-38",0.034324942791762014,0.14187643020594964
"2025","Gausman, Kevin","592332","Blue Jays","TOR","R","83.2","262","3030",18.703703703703702,0.08646864686468647,"SL","Slider",37.9,-37.9,0,"0",1.7,1.8,5.1,-3.3,"-65",0.5015974440894568,0.07348242811501597
"2025","Seymour, Carson","693313","Giants","SF","R","96.1","262","621",3.8333333333333335,0.4219001610305958,"SI","Sinker",23.7,-20.9,2.8,"13",6,15.2,-15,0.2,"1",0.8725490196078431,0.5228758169934641
"2025","Booser, Cam","592155","White Sox","CWS","L","95.5","262","571",3.5246913580246915,0.45884413309982486,"FF","4-Seam Fastball",14,-14.1,0,"0",16.1,7.3,-7.4,-0.1,"-1",0.5148741418764302,0.4462242562929062
"2025","Lorenzen, Michael","547179","Royals","KC","R","82.2","261","2318",14.308641975308642,0.11259706643658327,"CU","Curveball",52.7,-50.2,2.5,"5",-12.2,2.3,8.7,-6.4,"-73",0.7117903930131004,0.017467248908296942
"2025","Garcia, Robert","676395","Rangers","TEX","L","86.9","261","972",6,0.26851851851851855,"SL","Slider",33.2,-34.3,-1.1,"-3",3.1,3.8,4.4,-0.6,"-15",0.35782747603833864,0.4536741214057508
"2025","Pfaadt, Brandon","694297","D-backs","AZ","R","89.8","261","2918",18.012345679012345,0.0894448252227553,"FC","Cutter",26.9,-25.6,-1.3,"-5",6.8,2.2,1.8,0.4,"25",0.3005464480874317,0.6174863387978142
"2025","Kochanowicz, Jack","686799","Angels","LAA","R","89.9","261","1858",11.469135802469136,0.14047362755651238,"CH","Changeup",31.3,-29.9,1.4,"5",2.5,9.2,-14.7,-5.6,"-38",0.6578947368421053,0.015037593984962405
"2025","King, Michael","650633","Padres","SD","R","86.8","261","1219",7.5246913580246915,0.21410992616899097,"CH","Changeup",31.8,-33.4,-1.5,"-5",4.8,19.3,-14.8,4.5,"30",0.34210526315789475,0.9962406015037594
"2025","Armstrong, Shawn","542888","Rangers","TEX","R","85.1","261","1117",6.895061728395062,0.23366159355416294,"ST","Sweeper",28.1,-37.2,-9.1,"-24",9.9,12.4,12.9,-0.5,"-4",0,0.43023255813953487
"2025","Ryan, Joe","657746","Twins","MIN","R","87.8","261","2795",17.253086419753085,0.09338103756708407,"SL","Slider",28.8,-32.5,-3.8,"-12",6.7,0,3.9,-3.9,"-100",0.09584664536741214,0.038338658146964855
"2025","Phillips, Tyler","663969","Marlins","MIA","R","84.1","261","1114",6.8765432098765435,0.23429084380610413,"CU","Curveball",48.8,-49.3,-0.5,"-1",-10,3.8,6.7,-2.9,"-43",0.388646288209607,0.17467248908296942
"2025","Pérez, Martín","527048","White Sox","CWS","L","82.3","260","902",5.567901234567901,0.28824833702882485,"CH","Changeup",31.2,-34.5,-3.3,"-10",9.3,14.5,-14,0.5,"3",0.15413533834586465,0.5639097744360902
"2025","Gibson, Cade","806188","Marlins","MIA","L","78.8","260","908",5.604938271604938,0.28634361233480177,"CU","Curveball",61,-55.2,5.8,"11",-16.2,12.7,10,2.7,"27",0.9519650655021834,0.777292576419214
"2025","Schlittler, Cam","693645","Yankees","NYY","R","91.9","260","1253",7.734567901234568,0.20750199521149243,"FC","Cutter",27.4,-23.6,-3.8,"-16",4.8,7.4,2.2,5.2,"237",0.07650273224043716,1
"2025","Singer, Brady","663903","Reds","CIN","R","81.6","259","2850",17.59259259259259,0.09087719298245614,"ST","Sweeper",39.6,-39.1,0.4,"1",1.5,9.7,13.9,-4.2,"-30",0.5058139534883721,0.03488372093023256
"2025","Webb, Logan","657277","Giants","SF","R","91.1","259","3282",20.25925925925926,0.07891529555149299,"FC","Cutter",25.2,-24.2,-0.9,"-4",7.7,2,1,-2.9,"-308",0.3879781420765027,0.07650273224043716
"2025","Rea, Colin","607067","Cubs","CHC","R","85.2","258","2533",15.635802469135802,0.10185550730359258,"SL","Slider",39.5,-36,3.5,"10",-1.8,4,5,-1,"-19",0.8881789137380192,0.3929712460063898
"2025","Suter, Brent","608718","Reds","CIN","L","89.1","258","1116",6.888888888888889,0.23118279569892472,"SI","Sinker",21.9,-23.8,-1.9,"-8",12.6,11.5,-13.2,-1.7,"-13",0.35947712418300654,0.16013071895424835
"2025","Romano, Jordan","605447","Phillies","PHI","R","95.5","258","701",4.327160493827161,0.3680456490727532,"FF","4-Seam Fastball",12.3,-13.3,1,"8",17.9,7.3,-6.4,1,"15",0.7459954233409611,0.6132723112128147
"2025","Ogasawara, Shinnosuke","829272","Nationals","WSH","L","91.1","257","674",4.160493827160494,0.38130563798219586,"FF","4-Seam Fastball",16.7,-16.9,0.2,"1",16.4,6.9,-7.7,-0.7,"-10",0.562929061784897,0.39816933638443935
"2025","Suarez, Robert","663158","Padres","SD","R","90.5","257","1076",6.6419753086419755,0.23884758364312267,"CH","Changeup",25.8,-29.2,-3.4,"-12",7.8,17.1,-14.7,2.4,"16",0.14661654135338345,0.9022556390977443
"2025","Stroman, Marcus","573186","Yankees","NYY","R","89.8","257","704",4.345679012345679,0.3650568181818182,"SI","Sinker",30.2,-27.7,2.5,"9",3.6,10.7,-15.4,-4.7,"-30",0.8431372549019608,0.032679738562091505
"2025","Kolek, Stephen","663568","Royals","KC","R","90.5","257","1689",10.425925925925926,0.1521610420367081,"FC","Cutter",25.6,-25,-0.6,"-2",7.7,0,1.3,-1.3,"-99",0.4207650273224044,0.22950819672131148
"2025","Soriano, José","667755","Angels","LAA","R","92.3","256","2784",17.185185185185187,0.09195402298850575,"FS","Split-Finger",32.5,-29.4,3.1,"11",-0.5,10.3,-12.5,-2.1,"-17",0.8433734939759037,0.25301204819277107
"2025","Reynolds, Sean","669308","Padres","SD","R","96","256","494",3.049382716049383,0.5182186234817814,"FF","4-Seam Fastball",13.1,-12.6,-0.5,"-4",16.9,10.1,-5.8,4.4,"76",0.40503432494279173,0.9382151029748284
"2025","Francis, Bowden","670102","Blue Jays","TOR","R","82.2","256","1141",7.04320987654321,0.22436459246275198,"FS","Split-Finger",35.1,-36.5,-1.4,"-4",5.5,8.5,-9.1,-0.5,"-6",0.30120481927710846,0.43373493975903615
"2025","Webb, Logan","657277","Giants","SF","R","92.8","256","3282",20.25925925925926,0.07800121876904327,"FF","4-Seam Fastball",21,-17.5,-3.4,"-20",10.7,9,-9.7,-0.6,"-7",0.07322654462242563,0.4096109839816934
"2025","Blewett, Scott","656240","Orioles","BAL","R","93.4","256","711",4.388888888888889,0.360056258790436,"FF","4-Seam Fastball",16.7,-14.1,-2.6,"-18",14.7,5.3,-6.5,-1.1,"-17",0.11899313501144165,0.34324942791762014
"2025","Festa, David","701581","Twins","MIN","R","87.8","256","882",5.444444444444445,0.29024943310657597,"CH","Changeup",28.2,-31.3,-3.1,"-10",7.3,12.7,-14.4,-1.6,"-11",0.17669172932330826,0.20676691729323307
"2025","Harris, Hogan","663687","Athletics","ATH","L","73.5","256","1125",6.944444444444445,0.22755555555555557,"CU","Curveball",69.1,-63.5,5.7,"9",-17.4,8.3,10,-1.7,"-17",0.9475982532751092,0.31004366812227074
"2025","Scott, Tayler","605463","Astros","HOU","R","92","256","536",3.308641975308642,0.47761194029850745,"FF","4-Seam Fastball",22.3,-19.4,-3,"-15",10.3,14.5,-11.4,3.1,"27",0.08695652173913043,0.851258581235698
"2025","Liberatore, Matthew","669461","Cardinals","STL","L","94","255","2386",14.728395061728396,0.10687342833193629,"SI","Sinker",17,-20.7,-3.7,"-18",14,12.9,-14,-1.1,"-8",0.14052287581699346,0.24509803921568626
"2025","Miller, Bryce","682243","Mariners","SEA","R","94.5","255","1542",9.518518518518519,0.16536964980544747,"SI","Sinker",17.3,-22.7,-5.4,"-24",13.4,14.9,-15.4,-0.5,"-3",0.032679738562091505,0.3758169934640523
"2025","Gilbert, Tyler","656457","White Sox","CWS","L","81.1","254","839",5.179012345679013,0.30274135876042907,"ST","Sweeper",41.3,-39.1,2.2,"6",0.7,8.9,13.9,-5,"-36",0.7558139534883721,0.023255813953488372
"2025","Quintana, Jose","500779","Brewers","MIL","L","90.4","254","2174",13.419753086419753,0.11683532658693652,"FF","4-Seam Fastball",17.5,-17,-0.6,"-3",16,4.5,-7.3,-2.7,"-38",0.38443935926773454,0.1853546910755149
"2025","Leiter Jr., Mark","643410","Yankees","NYY","R","85.8","254","832",5.135802469135802,0.30528846153846156,"FS","Split-Finger",33.2,-33.4,-0.2,"-1",4.1,7.4,-11.1,-3.7,"-34",0.46987951807228917,0.07228915662650602
"2025","Alexander, Tyler","641302","White Sox","CWS","L","83.3","254","1585",9.783950617283951,0.16025236593059936,"CH","Changeup",37.1,-34.7,2.4,"7",2.5,14.5,-14.3,0.2,"1",0.7631578947368421,0.5075187969924813
"2025","Pérez, Martín","527048","White Sox","CWS","L","86","254","902",5.567901234567901,0.28159645232815966,"FC","Cutter",25.8,-29.5,3.7,"13",11.1,0.6,2.8,-2.2,"-78",0.9398907103825137,0.12021857923497267
"2025","Dobbins, Hunter","690928","Red Sox","BOS","R","87.6","254","931",5.746913580246914,0.2728249194414608,"SL","Slider",34.5,-33.4,1.1,"3",1,6.4,3.8,2.6,"67",0.6485623003194888,0.8690095846645367
"2025","Matz, Steven","571927","Red Sox","BOS","L","79.5","253","1159",7.154320987654321,0.2182916307161346,"CU","Curveball",54,-53.4,0.7,"1",-10.5,11,9.5,1.5,"16",0.4890829694323144,0.6506550218340611
"2025","Morton, Charlie","450203","Braves","ATL","R","87.5","253","2548",15.728395061728396,0.09929356357927786,"CH","Changeup",39.6,-32.8,6.7,"20",-3.7,13.7,-14.7,-1,"-7",0.9924812030075187,0.2669172932330827
"2025","Dana, Caden","702674","Angels","LAA","R","94.9","253","562",3.4691358024691357,0.4501779359430605,"FF","4-Seam Fastball",14.6,-14.2,-0.4,"-3",15.9,10.7,-7.1,3.6,"50",0.4302059496567506,0.8924485125858124
"2025","Holton, Tyler","663947","Tigers","DET","L","91.4","253","1158",7.148148148148148,0.21848013816925735,"SI","Sinker",23.1,-24.3,-1.2,"-5",9.6,15.7,-14.9,0.7,"5",0.43137254901960786,0.6470588235294118
"2025","Rea, Colin","607067","Cubs","CHC","R","93.1","253","2533",15.635802469135802,0.09988156336360048,"SI","Sinker",23.5,-23.7,-0.2,"-1",8.2,14.9,-15.3,-0.5,"-3",0.5555555555555556,0.3758169934640523
"2025","Kirby, George","669923","Mariners","SEA","R","84.4","253","2086",12.876543209876543,0.12128475551294343,"CU","Curveball",51.4,-48,3.4,"7",-12.7,9.5,7.4,2.1,"29",0.7947598253275109,0.7030567685589519
"2025","Lorenzen, Michael","547179","Royals","KC","R","90.2","253","2318",14.308641975308642,0.1091458153580673,"FC","Cutter",25.2,-25.2,0,"0",8.3,1.1,1.7,-2.8,"-167",0.5300546448087432,0.08743169398907104
"2025","Cease, Dylan","656302","Padres","SD","R","82.3","252","3044",18.790123456790123,0.08278580814717477,"CU","Curveball",56.5,-51.1,5.4,"11",-15.6,3.1,7.3,-4.3,"-58",0.9170305676855895,0.08296943231441048
"2025","Banda, Anthony","607455","Dodgers","LAD","L","95.8","252","1065",6.574074074074074,0.23661971830985915,"SI","Sinker",20,-22.5,-2.5,"-11",9.8,15.5,-15.7,-0.2,"-1",0.28104575163398693,0.42810457516339867
"2025","Rodriguez, Eduardo","593958","D-backs","AZ","L","91.5","252","2588",15.975308641975309,0.0973724884080371,"SI","Sinker",20.4,-23.7,-3.3,"-14",12.3,12,-14.7,-2.7,"-18",0.17973856209150327,0.0784313725490196
"2025","Beeter, Clayton","690925","Nationals","WSH","R","96.5","251","465",2.8703703703703702,0.5397849462365591,"FF","4-Seam Fastball",11.5,-13.9,2.4,"17",18,3.7,-7.6,-3.9,"-51",,
"2025","Suter, Brent","608718","Reds","CIN","L","76.7","251","1116",6.888888888888889,0.224910394265233,"CH","Changeup",35.3,-35.5,-0.3,"-1",11.4,10.9,-11.6,-0.7,"-6",0.4774436090225564,0.31203007518796994
"2025","Smith, Cade","671922","Guardians","CLE","R","87.6","251","1182",7.296296296296297,0.21235194585448391,"FS","Split-Finger",37.9,-32.2,5.7,"18",-2.1,8.2,-10.7,-2.5,"-24",0.9759036144578314,0.1686746987951807
"2025","Blanco, Ronel","669854","Astros","HOU","R","85.5","250","793",4.895061728395062,0.31525851197982346,"SL","Slider",31,-35.6,-4.6,"-13",6.4,2.9,4.3,-1.4,"-33",0.051118210862619806,0.31309904153354634
"2025","Olson, Reese","681857","Tigers","DET","R","84.3","250","1159",7.154320987654321,0.21570319240724764,"SL","Slider",42.1,-37.4,4.7,"13",-3.6,5,5.1,-0.1,"-2",0.939297124600639,0.5399361022364217
"2025","Gil, Luis","661563","Yankees","NYY","R","86.7","250","970",5.987654320987654,0.25773195876288657,"SL","Slider",30.6,-34.6,-3.9,"-11",5.9,7.9,4.3,3.6,"83",0.08626198083067092,0.9169329073482428
"2025","Ober, Bailey","641927","Twins","MIN","R","78.5","250","2356",14.54320987654321,0.10611205432937182,"ST","Sweeper",43.7,-43,0.7,"2",1,11.2,13.4,-2.3,"-17",0.5465116279069767,0.16279069767441862
"2025","Phillips, Tyler","663969","Marlins","MIA","R","84.5","250","1114",6.8765432098765435,0.2244165170556553,"ST","Sweeper",38,-37.8,0.2,"1",0.7,10,13.1,-3.1,"-23",0.4883720930232558,0.11046511627906977
"2025","Liberatore, Matthew","669461","Cardinals","STL","L","90.2","250","2386",14.728395061728396,0.10477787091366303,"FC","Cutter",22.7,-25.4,2.6,"10",10.6,2,2.8,-0.8,"-28",0.8633879781420765,0.3442622950819672
"2025","Mlodzinski, Carmen","669387","Pirates","PIT","R","87.6","250","1647",10.166666666666666,0.15179113539769276,"FS","Split-Finger",36.3,-33.9,2.5,"7",-0.7,10.1,-11.9,-1.8,"-15",0.7951807228915663,0.27710843373493976