"year","last_name, first_name","player_id","pitch_hand","api_pitch_type","n_pitches","release_speed","spin_rate","movement_inches","alan_active_spin_pct","active_spin","hawkeye_measured","movement_inferred","api_pitch_name","active_spin_formatted","hawkeye_measured_clock_minutes","movement_inferred_clock_minutes","diff_measured_inferred","diff2","diff_measured_inferred_minutes","hawkeye_measured_clock_hh","hawkeye_measured_clock_mm","movement_inferred_clock_hh","movement_inferred_clock_mm","diff_clock_hh","diff_clock_mm","hawkeye_measured_clock_label","movement_inferred_clock_label","diff_clock_label"
2025,"Beeks, Jalen",656222,"L","CH",345,"88.8",2134,"18.9",0.9184755313632152,0.9175968804317808,227.61308883386087,242.43388717683055,"Changeup",92,630,600,-14.820798342969681,14.820798342969688,30,10,30,10,0,0,30,"10:30","10:00","+0H 30M"
2025,"Sánchez, Cristopher",650911,"L","CH",1049,"86.3",2044,"18.1",0.8607588174244589,0.8460764734742273,251.49378882267428,278.98698496832884,"Changeup",85,570,525,-27.493196145654565,27.49319614565458,45,9,30,8,45,0,45,"9:30","8:45","+0H 45M"
2025,"Berríos, José",621244,"R","CH",433,"85.2",1555,"15.6",0.8420723699063017,0.9837408877855452,108.07903778083177,100.1553696706153,"Changeup",98,150,165,7.923668110216468,7.923668110216476,-15,2,30,2,45,0,15,"2:30","2:45","-0H 15M"
2025,"Boyd, Matthew",571510,"L","CH",648,"78.7",1818,"17",0.8287125984571313,0.9039694766128553,239.4021260113177,256.5606097044558,"Changeup",90,600,570,-17.158483693138123,17.158483693138166,30,10,0,9,30,0,30,"10:00","9:30","+0H 30M"
2025,"Alcantara, Sandy",645261,"R","CH",668,"90.4",2088,"18.8",0.9049808360881226,0.939522673495904,119.82324089321875,100.48584409984504,"Changeup",94,120,165,19.337396793373713,19.337396793373706,-45,2,0,2,45,0,45,"2:00","2:45","-0H 45M"
2025,"Pfaadt, Brandon",694297,"R","CH",456,"87.3",2115,"17.1",0.8300737124278538,0.8653820225694674,127.15071131670283,99.34737004502257,"Changeup",87,105,165,27.803341271680253,27.803341271680264,-60,1,45,2,45,1,0,"1:45","2:45","-1H 00M"
2025,"Springs, Jeffrey",605488,"L","CH",711,"79.1",1393,"14.4",0.7878191779170981,0.9580670919977292,233.91773260318132,248.71218056953512,"Changeup",96,615,585,-14.7944479663538,14.794447966353829,30,10,15,9,45,0,30,"10:15","9:45","+0H 30M"
2025,"King, Michael",650633,"R","CH",261,"86.8",2014,"20.5",0.9606129670289623,0.9667873586306451,113.40512231087666,99.2188088180502,"Changeup",97,135,165,14.186313492826457,14.186313492826448,-30,2,15,2,45,0,30,"2:15","2:45","-0H 30M"
2025,"Kikuchi, Yusei",579328,"L","CH",368,"85.6",1543,"15.5",0.8407654391761684,0.914922904322843,226.94623725666983,249.78865994478497,"Changeup",91,630,585,-22.842422688115136,22.842422688115153,45,10,30,9,45,0,45,"10:30","9:45","+0H 45M"
2025,"Castillo, Luis",622491,"R","CH",328,"87.2",1970,"18.7",0.8954607391180882,0.9187796956609041,100.82105885301345,83.1591341445559,"Changeup",92,165,195,17.661924708457548,17.661924708457548,-30,2,45,3,15,0,30,"2:45","3:15","-0H 30M"
2025,"Adam, Jason",592094,"R","CH",348,"88.2",2044,"17.1",0.8112667079825,0.7827956659363998,130.39273326340447,97.34022089192486,"Changeup",78,105,165,33.05251237147961,33.0525123714796,-60,1,45,2,45,1,0,"1:45","2:45","-1H 00M"
2025,"Kelly, Merrill",518876,"R","CH",717,"88.3",2157,"16",0.7691945804698367,0.7985643144755152,118.3028038712705,84.66080494646457,"Changeup",80,120,195,33.64199892480593,33.64199892480593,-75,2,0,3,15,1,15,"2:00","3:15","-1H 15M"
2025,"Olson, Reese",681857,"R","CH",269,"87.7",1960,"15.7",0.766560021473885,0.7424411072440071,117.3438271190912,85.92483121899166,"Changeup",74,120,195,31.418995900099546,31.41899590009956,-75,2,0,3,15,1,15,"2:00","3:15","-1H 15M"
2025,"Burrows, Mike",681347,"R","CH",365,"87.3",1510,"16.2",0.913234178785539,0.9736533466065869,125.86028146239751,114.7693631054139,"Changeup",97,105,135,11.090918356983607,11.090918356983611,-30,1,45,2,15,0,30,"1:45","2:15","-0H 30M"
2025,"Valdez, Framber",664285,"L","CH",425,"89.9",1711,"15.6",0.8230790773965485,0.7750733204686973,233.2238527362824,270.485134049969,"Changeup",78,615,540,-37.261281313686624,37.261281313686624,75,10,15,9,0,1,15,"10:15","9:00","+1H 15M"
2025,"Smith, Shane",681343,"R","CH",350,"90",1590,"15.4",0.8458492093015096,0.8507327755429486,121.18943835196879,91.88521606510378,"Changeup",85,120,180,29.304222286865013,29.304222286865027,-60,2,0,3,0,1,0,"2:00","3:00","-1H 00M"
2025,"Cameron, Noah",702070,"L","CH",400,"81.3",1513,"15.3",0.8337624995844244,0.982797450868904,218.94660185663759,229.1415100253219,"Changeup",98,645,615,-10.194908168684321,10.19490816868435,30,10,45,10,15,0,30,"10:45","10:15","+0H 30M"
2025,"Kahnle, Tommy",592454,"R","CH",863,"86.7",1282,"12.5",0.7631207021630918,0.9861549026648466,106.75688510182947,87.86879682244553,"Changeup",99,150,180,18.888088279383936,18.88808827938394,-30,2,30,3,0,0,30,"2:30","3:00","-0H 30M"
2025,"Baz, Shane",669358,"R","CH",309,"89.3",2114,"19.2",0.9133906867347238,0.9570831702349,126.95571868837766,113.84292830069711,"Changeup",96,105,135,13.112790387680548,13.112790387680544,-30,1,45,2,15,0,30,"1:45","2:15","-0H 30M"
2025,"Suárez, Ranger",624133,"L","CH",424,"79.5",1284,"12.5",0.7229683866469537,0.7049700081013626,240.44401907300602,263.7498496569073,"Changeup",70,600,555,-23.305830583901297,23.305830583901265,45,10,0,9,15,0,45,"10:00","9:15","+0H 45M"
2025,"Ray, Robbie",592662,"L","CH",396,"84.9",1650,"16",0.8289416997037286,0.9431878573227871,207.075169293428,228.34187322582542,"Changeup",94,660,630,-21.266703932397434,21.266703932397434,30,11,0,10,30,0,30,"11:00","10:30","+0H 30M"
2025,"Skubal, Tarik",669373,"L","CH",855,"88",1837,"16.7",0.8469696173863879,0.792704447705464,222.0204405752225,251.259253815001,"Changeup",79,630,570,-29.238813239778494,29.238813239778487,60,10,30,9,30,1,0,"10:30","9:30","+1H 00M"
2025,"Lord, Brad",695418,"R","CH",278,"85.9",1957,"19.2",0.9282279233067778,0.9870970784676432,96.77526506308898,102.22985874991481,"Changeup",99,165,150,-5.454593686825831,5.454593686825846,15,2,45,2,30,0,15,"2:45","2:30","+0H 15M"
2025,"Pepiot, Ryan",686752,"R","CH",654,"86.8",2506,"15.3",0.6718672620072214,0.8051533233998274,104.63141902857663,92.46740871250643,"Changeup",81,150,180,12.164010316070204,12.16401031607019,-30,2,30,3,0,0,30,"2:30","3:00","-0H 30M"
2025,"Bibee, Tanner",676440,"R","CH",448,"81.8",1962,"16.3",0.7728512159013079,0.8232335964135672,148.40271228822357,129.55868011200937,"Changeup",82,60,105,18.8440321762142,18.84403217621419,-45,1,0,1,45,0,45,"1:00","1:45","-0H 45M"
2025,"Festa, David",701581,"R","CH",254,"87.8",1759,"14.7",0.76381043573605,0.8124525511469644,146.91540302733912,114.82195424441929,"Changeup",81,60,135,32.093448782919836,32.09344878291982,-75,1,0,2,15,1,15,"1:00","2:15","-1H 15M"
2025,"Iglesias, Raisel",628452,"R","CH",267,"88.8",1998,"17.1",0.8505290490786972,0.838576373774704,117.6859985464121,100.71567720778437,"Changeup",84,120,165,16.970321338627727,16.970321338627738,-45,2,0,2,45,0,45,"2:00","2:45","-0H 45M"
2025,"Houser, Adrian",605288,"R","CH",284,"85.9",1613,"17.1",0.9230636714042814,0.8869969624827878,121.89038837751858,101.3036718869254,"Changeup",89,120,150,20.586716490593176,20.586716490593165,-30,2,0,2,30,0,30,"2:00","2:30","-0H 30M"
2025,"Sears, JP",676664,"L","CH",354,"83.4",1506,"17.5",0.955015173902177,0.9560476325734139,252.62571508993892,263.9449919490584,"Changeup",96,570,555,-11.319276859119498,11.319276859119515,15,9,30,9,15,0,15,"9:30","9:15","+0H 15M"
2025,"Holmes, Clay",605280,"R","CH",287,"88.1",1121,"13",0.8461506720323446,0.8645850090164715,118.83297535539404,90.7819640752352,"Changeup",86,120,180,28.051011280158846,28.051011280158853,-60,2,0,3,0,1,0,"2:00","3:00","-1H 00M"
2025,"Rogers, Trevor",669432,"L","CH",360,"86.2",1484,"14.8",0.8268544258739848,0.8740125695349759,244.20614755184894,272.0365025837024,"Changeup",87,585,540,-27.83035503185343,27.830355031853383,45,9,45,9,0,0,45,"9:45","9:00","+0H 45M"
2025,"Heaney, Andrew",571760,"L","CH",360,"82",2107,"18.2",0.8441146937376288,0.9961065035976785,251.98721317783492,260.05325650568693,"Changeup",100,570,555,-8.066043327852014,8.066043327851993,15,9,30,9,15,0,15,"9:30","9:15","+0H 15M"
2025,"Skenes, Paul",694973,"R","CH",325,"88.8",1804,"18",0.9297164060120816,0.979254105304112,96.65943209306865,103.08195896183759,"Changeup",98,165,150,-6.422526868768941,6.422526868768941,15,2,45,2,30,0,15,"2:45","2:30","+0H 15M"
2025,"Roupp, Landen",694738,"R","CH",311,"86.7",1830,"17.4",0.8584924402551335,0.8839738103480771,98.76014192345431,76.12995176010168,"Changeup",88,165,210,22.630190163352637,22.630190163352633,-45,2,45,3,30,0,45,"2:45","3:30","-0H 45M"
2025,"Cabrera, Edward",665795,"R","CH",571,"94.3",1749,"18.7",0.9982946665905077,0.9286982419622861,125.00179387310924,100.10366032180335,"Changeup",93,105,165,24.89813355130589,24.898133551305875,-60,1,45,2,45,1,0,"1:45","2:45","-1H 00M"
2025,"Pérez, Martín",527048,"L","CH",260,"82.3",1650,"17.2",0.8773767361077119,0.9946064527819607,234.602755615999,242.90300204205292,"Changeup",99,615,600,-8.300246426053917,8.300246426053924,15,10,15,10,0,0,15,"10:15","10:00","+0H 15M"
2025,"Rodriguez, Eduardo",593958,"L","CH",523,"85.9",1934,"17.5",0.870249696979329,0.8686891275496234,227.2731670745423,254.34926705463556,"Changeup",87,630,570,-27.07609998009326,27.076099980093254,60,10,30,9,30,1,0,"10:30","9:30","+1H 00M"
2025,"Peralta, Wandy",593974,"L","CH",390,"88.9",2173,"17.5",0.8113212234759085,0.8409167526909804,230.56498025947968,257.9967313677092,"Changeup",84,615,570,-27.43175110822949,27.431751108229495,45,10,15,9,30,0,45,"10:15","9:30","+0H 45M"
2025,"Richardson, Lyon",680689,"R","CH",258,"86.5",1787,"16.6",0.8567834655857645,0.9281772652130892,117.49294616343448,92.61619291554278,"Changeup",93,120,180,24.8767532478917,24.87675324789171,-60,2,0,3,0,1,0,"2:00","3:00","-1H 00M"
2025,"Ferrer, Jose A.",678606,"L","CH",264,"87.8",2184,"19",0.8808326604415221,0.9348486165096346,268.6806060892285,273.3297402820528,"Changeup",93,540,540,-4.649134192824306,4.6491341928243095,0,9,0,9,0,0,0,"9:00","9:00"," 0H 00M"
2025,"Weaver, Luke",596133,"R","CH",311,"88.1",1973,"16.4",0.7980457883352348,0.884053946167216,139.60775837562778,111.85135707146172,"Changeup",88,75,135,27.75640130416606,27.75640130416607,-60,1,15,2,15,1,0,"1:15","2:15","-1H 00M"
2025,"Anderson, Tyler",542881,"L","CH",795,"78.7",1916,"17.6",0.821818734305135,0.94461203463951,224.53569034823795,232.5224018326217,"Changeup",94,630,615,-7.986711484383761,7.986711484383706,15,10,30,10,15,0,15,"10:30","10:15","+0H 15M"
2025,"Luzardo, Jesús",666200,"L","CH",518,"87.9",1930,"18.3",0.9017011108667758,0.9953196974835203,246.4641329898394,251.18946522330606,"Changeup",100,585,585,-4.725332233466645,4.725332233466633,0,9,45,9,45,0,0,"9:45","9:45"," 0H 00M"
2025,"Bello, Brayan",678394,"R","CH",404,"88.8",1843,"17.4",0.8753487941884174,0.957888215220939,116.66976770255721,100.50590361652425,"Changeup",96,120,165,16.16386408603296,16.163864086032973,-45,2,0,2,45,0,45,"2:00","2:45","-0H 45M"
2025,"Seymour, Ian",693855,"L","CH",315,"83.6",1713,"17.5",0.893885630933559,0.9745467678641974,230.5491230048174,244.21235445919632,"Changeup",97,615,585,-13.663231454378916,13.663231454378924,30,10,15,9,45,0,30,"10:15","9:45","+0H 30M"
2025,"Brown, Hunter",686613,"R","CH",356,"88.2",1501,"16.6",0.9232482011000267,0.9652079726393794,129.76061870187635,113.75191767383406,"Changeup",97,105,135,16.008701028042296,16.008701028042285,-30,1,45,2,15,0,30,"1:45","2:15","-0H 30M"
2025,"Bubic, Kris",663460,"L","CH",345,"85.5",1604,"12.1",0.649732222110143,0.7416299042371505,238.5293995941216,275.798776898874,"Changeup",74,600,525,-37.269377304752396,37.26937730475238,75,10,0,8,45,1,15,"10:00","8:45","+1H 15M"
2025,"Liberatore, Matthew",669461,"L","CH",295,"88.5",1803,"18.2",0.9452514691033208,0.9611806095996768,227.19243704480854,240.80999583496612,"Changeup",96,630,600,-13.617558790157574,13.617558790157517,30,10,30,10,0,0,30,"10:30","10:00","+0H 30M"
2025,"Lodolo, Nick",666157,"L","CH",537,"87.9",1834,"18",0.9188944329519853,0.9596511624340232,255.8764254884966,268.8616379816949,"Changeup",96,570,540,-12.985212493198304,12.985212493198338,30,9,30,9,0,0,30,"9:30","9:00","+0H 30M"
2025,"Martin, Davis",663436,"R","CH",526,"90.2",2063,"15.1",0.7306639350312502,0.7042164366908572,126.02624662169866,89.59203812446901,"Changeup",70,105,180,36.43420849722965,36.43420849722965,-75,1,45,3,0,1,15,"1:45","3:00","-1H 15M"
2025,"Alexander, Jason",669920,"R","CH",410,"80.3",1764,"18.1",0.8858123960736624,0.981042982677984,91.14074765594965,87.03194464121222,"Changeup",98,180,180,4.108803014737433,4.10880301473743,0,3,0,3,0,0,0,"3:00","3:00"," 0H 00M"
2025,"Baker, Bryan",641329,"R","CH",307,"85.1",1872,"16.6",0.8149696143899297,0.8752788698745274,138.52981824718188,113.6158418250703,"Changeup",88,90,135,24.913976422111574,24.9139764221116,-45,1,30,2,15,0,45,"1:30","2:15","-0H 45M"
2025,"Wacha, Michael",608379,"R","CH",640,"79.8",1538,"15.6",0.8288110283008424,0.7823471446884132,112.61330534590824,115.65591004607636,"Changeup",78,135,135,-3.0426047001681127,3.042604700168116,0,2,15,2,15,0,0,"2:15","2:15"," 0H 00M"
2025,"Cannon, Jonathan",686563,"R","CH",345,"85.6",1843,"16.4",0.8125553696035672,0.7508124862355298,121.1261489720517,89.69345291666193,"Changeup",75,120,180,31.43269605538977,31.43269605538977,-60,2,0,3,0,1,0,"2:00","3:00","-1H 00M"
2025,"Brogdon, Connor",641401,"R","CH",351,"84",2021,"18.6",0.8784919628583748,0.9738292299757546,110.67399354622705,107.26967056254765,"Changeup",97,135,150,3.404322983679407,3.4043229836793913,-15,2,15,2,30,0,15,"2:15","2:30","-0H 15M"
2025,"Suarez, Robert",663158,"R","CH",256,"90.5",1860,"19.3",0.9715125203227076,0.9340390156512544,129.8237811585375,110.25882494001957,"Changeup",93,105,135,19.56495621851795,19.564956218517946,-30,1,45,2,15,0,30,"1:45","2:15","-0H 30M"
2025,"Quintana, Jose",500779,"L","CH",451,"85.6",1353,"15.7",0.9201446293528944,0.8907702345058466,234.82472306288503,260.72235289198863,"Changeup",89,615,555,-25.897629829103607,25.897629829103614,60,10,15,9,15,1,0,"10:15","9:15","+1H 00M"
2025,"Martinez, Nick",607259,"R","CH",510,"78.5",2010,"12.3",0.5737474587728615,0.7713548357160669,109.30702143908704,104.94832167776894,"Changeup",77,135,150,4.358699761318093,4.3586997613180785,-15,2,15,2,30,0,15,"2:15","2:30","-0H 15M"
2025,"Mikolas, Miles",571945,"R","CH",285,"85.9",1659,"16.4",0.867382650936268,0.9264607329192167,129.38276853058812,109.46308092534616,"Changeup",93,105,135,19.91968760524196,19.919687605241965,-30,1,45,2,15,0,30,"1:45","2:15","-0H 30M"
2025,"Uceta, Edwin",670955,"R","CH",431,"88.4",2156,"16.5",0.7831724797081134,0.7593899209771949,116.63498133015281,84.4906839804422,"Changeup",76,120,195,32.14429734971061,32.1442973497106,-75,2,0,3,15,1,15,"2:00","3:15","-1H 15M"
2025,"Warren, Will",701542,"R","CH",266,"87",1724,"15.4",0.7937620800642657,0.8622126764049979,114.39856469633736,86.32319117487245,"Changeup",86,135,180,28.07537352146491,28.07537352146491,-45,2,15,3,0,0,45,"2:15","3:00","-0H 45M"
2025,"Fedde, Erick",607200,"R","CH",262,"87.6",1812,"13.1",0.6701208775214571,0.7183125188713975,132.04219778432864,96.39490876144627,"Changeup",72,90,165,35.64728902288236,35.647289022882354,-75,1,30,2,45,1,15,"1:30","2:45","-1H 15M"
2025,"Abbott, Andrew",671096,"L","CH",525,"84.8",1985,"18.2",0.8919115750107189,0.9498646877726158,225.78255833597245,240.547684278313,"Changeup",95,630,600,-14.765125942340546,14.765125942340527,30,10,30,10,0,0,30,"10:30","10:00","+0H 30M"
2025,"Webb, Logan",657277,"R","CH",761,"86.5",1501,"11.7",0.6428912390675041,0.7667892649736626,90.46657608991119,49.44819963643383,"Changeup",77,180,255,41.01837645347736,41.01837645347737,-75,3,0,4,15,1,15,"3:00","4:15","-1H 15M"
2025,"Allen, Logan",671106,"L","CH",446,"82.4",962,"11.6",0.8130767924064375,0.8771185861188001,225.62044893558004,243.93015845889323,"Changeup",88,630,585,-18.309709523313188,18.30970952331318,45,10,30,9,45,0,45,"10:30","9:45","+0H 45M"
2025,"Hendricks, Kyle",543294,"R","CH",984,"79.5",2077,"14.4",0.6578738177653749,0.7679781331073157,133.72477048856229,126.88753577282934,"Changeup",77,90,105,6.837234715732947,6.837234715732959,-15,1,30,1,45,0,15,"1:30","1:45","-0H 15M"
2025,"Gordon, Tanner",685299,"R","CH",262,"83.2",2107,"14.5",0.7495606362104045,0.9429405162787134,118.07060942730763,114.77055847868127,"Changeup",94,120,135,3.300050948626364,3.3000509486263816,-15,2,0,2,15,0,15,"2:00","2:15","-0H 15M"
2025,"Webb, Jacob",657097,"R","CH",326,"84.8",2261,"21",0.953672638932836,0.9943160241677638,119.6483436365915,117.06852025205214,"Changeup",99,120,120,2.5798233845393668,2.5798233845393437,0,2,0,2,0,0,0,"2:00","2:00"," 0H 00M"
2025,"Rodón, Carlos",607074,"L","CH",485,"85",1652,"13.6",0.7044437719924181,0.7931809552278656,223.6587130160527,259.73607625976354,"Changeup",79,630,555,-36.077363243710835,36.07736324371084,75,10,30,9,15,1,15,"10:30","9:15","+1H 15M"
2025,"Lorenzen, Michael",547179,"R","CH",401,"83.7",1982,"17.8",0.8522225357125978,0.9730878035894279,121.32572748171421,114.8087584277423,"Changeup",97,120,135,6.516969053971906,6.516969053971903,-15,2,0,2,15,0,15,"2:00","2:15","-0H 15M"
2025,"Ober, Bailey",641927,"R","CH",681,"83.3",2029,"19.4",0.9169011915396003,0.9942299610012659,110.56915012524418,102.35193283946079,"Changeup",99,135,150,8.217217285783391,8.217217285783383,-15,2,15,2,30,0,15,"2:15","2:30","-0H 15M"
2025,"Eisert, Brandon",685126,"L","CH",301,"83.6",1336,"13.7",0.7945545664604163,0.8810696250089539,236.5628593582569,267.12479584959596,"Changeup",88,600,540,-30.561936491339054,30.561936491339004,60,10,0,9,0,1,0,"10:00","9:00","+1H 00M"
2025,"Peterson, David",656849,"L","CH",407,"84.6",1567,"15.9",0.8450499184203887,0.9145613761583025,236.6780766466874,258.6868605949282,"Changeup",91,600,570,-22.00878394824079,22.0087839482408,30,10,0,9,30,0,30,"10:00","9:30","+0H 30M"
2025,"Chivilli, Angel",683409,"R","CH",374,"88.7",1848,"13.8",0.7635903225359094,0.9319368306445286,110.17923988489703,115.43373728837386,"Changeup",93,135,135,-5.254497403476833,5.254497403476834,0,2,15,2,15,0,0,"2:15","2:15"," 0H 00M"
2025,"Williams, Devin",642207,"R","CH",577,"83.7",2742,"21.5",0.8916794317027883,0.8714766334613908,76.37574273008988,70.57979986672659,"Changeup",87,210,225,5.795942863363294,5.795942863363291,-15,3,30,3,45,0,15,"3:30","3:45","-0H 15M"
2025,"Leiter, Jack",683004,"R","CH",355,"90.7",1523,"15.4",0.873474130214705,0.7959887769477356,133.46897561224924,98.4048764256088,"Changeup",80,90,165,35.06409918664043,35.064099186640426,-75,1,30,2,45,1,15,"1:30","2:45","-1H 15M"
2025,"Hancock, Emerson",676106,"R","CH",287,"86.5",1647,"17.1",0.8890187396670817,0.9829288303382625,92.80029599851984,88.61673509872973,"Changeup",98,180,180,4.183560899790109,4.183560899790115,0,3,0,3,0,0,0,"3:00","3:00"," 0H 00M"
2025,"Paddack, Chris",663978,"R","CH",601,"84.5",1808,"16.1",0.8119439520266138,0.9730333298892297,112.78091808511512,100.6766374092444,"Changeup",97,135,165,12.104280675870712,12.10428067587072,-30,2,15,2,45,0,30,"2:15","2:45","-0H 30M"
2025,"Giolito, Lucas",608337,"R","CH",533,"81.7",1673,"17.9",0.9070500271592371,0.9904905402881499,137.08676725960396,129.15167778458417,"Changeup",99,90,105,7.935089475019794,7.9350894750197964,-15,1,30,1,45,0,15,"1:30","1:45","-0H 15M"
2025,"Latz, Jacob",656641,"L","CH",314,"84.7",1982,"17.7",0.8536234352006663,0.9698103025068346,236.86318489069902,241.37880623319728,"Changeup",97,600,600,-4.515621342498264,4.5156213424982425,0,10,0,10,0,0,0,"10:00","10:00"," 0H 00M"
2025,"Cantillo, Joey",676282,"L","CH",498,"78.2",1512,"15.6",0.8200008958573889,0.9805132110581857,231.4396372296046,224.94950397530528,"Changeup",98,615,630,6.490133254299337,6.490133254299337,-15,10,15,10,30,0,15,"10:15","10:30","-0H 15M"
2025,"Kochanowicz, Jack",686799,"R","CH",255,"89.8",2111,"10.2",0.48796264331986633,0.6323253179153502,127.64953967385031,99.364081505355,"Changeup",63,105,165,28.28545816849531,28.28545816849531,-60,1,45,2,45,1,0,"1:45","2:45","-1H 00M"
2025,"Brazobán, Huascar",623211,"R","CH",366,"90.8",1993,"17.4",0.8543009431050608,0.8318870049600314,122.55940475853683,91.89733842317149,"Changeup",83,120,180,30.66206633536534,30.66206633536536,-60,2,0,3,0,1,0,"2:00","3:00","-1H 00M"
2025,"Peralta, Freddy",642547,"R","CH",655,"88.9",1929,"17.7",0.8825110851659392,0.8789185223871936,117.03997335987265,97.06305347970863,"Changeup",88,120,165,19.97691988016402,19.976919880164008,-45,2,0,2,45,0,45,"2:00","2:45","-0H 45M"
2025,"Gallen, Zac",668678,"R","CH",440,"86.3",1520,"13.3",0.7433955101797156,0.8677828731973762,135.99761989817443,103.4956067126157,"Changeup",87,90,150,32.50201318555874,32.50201318555872,-60,1,30,2,30,1,0,"1:30","2:30","-1H 00M"
2025,"Gore, MacKenzie",669022,"L","CH",289,"86.2",2093,"16.4",0.7691785577625664,0.9211618880495998,241.51006987707768,244.6263469081931,"Changeup",92,600,585,-3.1162770311154304,3.1162770311154637,15,10,0,9,45,0,15,"10:00","9:45","+0H 15M"
2025,"Garcia, Robert",676395,"L","CH",254,"88.9",1685,"17.5",0.9224690798254288,0.8948041926274223,244.94834299836845,268.42101431315524,"Changeup",89,585,540,-23.472671314786794,23.472671314786744,45,9,45,9,0,0,45,"9:45","9:00","+0H 45M"
2025,"Elder, Bryce",693821,"R","CH",257,"86.6",2181,"13.1",0.623164212386259,0.6388903048054659,141.59855530832334,105.19455864261631,"Changeup",64,75,150,36.40399666570703,36.403996665707034,-75,1,15,2,30,1,15,"1:15","2:30","-1H 15M"
2025,"Fried, Max",608331,"L","CH",327,"85.2",1666,"14.3",0.7504276389546258,0.7840116962599952,228.1455220665698,261.0780286391345,"Changeup",78,630,555,-32.932506572564705,32.932506572564755,75,10,30,9,15,1,15,"10:30","9:15","+1H 15M"
2025,"Canning, Griffin",656288,"R","CH",291,"89.5",1487,"16.1",0.9016683044379703,0.8591318800297262,115.1866403052618,90.59120450424498,"Changeup",86,135,180,24.59543580101682,24.595435801016823,-45,2,15,3,0,0,45,"2:15","3:00","-0H 45M"
2025,"Little, Brendon",663893,"L","CU",569,"87",1798,"10.1",0.5111030566433709,0.764747164415543,20.131799657657552,13.235519359667649,"Curveball",76,315,330,6.896280297989904,6.896280297989906,-15,5,15,5,30,0,15,"5:15","5:30","-0H 15M"
2025,"Quintana, Jose",500779,"L","CU",316,"78.2",2178,"10.5",0.4709513294312217,0.5526464804554122,61.80084865370442,36.382125751222844,"Curveball",55,240,285,25.418722902481576,25.418722902481576,-45,4,0,4,45,0,45,"4:00","4:45","-0H 45M"
2025,"Lodolo, Nick",666157,"L","CU",711,"81.9",2569,"9.4",0.4012643431896216,0.4121340161730583,68.85866924233213,77.62219062171359,"Curveball",41,225,210,-8.763521379381459,8.763521379381455,15,3,45,3,30,0,15,"3:45","3:30","+0H 15M"
2025,"Cabrera, Edward",665795,"R","CU",531,"84",2631,"17.8",0.7530392236934822,0.7657715235725401,321.782113630557,319.41227247911297,"Curveball",77,435,435,2.3698411514440068,2.369841151444033,0,7,15,7,15,0,0,"7:15","7:15"," 0H 00M"
2025,"Boyd, Matthew",571510,"L","CU",311,"73.5",2326,"16.3",0.6955638903908322,0.7473509910585994,48.50326547722432,44.95325661196682,"Curveball",75,270,270,3.550008865257496,3.550008865257494,0,4,30,4,30,0,0,"4:30","4:30"," 0H 00M"
2025,"Kremer, Dean",665152,"R","CU",342,"78.3",2773,"15.7",0.6347184473902372,0.634694273175873,324.4550830480473,335.1054794846882,"Curveball",63,435,405,-10.650396436640904,10.650396436640934,30,7,15,6,45,0,30,"7:15","6:45","+0H 30M"
2025,"Valdez, Framber",664285,"L","CU",957,"79.4",2943,"22.7",0.8986907297690255,0.8228362525597506,41.79803491409791,37.810919219951074,"Curveball",82,270,285,3.987115694146837,3.9871156941468295,-15,4,30,4,45,0,15,"4:30","4:45","-0H 15M"
2025,"Maton, Phil",664208,"R","CU",383,"75.9",3182,"23.5",0.9051790126683564,0.9177982754759048,301.61854702344755,302.51290039545535,"Curveball",92,480,480,-0.8943533720077994,0.8943533720077824,0,8,0,8,0,0,0,"8:00","8:00"," 0H 00M"
2025,"Senzatela, Antonio",622608,"R","CU",325,"80.3",2463,"9.7",0.4571779062746872,0.514261568566642,289.4417087249741,321.6085995485554,"Curveball",51,495,435,-32.1668908235813,32.16689082358128,60,8,15,7,15,1,0,"8:15","7:15","+1H 00M"
2025,"Varland, Louis",686973,"R","CU",399,"88",2398,"8.8",0.39934205685932217,0.5105403212541473,311.7937420052569,336.5294934448879,"Curveball",51,450,405,-24.73575143963103,24.73575143963098,45,7,30,6,45,0,45,"7:30","6:45","+0H 45M"
2025,"Paddack, Chris",663978,"R","CU",304,"78.2",2112,"16.9",0.7679352013660259,0.8908160511692633,333.94499535774946,340.08828081464316,"Curveball",89,405,405,-6.143285456893693,6.143285456893663,0,6,45,6,45,0,0,"6:45","6:45"," 0H 00M"
2025,"Phillips, Tyler",663969,"R","CU",261,"84.1",2559,"13.1",0.5613841243167772,0.5869901322665303,322.5203047395381,343.06815928994797,"Curveball",59,435,390,-20.547854550409852,20.547854550409852,45,7,15,6,30,0,45,"7:15","6:30","+0H 45M"
2025,"Wentz, Joey",666214,"L","CU",320,"79.2",2537,"11.4",0.48906130712992724,0.5919745136247591,48.868445159348084,31.296143820277535,"Curveball",59,255,300,17.57230133907055,17.572301339070545,-45,4,15,5,0,0,45,"4:15","5:00","-0H 45M"
2025,"Harris, Hogan",663687,"L","CU",256,"73.5",2630,"23",0.9339516135265163,0.9589173301317029,22.641256737381923,22.084843430651773,"Curveball",96,315,315,0.5564133067301498,0.5564133067301499,0,5,15,5,15,0,0,"5:15","5:15"," 0H 00M"
2025,"Herget, Jimmy",623474,"R","CU",395,"77.8",3024,"16.4",0.7107460012846011,0.5676236866436527,280.7379519389372,270.7277684535586,"Curveball",57,525,540,10.010183485378604,10.010183485378674,-15,8,45,9,0,0,15,"8:45","9:00","-0H 15M"
2025,"Irvin, Jake",663623,"R","CU",872,"77.8",2486,"17.1",0.7221037238620642,0.7529604778337966,298.24115990515793,292.1318154267575,"Curveball",75,480,495,6.1093444784004305,6.109344478400438,-15,8,0,8,15,0,15,"8:00","8:15","-0H 15M"
2025,"Suárez, Ranger",624133,"L","CU",393,"73.9",2109,"16.7",0.7379969490564348,0.8706538191376334,51.38279743767609,45.765838485364554,"Curveball",87,255,270,5.616958952311535,5.616958952311532,-15,4,15,4,30,0,15,"4:15","4:30","-0H 15M"
2025,"Falter, Bailey",663559,"L","CU",265,"78",1872,"6",0.285011639583564,0.3803681194846625,81.93180393569972,44.20144778560433,"Curveball",38,195,270,37.73035615009539,37.73035615009539,-75,3,15,4,30,1,15,"3:15","4:30","-1H 15M"
2025,"Matz, Steven",571927,"L","CU",253,"79.5",2290,"17.6",0.7734292848564993,0.8105566045071427,36.97278756901409,41.27948340743808,"Curveball",81,285,270,-4.306695838423991,4.306695838423989,15,4,45,4,30,0,15,"4:45","4:30","+0H 15M"
2025,"Brown, Hunter",686613,"R","CU",529,"83.5",2574,"19.6",0.8299241218600986,0.8107695060345443,339.71258169718556,344.3914607372784,"Curveball",81,405,390,-4.678879040092852,4.678879040092834,15,6,45,6,30,0,15,"6:45","6:30","+0H 15M"
2025,"Mikolas, Miles",571945,"R","CU",436,"76",2579,"20.3",0.8453655644846473,0.8126802601485297,327.3230315372663,333.54692837357317,"Curveball",81,420,420,-6.223896836306892,6.223896836306906,0,7,0,7,0,0,0,"7:00","7:00"," 0H 00M"
2025,"Johnson, Pierce",572955,"R","CU",688,"85.8",2914,"10.1",0.4241557396820449,0.4147199637937846,309.7676451451647,309.8322993244302,"Curveball",41,465,465,-0.06465417926551709,0.06465417926550589,0,7,45,7,45,0,0,"7:45","7:45"," 0H 00M"
2025,"Peterson, David",656849,"L","CU",370,"78.7",2361,"12.8",0.5472686880211772,0.6928456418173699,33.34505596554919,32.15531090074353,"Curveball",69,300,300,1.1897450648056633,1.1897450648056704,0,5,0,5,0,0,0,"5:00","5:00"," 0H 00M"
2025,"Megill, Trevor",656730,"R","CU",294,"87.6",2839,"9.3",0.3918413410733169,0.4048365948135072,332.79664105322354,339.7327345570605,"Curveball",40,420,405,-6.9360935038369576,6.936093503836934,15,7,0,6,45,0,15,"7:00","6:45","+0H 15M"
2025,"Peralta, Freddy",642547,"R","CU",489,"78.8",2336,"10.1",0.43907135129662445,0.5418560495529835,297.29716566802114,324.8915785191151,"Curveball",54,480,435,-27.594412851093978,27.59441285109394,45,8,0,7,15,0,45,"8:00","7:15","+0H 45M"
2025,"Kelly, Merrill",518876,"R","CU",274,"81.7",2616,"15.3",0.6535753128499775,0.6202697653018627,304.0221856679805,324.7149749104816,"Curveball",62,465,435,-20.692789242501078,20.692789242501057,30,7,45,7,15,0,30,"7:45","7:15","+0H 30M"
2025,"Holmes, Grant",656550,"R","CU",303,"83.4",2903,"13.3",0.5496006546386836,0.5218380375050228,320.5578270819641,339.54120782742086,"Curveball",52,435,405,-18.98338074545677,18.983380745456746,30,7,15,6,45,0,30,"7:15","6:45","+0H 30M"
2025,"Flaherty, Jack",656427,"R","CU",691,"77.8",2389,"17",0.7267716359312077,0.7769163389433471,303.6432819655347,311.6012143655101,"Curveball",78,480,450,-7.957932399975391,7.95793239997539,30,8,0,7,30,0,30,"8:00","7:30","+0H 30M"
2025,"Cease, Dylan",656302,"R","CU",250,"82.3",2749,"18.8",0.7727264462990824,0.7574627402755925,336.6197962445892,350.3993033453388,"Curveball",76,405,375,-13.779507100749584,13.77950710074961,30,6,45,6,15,0,30,"6:45","6:15","+0H 30M"
2025,"Kikuchi, Yusei",579328,"L","CU",476,"79.9",2526,"11.1",0.4704011061021802,0.49347480314347936,52.15815846420254,41.96525709715854,"Curveball",49,255,270,10.192901367044001,10.192901367043998,-15,4,15,4,30,0,15,"4:15","4:30","-0H 15M"
2025,"Alcantara, Sandy",645261,"R","CU",521,"85.3",2442,"4.8",0.2131093687339088,0.23049961977876982,285.2091551641472,312.2125255802374,"Curveball",23,510,450,-27.003370416090206,27.003370416090178,60,8,30,7,30,1,0,"8:30","7:30","+1H 00M"
2025,"Civale, Aaron",650644,"R","CU",330,"77.7",3135,"22.3",0.8779956063156974,0.7934660850547606,317.93702112174185,324.2747445720245,"Curveball",79,450,435,-6.337723450282624,6.337723450282669,15,7,30,7,15,0,15,"7:30","7:15","+0H 15M"
2025,"Herrin, Tim",682120,"L","CU",295,"81.3",2402,"12.8",0.5518245530796575,0.5314336483584986,44.58391583864318,64.95496272781264,"Curveball",53,270,225,-20.371046889169463,20.371046889169452,45,4,30,3,45,0,45,"4:30","3:45","+0H 45M"
2025,"Povich, Cade",700249,"L","CU",430,"78.9",2570,"20.2",0.8378297719567259,0.8299976374338413,37.68479059308984,30.17510627228239,"Curveball",83,285,300,7.509684320807452,7.5096843208074535,-15,4,45,5,0,0,15,"4:45","5:00","-0H 15M"
2025,"Ray, Robbie",592662,"L","CU",369,"81.2",2186,"7.8",0.3463417983260495,0.4258522441577705,44.48082711476803,11.449600662221883,"Curveball",43,270,330,33.03122645254615,33.03122645254615,-60,4,30,5,30,1,0,"4:30","5:30","-1H 00M"
2025,"Smith, Shane",681343,"R","CU",344,"82.1",2217,"15.5",0.6959752680158898,0.8061159721620467,324.977393830845,338.1063036498814,"Curveball",81,435,405,-13.12890981903638,13.128909819036373,30,7,15,6,45,0,30,"7:15","6:45","+0H 30M"
2025,"Gibson, Cade",806188,"L","CU",260,"78.8",2973,"23.7",0.9324704050561964,0.8544505376003494,38.36739563671344,34.487314227275164,"Curveball",85,285,285,3.880081409438276,3.880081409438277,0,4,45,4,45,0,0,"4:45","4:45"," 0H 00M"
2025,"Morton, Charlie",450203,"R","CU",976,"81.4",3163,"19.8",0.7854386004529775,0.7409398930644753,297.8434587044245,305.1749862118142,"Curveball",74,480,465,-7.331527507389694,7.331527507389673,15,8,0,7,45,0,15,"8:00","7:45","+0H 15M"
2025,"Vásquez, Randy",681190,"R","CU",277,"81.2",3059,"15.7",0.6218992234964832,0.5812326847432776,285.0310662802032,303.3112588123563,"Curveball",58,510,480,-18.28019253215308,18.280192532153087,30,8,30,8,0,0,30,"8:30","8:00","+0H 30M"
2025,"Taillon, Jameson",592791,"R","CU",272,"79.6",2580,"15.6",0.6494843608305274,0.7155924859257855,318.7010975002243,320.39614194955436,"Curveball",72,450,435,-1.6950444493300552,1.6950444493300336,15,7,30,7,15,0,15,"7:30","7:15","+0H 15M"
2025,"Fisher, Braydon",680755,"R","CU",305,"82.9",2491,"18.3",0.7943172073699043,0.7724302502677094,334.9316565385403,343.37076884312205,"Curveball",77,405,390,-8.439112304581727,8.43911230458171,15,6,45,6,30,0,15,"6:45","6:30","+0H 15M"
2025,"Burke, Sean",680732,"R","CU",563,"79.7",2547,"18.9",0.7984277130893161,0.8272781677858783,331.9901138627732,341.24563376185745,"Curveball",83,420,405,-9.25551989908422,9.255519899084181,15,7,0,6,45,0,15,"7:00","6:45","+0H 15M"
2025,"Parker, Mitchell",680730,"L","CU",594,"81.1",2280,"9.3",0.4114764967802744,0.5174968966775267,28.823082147853285,4.507148054583979,"Curveball",52,300,345,24.315934093269306,24.31593409326931,-45,5,0,5,45,0,45,"5:00","5:45","-0H 45M"
2025,"Dollander, Chase",801403,"R","CU",379,"79.2",2808,"17.6",0.7872664018281108,0.773761473482556,295.7795621079877,303.31038102665406,"Curveball",77,495,480,-7.530818918666341,7.530818918666337,15,8,15,8,0,0,15,"8:15","8:00","+0H 15M"
2025,"Pivetta, Nick",601713,"R","CU",638,"79",2797,"21.4",0.8613582130730878,0.823413225072732,335.58644516070456,339.47774203224407,"Curveball",82,405,405,-3.8912968715395095,3.89129687153951,0,6,45,6,45,0,0,"6:45","6:45"," 0H 00M"
2025,"Roupp, Landen",694738,"R","CU",658,"76.7",3029,"21.8",0.8397986082160218,0.7970589748730038,302.98740053383113,295.5168288662693,"Curveball",80,480,495,7.470571667561842,7.470571667561881,-15,8,0,8,15,0,15,"8:00","8:15","-0H 15M"
2025,"Cecconi, Slade",677944,"R","CU",340,"75.5",2398,"18.6",0.7879393042338229,0.8199107341751366,322.9759038679452,328.6113398876743,"Curveball",82,435,420,-5.635436019729127,5.6354360197291316,15,7,15,7,0,0,15,"7:15","7:00","+0H 15M"
2025,"Bassitt, Chris",605135,"R","CU",459,"71.3",2277,"23.3",0.9743017642216822,0.9603677681367916,311.19078316620846,310.522330750777,"Curveball",96,465,465,0.6684524154314886,0.6684524154314783,0,7,45,7,45,0,0,"7:45","7:45"," 0H 00M"
2025,"Brown, Ben",676962,"R","CU",661,"87.2",2280,"5.2",0.23637592085876089,0.26330532176445476,274.87176916470764,324.9717675266958,"Curveball",26,525,435,-50.099998361988185,50.09999836198817,90,8,45,7,15,1,30,"8:45","7:15","+1H 30M"
2025,"Ashby, Aaron",676879,"L","CU",273,"82.2",2738,"21.8",0.9142992119818064,0.8800765498518092,26.09092760886611,22.542816811537108,"Curveball",88,315,315,3.5481107973290023,3.548110797329003,0,5,15,5,15,0,0,"5:15","5:15"," 0H 00M"
2025,"Nola, Aaron",605400,"R","CU",455,"78.2",2613,"20.4",0.8313586557335747,0.8197219316519898,304.09002876939996,310.23252842897307,"Curveball",82,465,465,-6.1424996595731045,6.142499659573106,0,7,45,7,45,0,0,"7:45","7:45"," 0H 00M"
2025,"Eovaldi, Nathan",543135,"R","CU",377,"75.8",1913,"14.6",0.6638344311585507,0.7960808777082161,313.7041109642986,320.6872421925372,"Curveball",80,450,435,-6.983131228238619,6.983131228238602,15,7,30,7,15,0,15,"7:30","7:15","+0H 15M"
2025,"Pfaadt, Brandon",694297,"R","CU",289,"82.1",2673,"15.5",0.6697237549059487,0.6906978139248287,300.5026278087431,312.43640473376104,"Curveball",69,480,450,-11.933776925017924,11.933776925017957,30,8,0,7,30,0,30,"8:00","7:30","+0H 30M"
2025,"Cameron, Noah",702070,"L","CU",418,"80.9",2394,"13.8",0.609571481034892,0.6959772166376359,13.199640695133468,14.765828833321422,"Curveball",70,330,330,-1.5661881381879539,1.5661881381879534,0,5,30,5,30,0,0,"5:30","5:30"," 0H 00M"
2025,"Cantillo, Joey",676282,"L","CU",307,"77.3",2650,"23.2",0.9586266385641704,0.9553609058877893,21.914887170161848,21.850739365755118,"Curveball",96,315,315,0.06414780440672985,0.06414780440672464,0,5,15,5,15,0,0,"5:15","5:15"," 0H 00M"
2025,"Gray, Sonny",543243,"R","CU",500,"80.2",2583,"21.5",0.9062019938898171,0.8968392608450736,332.01831023922625,321.44465569914064,"Curveball",90,420,435,10.573654540085613,10.573654540085617,-15,7,0,7,15,0,15,"7:00","7:15","-0H 15M"
2025,"Bradley, Taj",671737,"R","CU",335,"81.8",2557,"17.9",0.767605157790872,0.7886035506196826,341.23152161329597,346.6687066347077,"Curveball",79,405,390,-5.437185021411722,5.437185021411754,15,6,45,6,30,0,15,"6:45","6:30","+0H 15M"
2025,"Glasnow, Tyler",607192,"R","CU",324,"82",2822,"19.6",0.807095941595387,0.8156769288278402,342.43473189775807,345.1712652901914,"Curveball",82,390,390,-2.73653339243333,2.7365333924333615,0,6,30,6,30,0,0,"6:30","6:30"," 0H 00M"
2025,"Abbott, Andrew",671096,"L","CU",401,"81",2801,"12",0.5025227521289132,0.46178007662356946,58.78571946453016,62.24215961346319,"Curveball",46,240,240,-3.4564401489330265,3.456440148933016,0,4,0,4,0,0,0,"4:00","4:00"," 0H 00M"
2025,"Martinez, Nick",607259,"R","CU",283,"79.8",2586,"19.6",0.8290454047701953,0.8214827230820304,349.9305384186258,353.95031327763377,"Curveball",82,375,375,-4.019774859007953,4.01977485900795,0,6,15,6,15,0,0,"6:15","6:15"," 0H 00M"
2025,"Bednar, David",670280,"R","CU",370,"77.6",2455,"13.4",0.5707448904774277,0.6497323525996392,313.95515066807434,319.56641651242614,"Curveball",65,450,435,-5.611265844351806,5.611265844351821,15,7,30,7,15,0,15,"7:30","7:15","+0H 15M"
2025,"Kershaw, Clayton",477132,"L","CU",301,"72.3",2242,"18.1",0.7829281652822452,0.8250752553881883,21.716535898997364,13.027296528754874,"Curveball",83,315,330,8.68923937024249,8.68923937024249,-15,5,15,5,30,0,15,"5:15","5:30","-0H 15M"
2025,"Pallante, Andre",669467,"R","CU",381,"78.2",2804,"19.6",0.8004428637467491,0.7901061416081089,342.3806784249201,348.59694059019023,"Curveball",79,390,390,-6.216262165270109,6.216262165270116,0,6,30,6,30,0,0,"6:30","6:30"," 0H 00M"
2025,"Bummer, Aaron",607481,"L","CU",324,"81",2371,"17.3",0.7672492036223171,0.7624388476030101,62.55834438561472,50.99641769711184,"Curveball",76,240,255,11.56192668850288,11.56192668850288,-15,4,0,4,15,0,15,"4:00","4:15","-0H 15M"
2025,"Liberatore, Matthew",669461,"L","CU",376,"77.4",2964,"23.6",0.9450549027560528,0.944061794456625,25.276377244825056,25.23003410434086,"Curveball",94,315,315,0.046343140484196965,0.04634314048419388,0,5,15,5,15,0,0,"5:15","5:15"," 0H 00M"
2025,"Freeland, Kyle",607536,"L","CU",641,"82.6",2399,"8.9",0.42369189076483216,0.5256309755950019,39.87372839384824,12.639749278392685,"Curveball",53,285,330,27.233979115455554,27.23397911545555,-45,4,45,5,30,0,45,"4:45","5:30","-0H 45M"
2025,"Lugo, Seth",607625,"R","CU",538,"77.3",3115,"21.8",0.8582649189729419,0.8055523900543797,310.1126214497951,312.41743113075495,"Curveball",81,465,450,-2.3048096809598633,2.304809680959829,15,7,45,7,30,0,15,"7:45","7:30","+0H 15M"
2025,"Lorenzen, Michael",547179,"R","CU",261,"82.2",2530,"14.8",0.6385202920088052,0.650493503683083,331.3334121170998,351.075914520705,"Curveball",65,420,375,-19.742502403605215,19.74250240360523,45,7,0,6,15,0,45,"7:00","6:15","+0H 45M"
2025,"Henry, Cole",669371,"R","CU",318,"80.8",2614,"15.5",0.6473950799726672,0.5369654400139646,297.08723717244635,275.09450188563477,"Curveball",54,480,525,21.99273528681158,21.992735286811584,-45,8,0,8,45,0,45,"8:00","8:45","-0H 45M"
2025,"Fried, Max",608331,"L","CU",537,"75.2",2920,"23.3",0.9177001338664025,0.8717768177317188,31.566982060160115,28.37573539105267,"Curveball",87,300,300,3.191246669107443,3.1912466691074406,0,5,0,5,0,0,0,"5:00","5:00"," 0H 00M"
2025,"Baz, Shane",669358,"R","CU",728,"85",2699,"16.9",0.71460413405408,0.7152769667994812,322.94225626104037,332.2668599485554,"Curveball",72,435,420,-9.324603687515037,9.324603687515047,15,7,15,7,0,0,15,"7:15","7:00","+0H 15M"
2025,"Verlander, Justin",434378,"R","CU",380,"78.5",2749,"17",0.6843341972442356,0.6748611719180281,319.35520208842996,332.2606170738009,"Curveball",67,435,420,-12.905414985370953,12.90541498537095,15,7,15,7,0,0,15,"7:15","7:00","+0H 15M"
2025,"Nelson, Ryne",669194,"R","CU",269,"80",2568,"13.6",0.5905556493247501,0.6348225074870701,319.44581240228973,322.5730917975652,"Curveball",63,435,435,-3.1272793952754796,3.1272793952754836,0,7,15,7,15,0,0,"7:15","7:15"," 0H 00M"
2025,"Márquez, Germán",608566,"R","CU",655,"85.5",2652,"3.9",0.178368377583356,0.19316448894356303,331.1738649362833,330.0130137580679,"Curveball",19,420,420,1.1608511782153528,1.160851178215345,0,7,0,7,0,0,0,"7:00","7:00"," 0H 00M"
2025,"Gore, MacKenzie",669022,"L","CU",675,"81.6",2344,"16.5",0.7183536161762745,0.7477555932220217,23.567191820074157,16.293945479775914,"Curveball",75,315,330,7.273246340298243,7.273246340298241,-15,5,15,5,30,0,15,"5:15","5:30","-0H 15M"
2025,"Yamamoto, Yoshinobu",808967,"R","CU",482,"76.8",2760,"23.1",0.9509327455574214,0.9486905147533615,327.05432054151424,326.89838963576517,"Curveball",95,420,420,0.15593090574907364,0.15593090574907656,0,7,0,7,0,0,0,"7:00","7:00"," 0H 00M"
2025,"Williams, Gavin",668909,"R","CU",642,"82",2454,"19.1",0.827305111951675,0.8734318570164029,322.89110923142516,326.9686399670677,"Curveball",87,435,420,-4.07753073564254,4.077530735642558,15,7,15,7,0,0,15,"7:15","7:00","+0H 15M"
2025,"Gallen, Zac",668678,"R","CU",735,"81.1",2441,"14.9",0.6551987494807605,0.6810143369949515,322.5046648385092,340.41472289910945,"Curveball",68,435,405,-17.91005806060025,17.910058060600235,30,7,15,6,45,0,30,"7:15","6:45","+0H 30M"
2025,"Soriano, José",667755,"R","CU",741,"85.2",2489,"18.1",0.7872916339682234,0.7083800221844405,329.6906152294099,313.4064354695188,"Curveball",71,420,450,16.284179759891117,16.28417975989111,-30,7,0,7,30,0,30,"7:00","7:30","-0H 30M"
2025,"Gusto, Ryan",687473,"R","CU",263,"80.3",2443,"18.5",0.7900567746114572,0.8724863214205225,331.1698663847984,331.48553934374263,"Curveball",87,420,420,-0.3156729589442193,0.31567295894422354,0,7,0,7,0,0,0,"7:00","7:00"," 0H 00M"
2025,"Buehler, Walker",621111,"R","CU",282,"77.4",2435,"21.5",0.9008123434379991,0.9379686926315939,325.5117667059292,326.38969470478446,"Curveball",94,435,420,-0.8779279988552844,0.8779279988553065,15,7,15,7,0,0,15,"7:15","7:00","+0H 15M"
2025,"Spence, Mitch",687765,"R","FC",607,"91.1",2683,"5.7",0.2467606034714423,0.27062669953320967,190.2270056959345,235.1486156521211,"Cutter",27,705,615,-44.921609956186586,44.921609956186614,90,11,45,10,15,1,30,"11:45","10:15","+1H 30M"
2025,"Senga, Kodai",673540,"R","FC",386,"89.6",2470,"7.8",0.34891506150263446,0.5247141285530804,162.58270967886614,172.78149744127577,"Cutter",52,750,735,-10.198787762409637,10.198787762409658,15,12,30,12,15,0,15,"12:30","12:15","+0H 15M"
2025,"Severino, Luis",622663,"R","FC",477,"93.2",2287,"8.7",0.407957963665819,0.6267365244719703,165.93908180381854,186.9699867919332,"Cutter",63,750,705,-21.030904988114656,21.030904988114656,45,12,30,11,45,0,45,"12:30","11:45","+0H 45M"
2025,"Rasmussen, Drew",656876,"R","FC",727,"90.3",2707,"6",0.26300321872179494,0.3000482553288973,205.67203973555854,240.85474053837294,"Cutter",30,675,600,-35.182700802814395,35.18270080281438,75,11,15,10,0,1,15,"11:15","10:00","+1H 15M"
2025,"Bradley, Taj",671737,"R","FC",517,"89.6",2175,"6.6",0.31361131001703446,0.46259501833528993,194.32031748727084,225.3725429956703,"Cutter",46,690,630,-31.05222550839946,31.05222550839948,60,11,30,10,30,1,0,"11:30","10:30","+1H 00M"
2025,"Webb, Logan",657277,"R","FC",259,"91.1",2225,"7.2",0.3370951400531822,0.482087810311849,133.05691609265278,162.93991391139474,"Cutter",48,90,750,-29.882997818741956,29.88299781874195,60,1,30,12,30,1,0,"1:30","12:30","+1H 00M"
2025,"Cannon, Jonathan",686563,"R","FC",421,"89.3",2315,"8.7",0.3978344554380694,0.559060569334216,156.08680540808606,184.09491718602817,"Cutter",56,765,705,-28.008111777942105,28.0081117779421,60,12,45,11,45,1,0,"12:45","11:45","+1H 00M"
2025,"Allen, Logan",671106,"L","FC",315,"85.6",2271,"7.7",0.35023717539672433,0.4360192116159601,167.20781885576642,137.21905134408212,"Cutter",44,750,90,29.9887675116843,29.988767511684312,-60,12,30,1,30,1,0,"12:30","1:30","-1H 00M"
2025,"Pfaadt, Brandon",694297,"R","FC",261,"89.8",2756,"6.5",0.28887273625448023,0.34086144243811317,174.5172849526415,202.8418131233881,"Cutter",34,735,675,-28.324528170746618,28.32452817074659,60,12,15,11,15,1,0,"12:15","11:15","+1H 00M"
2025,"Nelson, Ryne",669194,"R","FC",302,"90.5",2227,"7.2",0.3489919618937804,0.5781969900449437,194.25332848441607,205.1433760481644,"Cutter",58,690,675,-10.89004756374834,10.890047563748347,15,11,30,11,15,0,15,"11:30","11:15","+0H 15M"
2025,"Schmidt, Clarke",657376,"R","FC",496,"92.2",2745,"8.9",0.3870904905938068,0.47986622468151924,160.31075006137127,190.37714254165732,"Cutter",48,765,705,-30.066392480286055,30.066392480286037,60,12,45,11,45,1,0,"12:45","11:45","+1H 00M"
2025,"Fedde, Erick",607200,"R","FC",663,"90.3",2138,"8.6",0.4130430342817642,0.5792170946678155,166.72514483236486,191.45431407902728,"Cutter",58,750,690,-24.729169246662423,24.72916924666241,60,12,30,11,30,1,0,"12:30","11:30","+1H 00M"
2025,"Garrett, Reed",657585,"R","FC",272,"92.5",2501,"7.6",0.3372233513018604,0.37207641413006354,176.03985841331192,207.8294226931409,"Cutter",37,735,660,-31.789564279828994,31.789564279828983,75,12,15,11,0,1,15,"12:15","11:00","+1H 15M"
2025,"Wacha, Michael",608379,"R","FC",409,"88.1",2112,"9",0.43014447814706264,0.6164535711818495,173.70387332484245,195.72647225880786,"Cutter",62,735,690,-22.022598933965412,22.0225989339654,45,12,15,11,30,0,45,"12:15","11:30","+0H 45M"
2025,"Lauer, Eric",641778,"L","FC",344,"86.5",2372,"7.1",0.323955650736457,0.3862170655628778,178.8388199954199,144.2519394176715,"Cutter",39,720,75,34.58688057774839,34.58688057774841,-75,12,0,1,15,1,15,"12:00","1:15","-1H 15M"
2025,"Martinez, Nick",607259,"R","FC",546,"89.1",2365,"10.8",0.495765257510513,0.5892755691253805,164.95947140783838,191.81463769797867,"Cutter",59,750,690,-26.85516629014029,26.8551662901403,60,12,30,11,30,1,0,"12:30","11:30","+1H 00M"
2025,"Clase, Emmanuel",661403,"R","FC",515,"98.9",2600,"12.8",0.5783193336463389,0.6425768656643088,181.52431861512343,199.89896161158316,"Cutter",64,720,675,-18.374642996459727,18.374642996459702,45,12,0,11,15,0,45,"12:00","11:15","+0H 45M"
2025,"Maton, Phil",664208,"R","FC",363,"90.6",2592,"12.7",0.5633562486217814,0.6045935141723011,161.17588836546545,183.89470512150243,"Cutter",60,765,705,-22.718816756036972,22.718816756036993,60,12,45,11,45,1,0,"12:45","11:45","+1H 00M"
2025,"Kremer, Dean",665152,"R","FC",543,"86.9",2401,"7.2",0.3202686190680135,0.4554031014115751,195.614844638684,228.72858277558913,"Cutter",46,690,630,-33.11373813690514,33.11373813690514,60,11,30,10,30,1,0,"11:30","10:30","+1H 00M"
2025,"Schlittler, Cam",693645,"R","FC",260,"91.9",2516,"9.1",0.4111019422799993,0.4889153957074663,218.97751103662557,245.40794815958822,"Cutter",49,645,585,-26.430437122962644,26.430437122962644,60,10,45,9,45,1,0,"10:45","9:45","+1H 00M"
2025,"Martin, Davis",663436,"R","FC",533,"88.2",2580,"5.2",0.22695678819174145,0.28109220567492826,209.31038649677768,214.46499785371748,"Cutter",28,660,645,-5.154611356939796,5.154611356939833,15,11,0,10,45,0,15,"11:00","10:45","+0H 15M"
2025,"Sterner, Justin",686993,"R","FC",354,"87.3",2701,"6.7",0.28663209334479184,0.31736556491052687,205.69499580515176,236.0184448649324,"Cutter",32,675,615,-30.323449059780643,30.323449059780632,60,11,15,10,15,1,0,"11:15","10:15","+1H 00M"
2025,"Alexander, Tyler",641302,"L","FC",271,"86.9",2344,"8.7",0.3928124090701427,0.49037737385818675,192.11670917844694,169.06318979475836,"Cutter",49,690,735,23.05351938368858,23.05351938368857,-45,11,30,12,15,0,45,"11:30","12:15","-0H 45M"
2025,"Cameron, Noah",702070,"L","FC",465,"88.2",2461,"6.9",0.31373294890765413,0.43397511116168996,164.5994606208715,142.14619662684012,"Cutter",43,750,75,22.453263994031374,22.453263994031374,-45,12,30,1,15,0,45,"12:30","1:15","-0H 45M"
2025,"Freeland, Kyle",607536,"L","FC",386,"87.3",2371,"5.4",0.2578142433282184,0.33015044126258775,201.1286414490512,185.57505267177018,"Cutter",33,675,705,15.553588777281021,15.553588777281014,-30,11,15,11,45,0,30,"11:15","11:45","-0H 30M"
2025,"Dodd, Dylan",689266,"L","FC",289,"86.9",2065,"4.7",0.22964339829350308,0.4822139732704887,213.50870690167426,200.9525641514415,"Cutter",48,660,675,12.556142750232766,12.556142750232768,-15,11,0,11,15,0,15,"11:00","11:15","-0H 15M"
2025,"Doval, Camilo",666808,"R","FC",439,"98.2",2541,"10.6",0.48295640854202393,0.5504469575280406,148.33016730403597,165.01226025739658,"Cutter",55,60,750,-16.68209295336061,16.682092953360616,30,1,0,12,30,0,30,"1:00","12:30","+0H 30M"
2025,"Sands, Cole",663485,"R","FC",274,"89.4",2438,"7.5",0.33962819436509784,0.3722099648833111,167.5457577783333,199.2345955186483,"Cutter",37,750,675,-31.688837740314995,31.688837740314984,75,12,30,11,15,1,15,"12:30","11:15","+1H 15M"
2025,"Lugo, Seth",607625,"R","FC",334,"89.2",2453,"10.2",0.46612280722941973,0.6024035550865439,164.91692123313805,189.5725255444971,"Cutter",60,750,705,-24.655604311359042,24.655604311359017,45,12,30,11,45,0,45,"12:30","11:45","+0H 45M"
2025,"Fluharty, Mason",689254,"L","FC",499,"90.2",2761,"10.2",0.4365817684927917,0.42228233315404234,186.9142519455782,157.48474940976268,"Cutter",42,705,765,29.429502535815516,29.42950253581552,-60,11,45,12,45,1,0,"11:45","12:45","-1H 00M"
2025,"Yamamoto, Yoshinobu",808967,"R","FC",305,"91.1",2438,"8.3",0.38347527149646876,0.45767518493697773,181.65209136946646,209.35745261516078,"Cutter",46,720,660,-27.70536124569432,27.70536124569432,60,12,0,11,0,1,0,"12:00","11:00","+1H 00M"
2025,"Lorenzen, Michael",547179,"R","FC",253,"90.2",2519,"7.8",0.3502538501102756,0.4998179010215464,155.98192020905643,172.91881099375212,"Cutter",50,765,735,-16.93689078469569,16.936890784695695,30,12,45,12,15,0,30,"12:45","12:15","+0H 30M"
2025,"Kolek, Stephen",663568,"R","FC",257,"90.5",2354,"6.9",0.3184330578733816,0.4002323472958098,149.97536730790563,183.49928983057137,"Cutter",40,60,720,-33.52392252266574,33.523922522665735,60,1,0,12,0,1,0,"1:00","12:00","+1H 00M"
2025,"Quantrill, Cal",615698,"R","FC",435,"88.9",2306,"8",0.36727801616889005,0.4211265301741302,168.84835899953208,199.9990315115189,"Cutter",42,735,675,-31.150672511986812,31.150672511986794,60,12,15,11,15,1,0,"12:15","11:15","+1H 00M"
2025,"Fried, Max",608331,"L","FC",870,"93.6",2302,"8.4",0.39345226510327935,0.5420786589932489,196.97937405546574,167.8560435242472,"Cutter",54,690,750,29.123330531218528,29.123330531218517,-60,11,30,12,30,1,0,"11:30","12:30","-1H 00M"
2025,"Bello, Brayan",678394,"R","FC",423,"88.2",2479,"2.2",0.09760524603155099,0.13205189453149543,182.9109514823002,222.159885753806,"Cutter",13,720,630,-39.24893427150582,39.248934271505796,90,12,0,10,30,1,30,"12:00","10:30","+1H 30M"
2025,"Anderson, Tyler",542881,"L","FC",478,"84.3",2294,"12.6",0.5642838569598181,0.6278202504168776,195.39301797793814,170.7818553844693,"Cutter",63,690,735,24.611162593468833,24.611162593468816,-45,11,30,12,15,0,45,"11:30","12:15","-0H 45M"
2025,"Rodriguez, Eduardo",593958,"L","FC",407,"89.3",2266,"8.8",0.4165418853104512,0.6047430984023714,195.4610876251001,170.8197220488867,"Cutter",60,690,735,24.641365576213417,24.641365576213428,-45,11,30,12,15,0,45,"11:30","12:15","-0H 45M"
2025,"Armstrong, Shawn",542888,"R","FC",266,"90.8",2468,"9.9",0.4469956190394621,0.54120613910797,184.1039739948556,208.03152777318033,"Cutter",54,705,660,-23.92755377832472,23.927553778324764,45,11,45,11,0,0,45,"11:45","11:00","+0H 45M"
2025,"Bellozo, Valente",678368,"R","FC",462,"84.6",2517,"9.8",0.42376197612497657,0.4489300478680249,218.875578236123,214.51903430975338,"Cutter",45,645,645,4.356543926369625,4.356543926369607,0,10,45,10,45,0,0,"10:45","10:45"," 0H 00M"
2025,"Ashcraft, Graham",668933,"R","FC",560,"97.1",2599,"9.5",0.4345316256832852,0.48091344051126683,172.68382428965052,198.49690792170503,"Cutter",48,735,690,-25.813083632054514,25.81308363205454,45,12,15,11,30,0,45,"12:15","11:30","+0H 45M"
2025,"Bivens, Spencer",702352,"R","FC",351,"91",2126,"9.7",0.4626469692095688,0.5871863580012531,166.07954981137462,191.42400410752583,"Cutter",59,750,690,-25.344454296151213,25.344454296151195,60,12,30,11,30,1,0,"12:30","11:30","+1H 00M"
2025,"Rocker, Kumar",677958,"R","FC",269,"90.1",2221,"5",0.23683379085740547,0.31176216353905895,163.3951804411513,205.9102411082689,"Cutter",31,750,675,-42.51506066711761,42.51506066711761,75,12,30,11,15,1,15,"12:30","11:15","+1H 15M"
2025,"Suárez, Ranger",624133,"L","FC",422,"86.4",2111,"6",0.28363884567593134,0.37879714816126653,191.15891051753684,149.37543670672508,"Cutter",38,705,60,41.783473810811756,41.78347381081174,-75,11,45,1,0,1,15,"11:45","1:00","-1H 15M"
2025,"Bassitt, Chris",605135,"R","FC",477,"88.5",2223,"7.9",0.36224151337853655,0.4618362498430819,160.0570165404646,187.95249109051503,"Cutter",46,765,705,-27.895474550050437,27.895474550050455,60,12,45,11,45,1,0,"12:45","11:45","+1H 00M"
2025,"Coulombe, Danny",543056,"L","FC",290,"85.2",2619,"6.6",0.28529957543489387,0.29756812484482736,133.80319373202786,102.06317381137994,"Cutter",30,90,150,31.740019920647924,31.740019920647942,-60,1,30,2,30,1,0,"1:30","2:30","-1H 00M"
2025,"Singer, Brady",663903,"R","FC",276,"87.4",2349,"7",0.31830497248247014,0.43962486859982475,172.14180425275347,197.27978938828616,"Cutter",44,735,690,-25.137985135532688,25.137985135532656,45,12,15,11,30,0,45,"12:15","11:30","+0H 45M"
2025,"Holton, Tyler",663947,"L","FC",348,"88.7",2352,"8.7",0.39561276513129606,0.4930013836435403,184.659308904114,151.06698451230915,"Cutter",49,705,60,33.59232439180485,33.592324391804844,-75,11,45,1,0,1,15,"11:45","1:00","-1H 15M"
2025,"Crochet, Garrett",676979,"L","FC",862,"90.9",2598,"7.1",0.31148893402866235,0.3909020666171662,166.7968511872958,139.70600013911502,"Cutter",39,750,75,27.09085104818078,27.090851048180777,-45,12,30,1,15,0,45,"12:30","1:15","-0H 45M"
2025,"Buehler, Walker",621111,"R","FC",369,"90.6",2415,"11.2",0.500667904189447,0.5825218883246922,185.05857701886544,205.24976530557365,"Cutter",58,705,675,-20.19118828670821,20.19118828670821,30,11,45,11,15,0,30,"11:45","11:15","+0H 30M"
2025,"Evans, Logan",688138,"R","FC",359,"87.8",2553,"3.9",0.16847694967608326,0.16146029894214992,213.0031899759869,234.1186588555604,"Cutter",16,660,615,-21.115468879573484,21.115468879573523,45,11,0,10,15,0,45,"11:00","10:15","+0H 45M"
2025,"Vásquez, Randy",681190,"R","FC",535,"90.2",2515,"10.4",0.4624436688612034,0.5614688098775541,168.31076102608276,191.06577726450942,"Cutter",56,750,705,-22.755016238426663,22.755016238426663,45,12,30,11,45,0,45,"12:30","11:45","+0H 45M"
2025,"Walker, Taijuan",592836,"R","FC",619,"87.1",2435,"12.4",0.5521390817987367,0.5733855525787612,174.50730702120086,196.2554039386416,"Cutter",57,735,690,-21.748096917440733,21.748096917440716,45,12,15,11,30,0,45,"12:15","11:30","+0H 45M"
2025,"Pérez, Martín",527048,"L","FC",254,"86",2220,"10.2",0.46432218040123663,0.6592108789045574,201.46428317319067,174.11172556444,"Cutter",66,675,735,27.352557608750658,27.352557608750672,-60,11,15,12,15,1,0,"11:15","12:15","-1H 00M"
2025,"Faucher, Calvin",676534,"R","FC",390,"92.1",2862,"4.8",0.20186946590378413,0.21189390950746914,224.79982104340314,255.68185448451644,"Cutter",21,630,570,-30.882033441113293,30.882033441113272,60,10,30,9,30,1,0,"10:30","9:30","+1H 00M"
2025,"Corbin, Patrick",571578,"L","FC",652,"87.5",2324,"5.6",0.25631325007383343,0.40322787754313555,202.834171041305,170.36525105491967,"Cutter",40,675,735,32.468919986385345,32.468919986385366,-60,11,15,12,15,1,0,"11:15","12:15","-1H 00M"
2025,"Casparius, Ben",676508,"R","FC",273,"92.1",2756,"8.5",0.37208625397965267,0.4300883131998655,196.83967341331905,224.72428365227677,"Cutter",43,690,630,-27.88461023895772,27.884610238957745,60,11,30,10,30,1,0,"11:30","10:30","+1H 00M"
2025,"Eovaldi, Nathan",543135,"R","FC",382,"90.5",2303,"10.8",0.4935870976032049,0.6463837970355271,160.0211132756697,184.37198523206425,"Cutter",65,765,705,-24.350871956394542,24.350871956394517,60,12,45,11,45,1,0,"12:45","11:45","+1H 00M"
2025,"Taillon, Jameson",592791,"R","FC",289,"85.8",2533,"10.2",0.44493732756585647,0.49259782821944487,197.58493104798004,226.07336172707704,"Cutter",49,690,630,-28.488430679097007,28.488430679097007,60,11,30,10,30,1,0,"11:30","10:30","+1H 00M"
2025,"Williams, Gavin",668909,"R","FC",406,"91.8",2289,"6.8",0.31565812226999657,0.5901506420930228,154.7743717425471,159.00667622321146,"Cutter",59,765,765,-4.232304480664368,4.232304480664343,0,12,45,12,45,0,0,"12:45","12:45"," 0H 00M"
2025,"Patrick, Chad",694477,"R","FC",824,"87.9",2415,"12.6",0.5684922909520801,0.37477494057001404,222.55616771643773,198.8756434420775,"Cutter",37,630,675,23.680524274360238,23.680524274360202,-45,10,30,11,15,0,45,"10:30","11:15","-0H 45M"
2025,"Jansen, Kenley",445276,"R","FC",706,"92.8",2602,"18.4",0.812326279081129,0.8175206167574002,177.01315707398768,188.10691381134043,"Cutter",82,720,705,-11.093756737352749,11.09375673735274,15,12,0,11,45,0,15,"12:00","11:45","+0H 15M"
2025,"Gray, Sonny",543243,"R","FC",343,"87.8",2680,"6.3",0.2740335089881392,0.316599468500641,230.6156428762293,259.71917538759897,"Cutter",32,615,555,-29.10353251136968,29.103532511369686,60,10,15,9,15,1,0,"10:15","9:15","+1H 00M"
2025,"Bibee, Tanner",676440,"R","FC",617,"86.2",2707,"9.2",0.3927879442498117,0.31838255207258903,263.3687862872321,257.94224228343774,"Cutter",32,555,570,5.42654400379439,5.426544003794369,-15,9,15,9,30,0,15,"9:15","9:30","-0H 15M"
2025,"Kelly, Merrill",518876,"R","FC",578,"90.7",2371,"11.6",0.5424285697132973,0.6703780803149458,143.5707253556489,164.77393747827563,"Cutter",67,75,750,-21.203212122626724,21.203212122626727,45,1,15,12,30,0,45,"1:15","12:30","+0H 45M"
2025,"Civale, Aaron",650644,"R","FC",611,"89.2",2627,"11.5",0.5051791474327212,0.5594243752381413,179.8950608786301,206.80376766328354,"Cutter",56,720,660,-26.908706784653447,26.908706784653475,60,12,0,11,0,1,0,"12:00","11:00","+1H 00M"
2025,"Baz, Shane",669358,"R","FC",394,"90.2",2344,"7.4",0.3443558379686428,0.4902141572027765,168.86880909402007,202.35205888493564,"Cutter",49,735,675,-33.48324979091558,33.48324979091558,60,12,15,11,15,1,0,"12:15","11:15","+1H 00M"
2025,"Priester, Quinn",682990,"R","FC",503,"92.3",2353,"10.6",0.495707533630333,0.6237946142223002,161.72776660461867,184.73936641621458,"Cutter",62,750,705,-23.011599811595914,23.011599811595907,45,12,30,11,45,0,45,"12:30","11:45","+0H 45M"
2025,"Holmes, Grant",656550,"R","FC",297,"92.1",2542,"9.8",0.4493249369319607,0.5477291025009622,153.56370089019072,179.47378680698077,"Cutter",55,60,720,-25.910085916790052,25.910085916790077,60,1,0,12,0,1,0,"1:00","12:00","+1H 00M"
2025,"Sugano, Tomoyuki",608372,"R","FC",308,"88.2",2471,"5.2",0.22908885750686567,0.39685753265272794,186.22687264460856,199.92211950568046,"Cutter",40,705,675,-13.695246861071894,13.695246861071892,30,11,45,11,15,0,30,"11:45","11:15","+0H 30M"
2025,"Burnes, Corbin",669203,"R","FC",554,"94.1",2662,"11.8",0.5275005279189491,0.6207088026755885,171.47752534352765,193.3261803503313,"Cutter",62,735,690,-21.848655006803654,21.84865500680363,45,12,15,11,30,0,45,"12:15","11:30","+0H 45M"
2025,"Yarbrough, Ryan",642232,"L","FC",262,"83.2",2105,"7.1",0.32375570453653274,0.4638940810065099,214.39577578967425,173.56124624422475,"Cutter",46,645,735,40.8345295454495,40.834529545449506,-90,10,45,12,15,1,30,"10:45","12:15","-1H 30M"
2025,"Ogasawara, Shinnosuke",829272,"L","FF",257,"91.1",2203,"17.2",0.8122817802926965,0.9147660517667422,214.4150086614485,204.727540884971,"4-Seam Fastball",91,645,675,9.68746777647749,9.687467776477483,-30,10,45,11,15,0,30,"10:45","11:15","-0H 30M"
2025,"Verlander, Justin",434378,"R","FF",1178,"93.9",2435,"20.3",0.9150170682567865,0.9644840955436302,154.03712614133562,152.85044160416243,"4-Seam Fastball",96,765,60,1.1866845371731927,1.1866845371731627,-15,12,45,1,0,0,15,"12:45","1:00","-0H 15M"
2025,"Morton, Charlie",450203,"R","FF",702,"94.2",2323,"17.1",0.8081041485375032,0.8721479766995022,125.54666959252546,133.10928194783276,"4-Seam Fastball",87,105,90,-7.562612355307294,7.562612355307306,15,1,45,1,30,0,15,"1:45","1:30","+0H 15M"
2025,"Scherzer, Max",453286,"R","FF",674,"93.6",2391,"18",0.8320523694315991,0.9297086672107894,145.21522787669548,149.72882895830503,"4-Seam Fastball",93,75,60,-4.513601081609551,4.513601081609532,15,1,15,1,0,0,15,"1:15","1:00","+0H 15M"
2025,"Wilson, Justin",458677,"L","FF",382,"94.5",2252,"19.2",0.898359454583332,0.9562551660926437,202.72374290886694,196.55940677236154,"4-Seam Fastball",96,675,690,6.164336136505398,6.164336136505407,-15,11,15,11,30,0,15,"11:15","11:30","-0H 15M"
2025,"Kershaw, Clayton",477132,"L","FF",587,"89",2311,"16.8",0.7819388858099973,0.8398900506804607,185.3686925313702,179.6528862952965,"4-Seam Fastball",84,705,720,5.715806236073689,5.715806236073702,-15,11,45,12,0,0,15,"11:45","12:00","-0H 15M"
2025,"Yates, Kirby",489446,"R","FF",414,"92.8",2329,"19.2",0.902330658671027,0.9562436359258699,129.133420610716,132.55420102133218,"4-Seam Fastball",96,105,90,-3.4207804106161745,3.4207804106161714,15,1,45,1,30,0,15,"1:45","1:30","+0H 15M"
2025,"Quintana, Jose",500779,"L","FF",254,"90.4",2095,"16",0.7760360646555219,0.8733419818091679,208.03566985140546,197.00868384844708,"4-Seam Fastball",87,660,690,11.026986002958381,11.026986002958417,-30,11,0,11,30,0,30,"11:00","11:30","-0H 30M"
2025,"Kelly, Merrill",518876,"R","FF",648,"91.8",2368,"17.1",0.806234462475715,0.8440876430664717,132.7159908260249,144.45999593609707,"4-Seam Fastball",84,90,75,-11.74400511007218,11.74400511007217,15,1,30,1,15,0,15,"1:30","1:15","+0H 15M"
2025,"Pomeranz, Drew",519141,"L","FF",614,"92.7",2642,"16.6",0.738207633896346,0.7172688839000679,193.63783430289783,183.66419892112773,"4-Seam Fastball",72,690,720,9.973635381770094,9.973635381770057,-30,11,30,12,0,0,30,"11:30","12:00","-0H 30M"
2025,"Sale, Chris",519242,"L","FF",837,"94.8",2266,"17.8",0.8619295292552791,0.9442902370627246,248.84072165736788,242.02098698931692,"4-Seam Fastball",94,585,600,6.819734668050955,6.819734668050983,-15,9,45,10,0,0,15,"9:45","10:00","-0H 15M"
2025,"Anderson, Tyler",542881,"L","FF",891,"89.3",2185,"20.1",0.9359493845145956,0.9921157809387879,204.10119738063435,200.9104620642819,"4-Seam Fastball",99,675,675,3.190735316352459,3.190735316352431,0,11,15,11,15,0,0,"11:15","11:15"," 0H 00M"
2025,"Armstrong, Shawn",542888,"R","FF",321,"93.5",2344,"16.1",0.7506518688766051,0.8070741544557348,150.7251677736318,159.4861046979178,"4-Seam Fastball",81,60,765,-8.760936924286,8.760936924286009,15,1,0,12,45,0,15,"1:00","12:45","+0H 15M"
2025,"Eovaldi, Nathan",543135,"R","FF",428,"94.1",2228,"18.6",0.8733280376804873,0.9431388909668349,131.81779921389276,131.07598287571653,"4-Seam Fastball",94,90,105,0.7418163381762213,0.7418163381762056,-15,1,30,1,45,0,15,"1:30","1:45","-0H 15M"
2025,"Gray, Sonny",543243,"R","FF",589,"91.7",2502,"9.8",0.4454454759918005,0.5830122248967119,164.6860632092666,189.9521049123474,"4-Seam Fastball",58,750,705,-25.266041703080816,25.26604170308082,45,12,30,11,45,0,45,"12:30","11:45","+0H 45M"
2025,"Hendricks, Kyle",543294,"R","FF",391,"86.5",2049,"14.6",0.6971291562620477,0.8758860411869438,145.24829043672838,155.1396203796045,"4-Seam Fastball",88,75,765,-9.891329942876126,9.89132994287613,30,1,15,12,45,0,30,"1:15","12:45","+0H 30M"
2025,"Lorenzen, Michael",547179,"R","FF",506,"93.9",2339,"18.7",0.8729636706872628,0.9528024101248956,136.51098574871332,140.0772741921479,"4-Seam Fastball",95,90,75,-3.566288443434587,3.566288443434598,15,1,30,1,15,0,15,"1:30","1:15","+0H 15M"
2025,"Chapman, Aroldis",547973,"L","FF",372,"98.4",2448,"18.4",0.8481953114770477,0.9033425882948212,196.46815427977626,191.18777152708432,"4-Seam Fastball",90,690,705,5.280382752691935,5.280382752691914,-15,11,30,11,45,0,15,"11:30","11:45","-0H 15M"
2025,"Wheeler, Zack",554430,"R","FF",977,"96.1",2471,"17.6",0.8040053763236019,0.8623125674980714,133.60716281960276,143.0228959980257,"4-Seam Fastball",86,90,75,-9.415733178422926,9.415733178422931,15,1,30,1,15,0,15,"1:30","1:15","+0H 15M"
2025,"Ureña, José",570632,"R","FF",328,"96.2",2182,"19",0.9265448092373659,0.9804293637988221,128.72498511771116,122.91508867507025,"4-Seam Fastball",98,105,120,5.809896442640905,5.809896442640915,-15,1,45,2,0,0,15,"1:45","2:00","-0H 15M"
2025,"Boyd, Matthew",571510,"L","FF",1273,"93.3",2318,"18.4",0.8653677693570835,0.9461789053824734,231.7550376122139,228.69785094672517,"4-Seam Fastball",95,615,630,3.0571866654887287,3.0571866654887345,-15,10,15,10,30,0,15,"10:15","10:30","-0H 15M"
2025,"Heaney, Andrew",571760,"L","FF",907,"90.1",2375,"20.4",0.931710934762533,0.9937976813076946,237.63703094957242,234.95262164741595,"4-Seam Fastball",99,600,615,2.6844093021564674,2.6844093021565048,-15,10,0,10,15,0,15,"10:00","10:15","-0H 15M"
2025,"Mikolas, Miles",571945,"R","FF",699,"92.9",2217,"16.7",0.8006145109129585,0.9069554848897127,142.53028179769066,148.24624188557183,"4-Seam Fastball",91,75,60,-5.715960087881172,5.715960087881142,15,1,15,1,0,0,15,"1:15","1:00","+0H 15M"
2025,"Miller, Shelby",571946,"R","FF",435,"95.1",2452,"20.7",0.9651820443775231,0.9953800556630485,145.05343537467706,146.70468566412274,"4-Seam Fastball",100,75,60,-1.6512502894456702,1.651250289445675,15,1,15,1,0,0,15,"1:15","1:00","+0H 15M"
2025,"Thielbar, Caleb",573204,"L","FF",346,"92.8",2334,"18.8",0.8818885426423204,0.9157620536828817,194.6456097041477,191.19543176349617,"4-Seam Fastball",92,690,705,3.450177940651514,3.4501779406515176,-15,11,30,11,45,0,15,"11:30","11:45","-0H 15M"
2025,"Kikuchi, Yusei",579328,"L","FF",1079,"94.8",2187,"17.8",0.8540218808158679,0.911999777592776,222.80154639919334,213.63838905482163,"4-Seam Fastball",91,630,660,9.163157344371712,9.163157344371712,-30,10,30,11,0,0,30,"10:30","11:00","-0H 30M"
2025,"Booser, Cam",592155,"L","FF",262,"95.5",2132,"17.3",0.8408797952656504,0.9581439206604059,208.75892073735923,206.2265250499335,"4-Seam Fastball",96,660,675,2.532395687425719,2.532395687425726,-15,11,0,11,15,0,15,"11:00","11:15","-0H 15M"
2025,"Gausman, Kevin",592332,"R","FF",1621,"94.5",2261,"19.9",0.9425549970638286,0.9822820034673335,142.2742003968912,144.3579641240009,"4-Seam Fastball",98,75,75,-2.083763727109698,2.0837637271097047,0,1,15,1,15,0,0,"1:15","1:15"," 0H 00M"
2025,"Jackson, Luke",592426,"R","FF",256,"94.1",2320,"19",0.8896598277018274,0.943977770626426,154.88083522822762,160.2217255667482,"4-Seam Fastball",94,765,765,-5.34089033852058,5.34089033852059,0,12,45,12,45,0,0,"12:45","12:45"," 0H 00M"
2025,"Ray, Robbie",592662,"L","FF",1593,"93.6",2360,"19.6",0.9021010804282769,0.9579456399903322,211.65919193979556,206.0023085594218,"4-Seam Fastball",96,660,675,5.656883380373756,5.656883380373725,-15,11,0,11,15,0,15,"11:00","11:15","-0H 15M"
2025,"Stanek, Ryne",592773,"R","FF",606,"98.5",2350,"20.1",0.9430394788890477,0.9946106509373435,151.60870175711864,153.08410993832302,"4-Seam Fastball",99,60,60,-1.4754081812043864,1.4754081812043855,0,1,0,1,0,0,0,"1:00","1:00"," 0H 00M"
2025,"Stewart, Brock",592779,"R","FF",322,"96.2",2620,"15.1",0.6855727794403524,0.7308229874677334,146.83611484450256,157.1060809545776,"4-Seam Fastball",73,60,765,-10.269966110075046,10.269966110075048,15,1,0,12,45,0,15,"1:00","12:45","+0H 15M"
2025,"Taillon, Jameson",592791,"R","FF",759,"92.3",2321,"19.2",0.8872627451909824,0.9388257536928714,153.47570985476855,156.38718125845463,"4-Seam Fastball",94,60,765,-2.911471403686079,2.9114714036860887,15,1,0,12,45,0,15,"1:00","12:45","+0H 15M"
2025,"Williams, Trevor",592866,"R","FF",617,"87.7",2219,"9.7",0.4452196525875721,0.6182391592451755,150.0677847254725,167.25587569563382,"4-Seam Fastball",62,60,750,-17.188090970161312,17.188090970161316,30,1,0,12,30,0,30,"1:00","12:30","+0H 30M"
2025,"Rodriguez, Eduardo",593958,"L","FF",1177,"92",2304,"15.4",0.7357579509798458,0.8024231166763033,204.4991197302995,201.84684444360764,"4-Seam Fastball",80,675,675,2.652275286691861,2.6522752866918644,0,11,15,11,15,0,0,"11:15","11:15"," 0H 00M"
2025,"deGrom, Jacob",594798,"R","FF",1203,"97.5",2519,"18.5",0.8454407435305324,0.9060598100027142,141.5667736760132,149.59233594562377,"4-Seam Fastball",91,75,60,-8.02556226961056,8.025562269610576,15,1,15,1,0,0,15,"1:15","1:00","+0H 15M"
2025,"Okert, Steven",595345,"L","FF",430,"92",2226,"17.8",0.8338205173559661,0.9284842163998606,219.01428154621587,208.22239302559126,"4-Seam Fastball",93,645,660,10.79188852062461,10.791888520624589,-15,10,45,11,0,0,15,"10:45","11:00","-0H 15M"
2025,"Curtiss, John",595928,"R","FF",293,"94.3",2341,"18.5",0.8837821832744719,0.9632427550994579,150.2998997990573,155.66567195332237,"4-Seam Fastball",96,60,765,-5.365772154265073,5.365772154265091,15,1,0,12,45,0,15,"1:00","12:45","+0H 15M"
2025,"Weaver, Luke",596133,"R","FF",621,"95.1",2435,"19.8",0.9099816065065405,0.9603215543633792,154.62921201012873,158.91586789126026,"4-Seam Fastball",96,765,765,-4.286655881131537,4.286655881131525,0,12,45,12,45,0,0,"12:45","12:45"," 0H 00M"
2025,"Gomber, Austin",596295,"L","FF",342,"89.5",2101,"17.1",0.9205758807947501,0.9943661104964477,207.79208792453926,204.14547322589453,"4-Seam Fastball",99,660,675,3.6466146986447256,3.646614698644735,-15,11,0,11,15,0,15,"11:00","11:15","-0H 15M"
2025,"Pivetta, Nick",601713,"R","FF",1382,"93.8",2325,"19.4",0.8994460150780842,0.9489569640884108,169.01282916205116,171.98155336079847,"4-Seam Fastball",95,735,735,-2.96872419874731,2.9687241987473008,0,12,15,12,15,0,0,"12:15","12:15"," 0H 00M"
2025,"Barlow, Scott",605130,"R","FF",266,"92.3",2441,"12.3",0.5649505918810079,0.6637580650701874,143.65877711257477,163.45952141506305,"4-Seam Fastball",66,75,750,-19.800744302488283,19.800744302488255,45,1,15,12,30,0,45,"1:15","12:30","+0H 45M"
2025,"Bassitt, Chris",605135,"R","FF",263,"91.5",2150,"11.8",0.5609060165635065,0.7421648339862367,140.09644868890078,152.0954380350841,"4-Seam Fastball",74,75,60,-11.998989346183322,11.99898934618332,15,1,15,1,0,0,15,"1:15","1:00","+0H 15M"
2025,"Nola, Aaron",605400,"R","FF",473,"91.9",2319,"19.5",0.8909482656305562,0.9511567699677596,133.18660956274095,136.3612080229188,"4-Seam Fastball",95,90,90,-3.174598460177833,3.1745984601778416,0,1,30,1,30,0,0,"1:30","1:30"," 0H 00M"
2025,"Romano, Jordan",605447,"R","FF",257,"95.5",2268,"19",0.8983004805316533,0.9758968782868012,153.04245412039757,156.35008214176472,"4-Seam Fastball",98,60,765,-3.307628021367151,3.3076280213671505,15,1,0,12,45,0,15,"1:00","12:45","+0H 15M"
2025,"Ross, Joe",605452,"R","FF",321,"94.2",2218,"11",0.5283760019229046,0.7632292709510908,153.3501190180025,163.58827531620955,"4-Seam Fastball",76,60,750,-10.238156298207059,10.238156298207063,30,1,0,12,30,0,30,"1:00","12:30","+0H 30M"
2025,"Scott, Tayler",605463,"R","FF",256,"92",2084,"17.8",0.8679169310404409,0.9575824311951273,116.27917477005022,121.57412038124158,"4-Seam Fastball",96,120,120,-5.294945611191366,5.294945611191382,0,2,0,2,0,0,0,"2:00","2:00"," 0H 00M"
2025,"Snell, Blake",605483,"L","FF",448,"95.1",2453,"17.9",0.8293208573124994,0.9195965251592748,200.6328948233205,194.94614826172042,"4-Seam Fastball",92,675,690,5.686746561600074,5.686746561600092,-15,11,15,11,30,0,15,"11:15","11:30","-0H 15M"
2025,"Springs, Jeffrey",605488,"L","FF",1215,"90.7",2171,"19.3",0.9124106232255552,0.9905058642261564,220.29705546724526,217.93927388581304,"4-Seam Fastball",99,645,645,2.3577815814322207,2.357781581432174,0,10,45,10,45,0,0,"10:45","10:45"," 0H 00M"
2025,"Woodruff, Brandon",605540,"R","FF",296,"93.1",2343,"17.4",0.8113924971717015,0.8721538471653205,160.62135510978382,168.03183800971087,"4-Seam Fastball",87,765,750,-7.410482899927047,7.410482899927051,15,12,45,12,30,0,15,"12:45","12:30","+0H 15M"
2025,"Montero, Rafael",606160,"R","FF",439,"95.1",2385,"17.5",0.8292578253112518,0.8935404679393385,138.3569933625566,144.02226363273644,"4-Seam Fastball",89,90,75,-5.665270270179832,5.665270270179831,15,1,30,1,15,0,15,"1:30","1:15","+0H 15M"
2025,"Rea, Colin",607067,"R","FF",1066,"93.8",2194,"16",0.7727130546899006,0.8706755721884151,142.36298464433372,146.18833018561577,"4-Seam Fastball",87,75,75,-3.825345541282047,3.8253455412820685,0,1,15,1,15,0,0,"1:15","1:15"," 0H 00M"
2025,"Rodón, Carlos",607074,"L","FF",1338,"94.1",2347,"20.4",0.9395614716446891,0.9778376186234803,215.82095086319984,213.5790962274137,"4-Seam Fastball",98,645,660,2.2418546357861544,2.241854635786154,-15,10,45,11,0,0,15,"10:45","11:00","-0H 15M"
2025,"Glasnow, Tyler",607192,"R","FF",523,"95.7",2532,"16",0.7312210392873867,0.7544512565048399,171.44507499516754,176.23797662196898,"4-Seam Fastball",75,735,735,-4.792901626801438,4.79290162680143,0,12,15,12,15,0,0,"12:15","12:15"," 0H 00M"
2025,"Martinez, Nick",607259,"R","FF",535,"92.6",2316,"18",0.8450603963319675,0.9144562272919768,156.10594655130373,161.77420065280074,"4-Seam Fastball",91,765,750,-5.668254101497013,5.668254101497018,15,12,45,12,30,0,15,"12:45","12:30","+0H 15M"
2025,"Freeland, Kyle",607536,"L","FF",827,"91.6",2404,"16.5",0.8171979725179157,0.8901793603909821,217.13476331879838,209.80268812512725,"4-Seam Fastball",89,645,660,7.33207519367113,7.332075193671165,-15,10,45,11,0,0,15,"10:45","11:00","-0H 15M"
2025,"Lugo, Seth",607625,"R","FF",500,"91.7",2352,"16.6",0.7747528931133796,0.848422663323334,146.58502974854105,152.36139913468824,"4-Seam Fastball",85,60,60,-5.776369386147195,5.776369386147194,0,1,0,1,0,0,0,"1:00","1:00"," 0H 00M"
2025,"Estévez, Carlos",608032,"R","FF",556,"95.9",2163,"18.5",0.9133586333489073,0.9898550490063364,152.54862817194092,155.11027841850566,"4-Seam Fastball",99,60,765,-2.5616502465647386,2.5616502465647453,15,1,0,12,45,0,15,"1:00","12:45","+0H 15M"
2025,"Fried, Max",608331,"L","FF",387,"95.8",2211,"14.8",0.714996053067922,0.8063102885277429,202.29826270233883,192.60516327335134,"4-Seam Fastball",81,675,690,9.693099428987495,9.693099428987514,-15,11,15,11,30,0,15,"11:15","11:30","-0H 15M"
2025,"Giolito, Lucas",608337,"R","FF",1142,"93.3",2231,"18.9",0.88973665275272,0.9952248388388595,152.73582770017128,158.0681958801958,"4-Seam Fastball",100,60,765,-5.332368180024503,5.332368180024508,15,1,0,12,45,0,15,"1:00","12:45","+0H 15M"
2025,"Sugano, Tomoyuki",608372,"R","FF",485,"92.7",2392,"17.2",0.7856999238429362,0.8648019886831605,152.9258297975928,159.84110457440912,"4-Seam Fastball",86,60,765,-6.915274776816318,6.915274776816302,15,1,0,12,45,0,15,"1:00","12:45","+0H 15M"
2025,"Wacha, Michael",608379,"R","FF",769,"93",2153,"18.7",0.9082333936046295,0.9841048674352523,156.06473367030281,158.24738807893675,"4-Seam Fastball",98,765,765,-2.182654408633937,2.182654408633929,0,12,45,12,45,0,0,"12:45","12:45"," 0H 00M"
2025,"Márquez, Germán",608566,"R","FF",737,"94.8",2203,"17.2",0.8847175222591673,0.9648489717953221,137.81794044057366,141.8785258488444,"4-Seam Fastball",96,90,75,-4.060585408270725,4.0605854082707,15,1,30,1,15,0,15,"1:30","1:15","+0H 15M"
2025,"Enns, Dietrich",608650,"L","FF",306,"94",2124,"18.1",0.8893600260138025,0.9602378655250225,205.9896109165924,199.03883077151076,"4-Seam Fastball",96,675,675,6.950780145081637,6.950780145081618,0,11,15,11,15,0,0,"11:15","11:15"," 0H 00M"
2025,"Suter, Brent",608718,"L","FF",460,"87.2",2248,"13.7",0.6362678268619557,0.705347305007714,185.45943530879612,166.78821495656436,"4-Seam Fastball",71,705,750,18.671220352231757,18.671220352231774,-45,11,45,12,30,0,45,"11:45","12:30","-0H 45M"
2025,"Quantrill, Cal",615698,"R","FF",408,"93.6",2137,"19.2",0.9250928637618051,0.9904153541025408,144.9610279270691,145.94145572664505,"4-Seam Fastball",99,75,75,-0.9804277995759492,0.9804277995759526,0,1,15,1,15,0,0,"1:15","1:15"," 0H 00M"
2025,"Wilson, Steven",621051,"R","FF",325,"93.9",2491,"19.5",0.885430731777871,0.9187939714509853,158.29199349349966,160.68326921689578,"4-Seam Fastball",92,765,765,-2.39127572339612,2.391275723396154,0,12,45,12,45,0,0,"12:45","12:45"," 0H 00M"
2025,"Ferguson, Tyler",621053,"R","FF",380,"94.8",2307,"16.4",0.7735712379274458,0.8449119176151594,137.07717381840354,147.0596740517822,"4-Seam Fastball",84,90,60,-9.982500233378659,9.982500233378678,30,1,30,1,0,0,30,"1:30","1:00","+0H 30M"
2025,"Buehler, Walker",621111,"R","FF",553,"94",2249,"17.4",0.812411561722687,0.9152177200824475,154.66090377527127,159.75284323029956,"4-Seam Fastball",92,765,765,-5.091939455028296,5.0919394550283155,0,12,45,12,45,0,0,"12:45","12:45"," 0H 00M"
2025,"Díaz, Edwin",621242,"R","FF",560,"97.2",2327,"18.4",0.8646229662912938,0.9476575153929179,127.37512818011885,131.75154460181213,"4-Seam Fastball",95,105,90,-4.376416421693278,4.376416421693292,15,1,45,1,30,0,15,"1:45","1:30","+0H 15M"
2025,"Berríos, José",621244,"R","FF",478,"93",2127,"17.8",0.8589114538911604,0.9382108678161052,137.21755088530372,144.14025382181023,"4-Seam Fastball",94,90,75,-6.922702936506511,6.9227029365065125,15,1,30,1,15,0,15,"1:30","1:15","+0H 15M"
2025,"Strahm, Matt",621381,"L","FF",367,"92.3",2535,"21.4",0.9538686689288549,0.9803503976483738,226.3993578517459,221.65118851526537,"4-Seam Fastball",98,630,630,4.748169336480515,4.748169336480548,0,10,30,10,30,0,0,"10:30","10:30"," 0H 00M"
2025,"Castillo, Luis",622491,"R","FF",1354,"95",2211,"17.9",0.8439560472641947,0.9116507836225088,122.16283565967825,130.4455534421035,"4-Seam Fastball",91,120,105,-8.282717782425237,8.28271778242525,15,2,0,1,45,0,15,"2:00","1:45","+0H 15M"
2025,"Domínguez, Seranthony",622554,"R","FF",471,"97.7",2364,"15.9",0.7515563543086984,0.832442302548561,150.33955653440682,160.76778338699168,"4-Seam Fastball",83,60,765,-10.428226852584856,10.428226852584853,15,1,0,12,45,0,15,"1:00","12:45","+0H 15M"
2025,"Senzatela, Antonio",622608,"R","FF",1218,"94.9",2227,"11.9",0.6286765341321537,0.8383224024842841,149.99201383505468,157.16865384384158,"4-Seam Fastball",84,60,765,-7.1766400087869044,7.176640008786889,15,1,0,12,45,0,15,"1:00","12:45","+0H 15M"
2025,"Severino, Luis",622663,"R","FF",754,"96.1",2282,"17.4",0.8272082978488645,0.9245427645952546,148.38488243995957,155.005690154955,"4-Seam Fastball",92,60,765,-6.620807714995436,6.62080771499544,15,1,0,12,45,0,15,"1:00","12:45","+0H 15M"
2025,"Flexen, Chris",623167,"R","FF",275,"92.4",2243,"17.3",0.8201160273339022,0.8965936761582698,164.54148066067543,172.4093153780949,"4-Seam Fastball",90,750,735,-7.86783471741947,7.867834717419482,15,12,30,12,15,0,15,"12:30","12:15","+0H 15M"
2025,"Suárez, Ranger",624133,"L","FF",354,"91.3",1951,"12.5",0.6294614222374254,0.7993283539576396,225.49699585784634,210.84679360494098,"4-Seam Fastball",80,630,660,14.650202252905359,14.650202252905359,-30,10,30,11,0,0,30,"10:30","11:00","-0H 30M"
2025,"Iglesias, Raisel",628452,"R","FF",373,"94.8",2342,"17.3",0.8293770869368922,0.8632222946203967,137.96161641095387,147.38567285417878,"4-Seam Fastball",86,90,60,-9.424056443224913,9.424056443224906,30,1,30,1,0,0,30,"1:30","1:00","+0H 30M"
2025,"Finnegan, Kyle",640448,"R","FF",493,"96.3",2239,"19.8",0.9546359509142726,0.9922655643028614,147.88309158375492,146.6385636710932,"4-Seam Fastball",99,60,60,1.2445279126617095,1.2445279126617317,0,1,0,1,0,0,0,"1:00","1:00"," 0H 00M"
2025,"Manaea, Sean",640455,"L","FF",657,"91.7",2050,"17.8",0.868138380801527,0.969497251373888,240.37638105755138,235.92328975674872,"4-Seam Fastball",97,600,615,4.453091300802669,4.453091300802621,-15,10,0,10,15,0,15,"10:00","10:15","-0H 15M"
2025,"López, Pablo",641154,"R","FF",517,"94.5",2167,"15.2",0.7356285888561686,0.7768527851768239,143.02567924336648,153.63690853066757,"4-Seam Fastball",78,75,60,-10.611229287301086,10.611229287301056,15,1,15,1,0,0,15,"1:15","1:00","+0H 15M"
2025,"Alexander, Tyler",641302,"L","FF",414,"90.8",2234,"18",0.8582297697857483,0.9034118695082031,217.4906608530775,212.5359595580714,"4-Seam Fastball",90,645,660,4.954701295006089,4.954701295006131,-15,10,45,11,0,0,15,"10:45","11:00","-0H 15M"
2025,"Baker, Bryan",641329,"R","FF",518,"96.7",2288,"18.1",0.8611499688208791,0.9572894460315583,160.19480641476542,166.05119430619655,"4-Seam Fastball",96,765,750,-5.856387891431126,5.8563878914311145,15,12,45,12,30,0,15,"12:45","12:30","+0H 15M"
2025,"Brogdon, Connor",641401,"R","FF",350,"95.5",2290,"18.8",0.8919432748514318,0.9674701179180241,140.56723578122123,142.40819539304917,"4-Seam Fastball",97,75,75,-1.840959611827941,1.8409596118279508,0,1,15,1,15,0,0,"1:15","1:15"," 0H 00M"
2025,"Keller, Brad",641745,"R","FF",472,"97.2",2381,"14.7",0.6944061265992666,0.7461303540457105,164.00655767775535,174.2703731750446,"4-Seam Fastball",75,750,735,-10.263815497289244,10.263815497289261,15,12,30,12,15,0,15,"12:30","12:15","+0H 15M"
2025,"Kinley, Tyler",641755,"R","FF",276,"95.1",2384,"14.2",0.7028613542955452,0.7904751467852773,159.9170971241224,170.42198434312658,"4-Seam Fastball",79,765,735,-10.504887219004189,10.504887219004182,30,12,45,12,15,0,30,"12:45","12:15","+0H 30M"
2025,"Lauer, Eric",641778,"L","FF",782,"91.7",2240,"17.7",0.8467986283328665,0.935788883126674,218.02603068761795,210.93477673913515,"4-Seam Fastball",94,645,660,7.091253948482802,7.091253948482813,-15,10,45,11,0,0,15,"10:45","11:00","-0H 15M"
2025,"Littell, Zack",641793,"R","FF",642,"92.1",2011,"17.2",0.8597743036962465,0.9577577062731125,148.38630126481732,153.59959168099854,"4-Seam Fastball",96,60,60,-5.2132904161812235,5.213290416181214,0,1,0,1,0,0,0,"1:00","1:00"," 0H 00M"
2025,"Mahle, Tyler",641816,"R","FF",683,"92",2333,"21.1",0.9713402918825721,0.9967912641787257,144.2570766366818,146.9591426712983,"4-Seam Fastball",100,75,60,-2.7020660346165073,2.7020660346165344,15,1,15,1,0,0,15,"1:15","1:00","+0H 15M"
2025,"Ober, Bailey",641927,"R","FF",839,"90.2",2288,"18.3",0.8490745617508116,0.9044576826334157,147.0834824626906,152.1457893067067,"4-Seam Fastball",90,60,60,-5.062306844016092,5.062306844016086,0,1,0,1,0,0,0,"1:00","1:00"," 0H 00M"
2025,"Pagán, Emilio",641941,"R","FF",654,"95.8",2614,"19.4",0.8810536091257588,0.943216639521512,154.6653931802986,158.37983670480725,"4-Seam Fastball",94,765,765,-3.7144435245086527,3.7144435245086425,0,12,45,12,45,0,0,"12:45","12:45"," 0H 00M"
2025,"Speier, Gabe",642100,"L","FF",394,"95",2234,"17.8",0.837503134258381,0.9355697411621395,225.72374736550339,215.20064342417004,"4-Seam Fastball",94,630,645,10.523103941333346,10.523103941333336,-15,10,30,10,45,0,15,"10:30","10:45","-0H 15M"
2025,"Williams, Devin",642207,"R","FF",528,"94.1",2368,"20.2",0.9336564639083259,0.9710282358060612,134.46917101208703,138.4298764060706,"4-Seam Fastball",97,90,90,-3.9607053939835737,3.9607053939835764,0,1,30,1,30,0,0,"1:30","1:30"," 0H 00M"
2025,"Peralta, Freddy",642547,"R","FF",1651,"94.8",2441,"16.9",0.7826679646531987,0.8571589346156018,154.12665136446105,163.6320772044122,"4-Seam Fastball",86,765,750,-9.505425839951158,9.505425839951155,15,12,45,12,30,0,15,"12:45","12:30","+0H 15M"
2025,"Santana, Dennis",642701,"R","FF",282,"94.7",2439,"17.9",0.8333246947166548,0.9216943742863378,137.47835727097882,140.3802348220267,"4-Seam Fastball",92,90,75,-2.9018775510478747,2.9018775510478845,15,1,30,1,15,0,15,"1:30","1:15","+0H 15M"
2025,"Green, Chad",643338,"R","FF",356,"95.2",2482,"19.2",0.8698090120292413,0.9222921796371281,153.178907831999,158.2681684829914,"4-Seam Fastball",92,60,765,-5.089260650992401,5.089260650992384,15,1,0,12,45,0,15,"1:00","12:45","+0H 15M"
2025,"Alcantara, Sandy",645261,"R","FF",505,"97.7",2286,"19.3",0.9189509103534511,0.9701891439448539,127.16187878465527,129.7106691711146,"4-Seam Fastball",97,105,105,-2.5487903864593306,2.548790386459345,0,1,45,1,45,0,0,"1:45","1:45"," 0H 00M"
2025,"Soroka, Michael",647336,"R","FF",689,"93.6",2534,"17.6",0.7985612893153543,0.8572552831439061,137.5259580860553,146.60269280728932,"4-Seam Fastball",86,90,60,-9.076734721234004,9.076734721234011,30,1,30,1,0,0,30,"1:30","1:00","+0H 30M"
2025,"Abreu, Bryan",650556,"R","FF",594,"97.3",2314,"17.5",0.8210299328961435,0.8687073896031646,147.7459149731694,156.79502910414996,"4-Seam Fastball",87,60,765,-9.04911413098057,9.049114130980572,15,1,0,12,45,0,15,"1:00","12:45","+0H 15M"
2025,"King, Michael",650633,"R","FF",296,"93.7",2368,"17.9",0.8077706873902563,0.8479972056006856,144.98434632404206,154.08184377406704,"4-Seam Fastball",85,75,765,-9.097497450024974,9.097497450024969,30,1,15,12,45,0,30,"1:15","12:45","+0H 30M"
2025,"Civale, Aaron",650644,"R","FF",271,"92.1",2436,"18.9",0.8707862306846678,0.9437003359065247,150.98471933971805,155.70659323974547,"4-Seam Fastball",94,60,765,-4.721873900027418,4.721873900027423,15,1,0,12,45,0,15,"1:00","12:45","+0H 15M"
2025,"Beeks, Jalen",656222,"L","FF",480,"94.4",2152,"16.6",0.8324148797556475,0.939231152501917,208.05595487991675,204.94192010614248,"4-Seam Fastball",94,660,675,3.1140347737742786,3.114034773774283,-15,11,0,11,15,0,15,"11:00","11:15","-0H 15M"
2025,"Blewett, Scott",656240,"R","FF",256,"93.4",2259,"15.1",0.7182683248679006,0.8447478582494922,154.35032026283233,158.41536259881977,"4-Seam Fastball",84,765,765,-4.065042335987442,4.065042335987451,0,12,45,12,45,0,0,"12:45","12:45"," 0H 00M"
2025,"Burke, Brock",656271,"L","FF",431,"96.1",2259,"17.6",0.8397652205883007,0.925684423170953,218.60467991174679,209.96339892118385,"4-Seam Fastball",93,645,660,8.641280990562933,8.64128099056291,-15,10,45,11,0,0,15,"10:45","11:00","-0H 15M"
2025,"Canning, Griffin",656288,"R","FF",462,"94.1",2148,"18.1",0.8577861966186365,0.9349126672401114,143.77003534422042,146.64377500561642,"4-Seam Fastball",93,75,60,-2.8737396613960016,2.8737396613960136,15,1,15,1,0,0,15,"1:15","1:00","+0H 15M"
2025,"Cease, Dylan",656302,"R","FF",1250,"97.1",2550,"18.5",0.8364560683353798,0.8888488854904372,167.4415278436205,168.4281975780061,"4-Seam Fastball",89,750,750,-0.9866697343856003,0.9866697343855705,0,12,30,12,30,0,0,"12:30","12:30"," 0H 00M"
2025,"Flaherty, Jack",656427,"R","FF",1285,"92.9",2263,"16.4",0.7731510431493249,0.8681729705186244,150.06150741374515,158.50510360885352,"4-Seam Fastball",87,60,765,-8.44359619510837,8.443596195108384,15,1,0,12,45,0,15,"1:00","12:45","+0H 15M"
2025,"Hoffman, Jeff",656546,"R","FF",440,"96.4",2553,"20.9",0.9415975428604473,0.9761021081269635,140.74277532218463,142.8336020866222,"4-Seam Fastball",98,75,75,-2.0908267644375655,2.0908267644375695,0,1,15,1,15,0,0,"1:15","1:15"," 0H 00M"
2025,"Holmes, Grant",656550,"R","FF",639,"94.5",2319,"15.5",0.7433003729287437,0.8140615439733108,149.28231013695677,159.84547592795232,"4-Seam Fastball",81,60,765,-10.563165790995555,10.563165790995553,15,1,0,12,45,0,15,"1:00","12:45","+0H 15M"
2025,"Keller, Mitch",656605,"R","FF",1057,"94",2407,"17",0.792185159605889,0.8500444668443233,144.1662445127471,148.34469552879233,"4-Seam Fastball",85,75,60,-4.178451016045216,4.178451016045211,15,1,15,1,0,0,15,"1:15","1:00","+0H 15M"
2025,"Latz, Jacob",656641,"L","FF",665,"94.2",2280,"20.4",0.9664435876382347,0.9796730571501467,209.86458913010506,206.6658552842094,"4-Seam Fastball",98,660,660,3.198733845895646,3.198733845895673,0,11,0,11,0,0,0,"11:00","11:00"," 0H 00M"
2025,"Megill, Trevor",656730,"R","FF",456,"99.2",2461,"19.1",0.8954448307142768,0.9344564929967561,162.5372388903172,167.28369444268768,"4-Seam Fastball",93,750,750,-4.746455552370463,4.746455552370456,0,12,30,12,30,0,0,"12:30","12:30"," 0H 00M"
2025,"Megill, Tylor",656731,"R","FF",521,"95.4",2295,"17.8",0.8244162828899709,0.8511054679722325,147.29082229028234,157.43585344478512,"4-Seam Fastball",85,60,765,-10.145031154502789,10.145031154502771,15,1,0,12,45,0,15,"1:00","12:45","+0H 15M"
2025,"Newcomb, Sean",656794,"L","FF",455,"93.3",2322,"18.7",0.8625431489640222,0.9035290588556943,224.05654744782518,215.94990819850298,"4-Seam Fastball",90,630,645,8.1066392493222,8.106639249322205,-15,10,30,10,45,0,15,"10:30","10:45","-0H 15M"
2025,"Peterson, David",656849,"L","FF",611,"92.2",2132,"13.7",0.654704679176348,0.7167978288538538,213.44786926947484,200.44641021651347,"4-Seam Fastball",72,660,675,13.001459052961366,13.00145905296142,-15,11,0,11,15,0,15,"11:00","11:15","-0H 15M"
2025,"Rasmussen, Drew",656876,"R","FF",819,"95.8",2481,"17.4",0.8045469346512418,0.9114377983919725,160.50703141671107,165.8483247253503,"4-Seam Fastball",91,765,750,-5.341293308639223,5.341293308639243,15,12,45,12,30,0,15,"12:45","12:30","+0H 15M"
2025,"Scott, Tanner",656945,"L","FF",471,"96.5",2550,"17.4",0.7981167168978316,0.8117209625377665,214.96797134876334,201.70544135638622,"4-Seam Fastball",81,645,675,13.262529992377125,13.262529992377095,-30,10,45,11,15,0,30,"10:45","11:15","-0H 30M"
2025,"Sousa, Bennett",656986,"L","FF",295,"95.1",2238,"16.8",0.8017895851484923,0.8472973591273918,197.52551249333226,192.7760374652695,"4-Seam Fastball",85,690,690,4.749475028062761,4.749475028062767,0,11,30,11,30,0,0,"11:30","11:30"," 0H 00M"
2025,"Webb, Jacob",657097,"R","FF",421,"93.4",2469,"18.8",0.8564016357654979,0.8747235368082691,140.77721669606075,151.70333405883622,"4-Seam Fastball",87,75,60,-10.926117362775472,10.92611736277546,15,1,15,1,0,0,15,"1:15","1:00","+0H 15M"
2025,"Webb, Logan",657277,"R","FF",256,"92.8",2118,"13.7",0.6526707772929019,0.757887992718565,122.86764540797506,136.46370590826524,"4-Seam Fastball",76,120,90,-13.596060500290179,13.596060500290173,30,2,0,1,30,0,30,"2:00","1:30","+0H 30M"
2025,"Ferguson, Caleb",657571,"L","FF",328,"93.9",2307,"15.9",0.7497357805186232,0.8475510561546347,209.08820346248612,198.67898496251777,"4-Seam Fastball",85,660,690,10.409218499968347,10.409218499968363,-30,11,0,11,30,0,30,"11:00","11:30","-0H 30M"
2025,"Ryan, Joe",657746,"R","FF",1428,"93.7",2292,"18.5",0.8806117720619054,0.9692850009811398,133.07142023035888,134.2577831099897,"4-Seam Fastball",97,90,90,-1.1863628796308205,1.1863628796308117,0,1,30,1,30,0,0,"1:30","1:30"," 0H 00M"
2025,"Ohtani, Shohei",660271,"R","FF",291,"98.4",2468,"15.1",0.7176073606141881,0.7837556146326929,146.87969900924625,159.30976842183827,"4-Seam Fastball",78,60,765,-12.430069412592019,12.43006941259202,15,1,0,12,45,0,15,"1:00","12:45","+0H 15M"
2025,"De Los Santos, Enyel",660853,"R","FF",540,"96.2",2288,"16.6",0.8005947658505809,0.8840920663849106,132.60742473390732,137.5602465075442,"4-Seam Fastball",88,90,90,-4.9528217736368845,4.952821773636905,0,1,30,1,30,0,0,"1:30","1:30"," 0H 00M"
2025,"Alcala, Jorge",660896,"R","FF",486,"97.4",2482,"19.6",0.9025340623590828,0.9525498448581655,146.9296856730857,151.78730441807522,"4-Seam Fastball",95,60,60,-4.857618744989537,4.8576187449895665,0,1,0,1,0,0,0,"1:00","1:00"," 0H 00M"
2025,"Duran, Jhoan",661395,"R","FF",376,"100.6",2108,"18.4",0.934016664864669,0.9906332835731914,128.28148851485992,130.88985399764832,"4-Seam Fastball",99,105,105,-2.6083654827884004,2.6083654827884195,0,1,45,1,45,0,0,"1:45","1:45"," 0H 00M"
2025,"Gil, Luis",661563,"R","FF",491,"95.3",2468,"16.1",0.7391912710052579,0.7678361521701387,161.9679901061811,169.80418521816614,"4-Seam Fastball",77,750,735,-7.836195111985035,7.836195111985028,15,12,30,12,15,0,15,"12:30","12:15","+0H 15M"
2025,"Muñoz, Andrés",662253,"R","FF",367,"98.4",2276,"17.5",0.8269217925945078,0.9071406451587728,134.50310023645488,137.18336391831,"4-Seam Fastball",91,90,90,-2.6802636818551093,2.6802636818551338,0,1,30,1,30,0,0,"1:30","1:30"," 0H 00M"
2025,"Suarez, Robert",663158,"R","FF",650,"98.6",2401,"19",0.8837354107323573,0.9442970843396231,156.1725102689862,158.592273910448,"4-Seam Fastball",94,765,765,-2.419763641461799,2.4197636414618073,0,12,45,12,45,0,0,"12:45","12:45"," 0H 00M"
2025,"Martin, Davis",663436,"R","FF",751,"94",2411,"15.9",0.7298292972235205,0.8406861790301241,147.40704209473716,155.77428435069658,"4-Seam Fastball",84,60,765,-8.367242255959411,8.367242255959415,15,1,0,12,45,0,15,"1:00","12:45","+0H 15M"
2025,"Pilkington, Konnor",663455,"L","FF",295,"94.5",2359,"18.8",0.8755527898812687,0.954981747730219,224.92028958853868,221.92771924293135,"4-Seam Fastball",95,630,630,2.9925703456073336,2.992570345607318,0,10,30,10,30,0,0,"10:30","10:30"," 0H 00M"
2025,"Bubic, Kris",663460,"L","FF",672,"92.1",2419,"18.1",0.8307205740168405,0.8458296320544512,203.9334292890201,194.273417130363,"4-Seam Fastball",85,675,690,9.66001215865711,9.660012158657091,-15,11,15,11,30,0,15,"11:15","11:30","-0H 15M"
2025,"Allard, Kolby",663465,"L","FF",379,"90.1",2030,"16.7",0.8241215790258547,0.9316188858941077,210.8278113015798,202.23235793244092,"4-Seam Fastball",93,660,675,8.59545336913888,8.595453369138879,-15,11,0,11,15,0,15,"11:00","11:15","-0H 15M"
2025,"Sands, Cole",663485,"R","FF",304,"95",2353,"17.5",0.8264606389179966,0.8555026227631308,136.01356103438758,137.7521795158467,"4-Seam Fastball",86,90,90,-1.7386184814591275,1.738618481459134,0,1,30,1,30,0,0,"1:30","1:30"," 0H 00M"
2025,"Mize, Casey",663554,"R","FF",799,"94.6",2251,"18.6",0.898273922486578,0.9808410792376285,149.31506232060613,153.0336197827039,"4-Seam Fastball",98,60,60,-3.7185574620977775,3.718557462097768,0,1,0,1,0,0,0,"1:00","1:00"," 0H 00M"
2025,"Falter, Bailey",663559,"L","FF",915,"92.2",2121,"18.4",0.8913733787388485,0.9891773307394552,191.89677814479796,191.38086860495272,"4-Seam Fastball",99,690,690,0.5159095398452394,0.5159095398452141,0,11,30,11,30,0,0,"11:30","11:30"," 0H 00M"
2025,"Kolek, Stephen",663568,"R","FF",432,"94",2177,"14.9",0.7305417969196651,0.88086141520385,138.02929721760435,144.8055417269131,"4-Seam Fastball",88,90,75,-6.7762445093087535,6.776244509308753,15,1,30,1,15,0,15,"1:30","1:15","+0H 15M"
2025,"Santillan, Tony",663574,"R","FF",799,"96.3",2347,"17.6",0.8377548103730726,0.9318648876116433,134.15934210255966,136.0791338644739,"4-Seam Fastball",93,90,90,-1.9197917619142402,1.9197917619142093,0,1,30,1,30,0,0,"1:30","1:30"," 0H 00M"
2025,"Irvin, Jake",663623,"R","FF",945,"92.4",2332,"17.1",0.7951726570701173,0.8579074709102741,137.38996242819127,144.99028812623973,"4-Seam Fastball",86,90,75,-7.600325698048465,7.600325698048468,15,1,30,1,15,0,15,"1:30","1:15","+0H 15M"
2025,"Enright, Nic",663671,"R","FF",353,"93.2",2515,"19.9",0.9060924301988353,0.9633272975822399,163.56136377352252,165.99725955826483,"4-Seam Fastball",96,750,750,-2.435895784742314,2.435895784742304,0,12,30,12,30,0,0,"12:30","12:30"," 0H 00M"
2025,"Harris, Hogan",663687,"L","FF",635,"93.5",2300,"19",0.8947343092591692,0.982598496907662,204.11535044946675,207.6060328719891,"4-Seam Fastball",98,675,660,-3.4906824225223545,3.490682422522327,15,11,15,11,0,0,15,"11:15","11:00","+0H 15M"
2025,"Singer, Brady",663903,"R","FF",298,"91.3",2442,"15.3",0.7009315089218848,0.7324456239045217,150.40537528400247,154.63883448928487,"4-Seam Fastball",73,60,765,-4.233459205282401,4.233459205282392,15,1,0,12,45,0,15,"1:00","12:45","+0H 15M"
2025,"Beck, Tristan",663941,"R","FF",270,"94.7",2130,"18.2",0.8824139844057106,0.9750046699579366,144.11276755276913,146.30224458308967,"4-Seam Fastball",98,75,60,-2.189477030320546,2.189477030320569,15,1,15,1,0,0,15,"1:15","1:00","+0H 15M"
2025,"Paddack, Chris",663978,"R","FF",1132,"93.7",2241,"19.8",0.9512220580221991,0.9953065237383005,151.45646621282907,152.06228112290603,"4-Seam Fastball",100,60,60,-0.6058149100769583,0.6058149100769462,0,1,0,1,0,0,0,"1:00","1:00"," 0H 00M"
2025,"Fairbanks, Pete",664126,"R","FF",497,"97.3",2433,"16.8",0.7838509285449968,0.8871808106503554,172.07111718759552,179.21756010777298,"4-Seam Fastball",89,735,720,-7.1464429201774635,7.14644292017746,15,12,15,12,0,0,15,"12:15","12:00","+0H 15M"
2025,"Helsley, Ryan",664854,"R","FF",432,"99.3",2534,"17.5",0.8025573690584377,0.8898242066209858,167.20276198086032,172.56589856032988,"4-Seam Fastball",89,750,735,-5.363136579469568,5.363136579469538,15,12,30,12,15,0,15,"12:30","12:15","+0H 15M"
2025,"Kremer, Dean",665152,"R","FF",722,"93.3",2280,"19.2",0.8989800347725097,0.9774973544948344,152.08140911326336,155.65242479000344,"4-Seam Fastball",98,60,765,-3.5710156767400747,3.5710156767400765,15,1,0,12,45,0,15,"1:00","12:45","+0H 15M"
2025,"Alvarado, Elvis",665660,"R","FF",412,"98.7",2457,"19.7",0.9235064135644203,0.9790414564570709,127.87513801726462,130.33363610488135,"4-Seam Fastball",98,105,105,-2.458498087616732,2.458498087616713,0,1,45,1,45,0,0,"1:45","1:45"," 0H 00M"
2025,"Cabrera, Edward",665795,"R","FF",287,"97",2335,"18",0.8484916536075862,0.9182742026499913,137.71487698198263,140.8651511328585,"4-Seam Fastball",92,90,75,-3.150274150875873,3.1502741508758643,15,1,30,1,15,0,15,"1:30","1:15","+0H 15M"
2025,"Ragans, Cole",666142,"L","FF",533,"95.3",2576,"21.8",0.9889435082566174,0.987410865683259,225.00704758188863,221.44324449897698,"4-Seam Fastball",99,630,630,3.5638030829116474,3.5638030829116483,0,10,30,10,30,0,0,"10:30","10:30"," 0H 00M"
2025,"Lodolo, Nick",666157,"L","FF",707,"93.8",2291,"19.7",0.9334043770849606,0.9823931471513099,247.6395747052311,244.98119314794295,"4-Seam Fastball",98,585,585,2.658381557288152,2.65838155728816,0,9,45,9,45,0,0,"9:45","9:45"," 0H 00M"
2025,"Zeferjahn, Ryan",666171,"R","FF",323,"97.4",2213,"16.1",0.7797668695632097,0.8658278490441519,152.26078855945073,162.51991588306268,"4-Seam Fastball",87,60,750,-10.25912732361195,10.259127323611954,30,1,0,12,30,0,30,"1:00","12:30","+0H 30M"
2025,"Luzardo, Jesús",666200,"L","FF",1015,"96.5",2239,"18.4",0.8872761693929728,0.9507313930314104,230.30862338284257,223.34787589632592,"4-Seam Fastball",95,615,630,6.960747486516652,6.960747486516701,-15,10,15,10,30,0,15,"10:15","10:30","-0H 15M"
2025,"Wentz, Joey",666214,"L","FF",799,"93.4",2317,"18.2",0.8629994606667788,0.9169776698217378,202.48955573590288,196.9314510193549,"4-Seam Fastball",92,675,690,5.558104716547973,5.558104716547973,-15,11,15,11,30,0,15,"11:15","11:30","-0H 15M"
2025,"Morillo, Juan",666661,"R","FF",292,"99",2248,"17",0.8454967146366984,0.9235136110608642,152.54740917646717,160.7565199697462,"4-Seam Fastball",92,60,765,-8.209110793279024,8.209110793279006,15,1,0,12,45,0,15,"1:00","12:45","+0H 15M"
2025,"Erceg, Lucas",668674,"R","FF",317,"97.5",2121,"17.5",0.880056229043351,0.9792481873198609,139.45008930122594,141.29485278421245,"4-Seam Fastball",98,75,75,-1.844763482986508,1.8447634829865067,0,1,15,1,15,0,0,"1:15","1:15"," 0H 00M"
2025,"Gallen, Zac",668678,"R","FF",1412,"93.5",2320,"17.2",0.8211109470869146,0.8600975952368924,154.63143841028582,164.98868296726116,"4-Seam Fastball",86,765,750,-10.357244556975331,10.357244556975335,15,12,45,12,30,0,15,"12:45","12:30","+0H 15M"
2025,"Greene, Hunter",668881,"R","FF",943,"99.5",2439,"18.9",0.8976528904357454,0.9692980470717544,146.76992728036024,150.30590645489332,"4-Seam Fastball",97,60,60,-3.5359791745330824,3.5359791745330775,0,1,0,1,0,0,0,"1:00","1:00"," 0H 00M"
2025,"Williams, Gavin",668909,"R","FF",1078,"96.6",2307,"18.5",0.8781001002650654,0.9576998844736697,138.95386259398273,142.04652563140777,"4-Seam Fastball",96,75,75,-3.092663037425041,3.0926630374250323,0,1,15,1,15,0,0,"1:15","1:15"," 0H 00M"
2025,"Myers, Tobias",668964,"R","FF",372,"93.5",2280,"19.8",0.9270754318665528,0.994243169080027,162.1740097781556,163.1362110298563,"4-Seam Fastball",99,750,750,-0.9622012517006908,0.9622012517006913,0,12,30,12,30,0,0,"12:30","12:30"," 0H 00M"
2025,"Legumina, Casey",668984,"R","FF",457,"94.3",2413,"20",0.9110957740347473,0.9693466863526824,129.47638667220238,127.93305469414318,"4-Seam Fastball",97,105,105,1.5433319780592,1.5433319780591854,0,1,45,1,45,0,0,"1:45","1:45"," 0H 00M"
2025,"Rolison, Ryan",669020,"L","FF",315,"92.9",2323,"11.5",0.5961164076708761,0.6738590272477271,197.43296561926567,183.47197568839954,"4-Seam Fastball",67,690,720,13.960989930866134,13.960989930866132,-30,11,30,12,0,0,30,"11:30","12:00","-0H 30M"
2025,"Gore, MacKenzie",669022,"L","FF",1388,"95.3",2260,"17.9",0.847722707550161,0.9192377553208583,211.87558586401076,202.62873534889255,"4-Seam Fastball",92,660,675,9.246850515118211,9.246850515118256,-15,11,0,11,15,0,15,"11:00","11:15","-0H 15M"
2025,"Estrada, Jeremiah",669093,"R","FF",700,"97.9",2197,"19.4",0.9382411331717811,0.9866637903368984,171.13677776154074,173.86892328719608,"4-Seam Fastball",99,735,735,-2.7321455256553406,2.7321455256553264,0,12,15,12,15,0,0,"12:15","12:15"," 0H 00M"
2025,"May, Dustin",669160,"R","FF",361,"95.4",2344,"17",0.7845978576296396,0.8915883284168119,129.097233132642,135.83078119710822,"4-Seam Fastball",89,105,90,-6.73354806446622,6.733548064466198,15,1,45,1,30,0,15,"1:45","1:30","+0H 15M"
2025,"Nelson, Ryne",669194,"R","FF",1518,"95.7",2271,"19.1",0.9321785511623908,0.9886282222363061,168.2656148695195,169.86344505266428,"4-Seam Fastball",99,750,735,-1.5978301831447652,1.5978301831447572,15,12,30,12,15,0,15,"12:30","12:15","+0H 15M"
2025,"Bachar, Lake",669199,"R","FF",425,"94.8",2717,"20.4",0.888064439237463,0.9013700352448698,147.96735837247752,151.0671574120305,"4-Seam Fastball",90,60,60,-3.099799039552977,3.0997990395530035,0,1,0,1,0,0,0,"1:00","1:00"," 0H 00M"
2025,"Akin, Keegan",669211,"L","FF",543,"93.7",2371,"20.7",0.9535974431222413,0.9573890703009589,219.7683846086994,216.92169027667856,"4-Seam Fastball",96,645,645,2.8466943320208316,2.8466943320208067,0,10,45,10,45,0,0,"10:45","10:45"," 0H 00M"
2025,"Lee, Dylan",669276,"L","FF",339,"94",2355,"20.6",0.9741388798465362,0.9944942273540982,206.3015390836409,204.98723834039558,"4-Seam Fastball",99,660,675,1.314300743245326,1.314300743245325,-15,11,0,11,15,0,15,"11:00","11:15","-0H 15M"
2025,"Gilbert, Logan",669302,"R","FF",762,"95.4",2115,"18.3",0.8920043203234551,0.9683635983875756,147.87322450714467,151.15935719609212,"4-Seam Fastball",97,60,60,-3.286132688947447,3.2861326889474247,0,1,0,1,0,0,0,"1:00","1:00"," 0H 00M"
2025,"Reynolds, Sean",669308,"R","FF",256,"96",2442,"19.5",0.9022361969149179,0.9716486547258859,146.00480565722088,146.8297463559532,"4-Seam Fastball",97,75,60,-0.8249406987323198,0.8249406987323104,15,1,15,1,0,0,15,"1:15","1:00","+0H 15M"
2025,"Baz, Shane",669358,"R","FF",1189,"97",2456,"19.2",0.8877188787056576,0.9441857885071114,144.19119810880318,147.2725895241022,"4-Seam Fastball",94,75,60,-3.0813914152990094,3.0813914152990094,15,1,15,1,0,0,15,"1:15","1:00","+0H 15M"
2025,"Henry, Cole",669371,"R","FF",493,"94.4",2536,"20.3",0.9152666197863839,0.9513295823813765,128.52057899215066,131.4195787164263,"4-Seam Fastball",95,105,90,-2.898999724275626,2.898999724275618,15,1,45,1,30,0,15,"1:45","1:30","+0H 15M"
2025,"Skubal, Tarik",669373,"L","FF",835,"97.6",2354,"16.9",0.803042985541339,0.9012223225871537,202.88318502778276,192.32466707095452,"4-Seam Fastball",90,675,690,10.55851795682824,10.558517956828242,-15,11,15,11,30,0,15,"11:15","11:30","-0H 15M"
2025,"Mlodzinski, Carmen",669387,"R","FF",584,"96.1",2143,"15",0.7443523744359648,0.9144582834717615,135.44596101596167,136.90098660653558,"4-Seam Fastball",91,90,90,-1.4550255905739107,1.4550255905739278,0,1,30,1,30,0,0,"1:30","1:30"," 0H 00M"
2025,"Rogers, Trevor",669432,"L","FF",662,"93.1",2411,"18.4",0.8451326790169554,0.8792603694413424,229.47118068936157,220.63243306713684,"4-Seam Fastball",88,615,645,8.83874762222473,8.838747622224753,-30,10,15,10,45,0,30,"10:15","10:45","-0H 30M"
2025,"Liberatore, Matthew",669461,"L","FF",707,"93.9",2113,"17.4",0.8618519546477821,0.9659534757059882,207.50345501929166,205.5705231740479,"4-Seam Fastball",97,660,675,1.9329318452437576,1.9329318452437743,-15,11,0,11,15,0,15,"11:00","11:15","-0H 15M"
2025,"Pallante, Andre",669467,"R","FF",1197,"94.5",2303,"9.5",0.45097833316548486,0.6870740001155398,177.42216930678202,179.56510983509807,"4-Seam Fastball",69,720,720,-2.1429405283160463,2.142940528316026,0,12,0,12,0,0,0,"12:00","12:00"," 0H 00M"
2025,"Long, Sam",669674,"L","FF",275,"93.2",2312,"17.2",0.8148915352415154,0.919405999735188,212.23144629894324,204.68362892318433,"4-Seam Fastball",92,660,675,7.54781737575891,7.547817375758906,-15,11,0,11,15,0,15,"11:00","11:15","-0H 15M"
2025,"Weissert, Greg",669711,"R","FF",356,"94.1",2367,"14.9",0.687154775497994,0.7460924553294248,136.42140427777474,143.2651945014295,"4-Seam Fastball",75,90,75,-6.843790223654764,6.84379022365478,15,1,30,1,15,0,15,"1:30","1:15","+0H 15M"
2025,"Blanco, Ronel",669854,"R","FF",283,"93.2",2260,"19.5",0.9087047448586428,0.982487581639544,154.90901226021862,158.87703821333832,"4-Seam Fastball",98,765,765,-3.9680259531197066,3.968025953119708,0,12,45,12,45,0,0,"12:45","12:45"," 0H 00M"
2025,"Kirby, George",669923,"R","FF",584,"96.1",2280,"16.6",0.7866755656960717,0.8952613715311291,137.172861164585,140.35664401208413,"4-Seam Fastball",90,90,75,-3.1837828474991454,3.1837828474991534,15,1,30,1,15,0,15,"1:30","1:15","+0H 15M"
2025,"Festa, Matt",670036,"R","FF",320,"92.1",2512,"11",0.5008536643931106,0.6042242330236653,165.42420727942218,183.935802197851,"4-Seam Fastball",60,750,705,-18.511594918428813,18.511594918428813,45,12,30,11,45,0,45,"12:30","11:45","+0H 45M"
2025,"Francis, Bowden",670102,"R","FF",638,"92.5",2254,"19.3",0.8874264935594717,0.9232358194281862,149.0471707946923,156.89336360995924,"4-Seam Fastball",92,60,765,-7.846192815266932,7.846192815266954,15,1,0,12,45,0,15,"1:00","12:45","+0H 15M"
2025,"Schreiber, John",670167,"R","FF",330,"93.8",2257,"15",0.7237794121205289,0.798206477014296,122.49168521081198,131.16564399357793,"4-Seam Fastball",80,120,105,-8.67395878276595,8.673958782765931,15,2,0,1,45,0,15,"2:00","1:45","+0H 15M"
2025,"Bednar, David",670280,"R","FF",450,"97",2442,"19.5",0.9081075270884756,0.9801599797459819,149.99087469407843,154.3129544981998,"4-Seam Fastball",98,60,765,-4.322079804121358,4.3220798041213335,15,1,0,12,45,0,15,"1:00","12:45","+0H 15M"
2025,"Uceta, Edwin",670955,"R","FF",484,"94",2411,"17.6",0.8179920647104216,0.869169438710628,126.05023844720833,133.78041290188446,"4-Seam Fastball",87,105,90,-7.730174454676131,7.730174454676119,15,1,45,1,30,0,15,"1:45","1:30","+0H 15M"
2025,"Ramírez, Yohan",670990,"R","FF",271,"96.4",2341,"17",0.8203849427695628,0.8710372763316258,130.21960974568074,139.37174316953033,"4-Seam Fastball",87,105,75,-9.152133423849591,9.152133423849602,30,1,45,1,15,0,30,"1:45","1:15","+0H 30M"
2025,"Abbott, Andrew",671096,"L","FF",1259,"92.8",2275,"18.2",0.87152846056306,0.9501915746947138,212.69104563295093,211.41752484997016,"4-Seam Fastball",95,660,660,1.2735207829807678,1.273520782980759,0,11,0,11,0,0,0,"11:00","11:00"," 0H 00M"
2025,"Allen, Logan",671106,"L","FF",908,"91.2",2231,"17",0.8049887729844478,0.9014814969388889,208.64883308773682,202.13137249219827,"4-Seam Fastball",90,660,675,6.517460595538552,6.517460595538543,-15,11,0,11,15,0,15,"11:00","11:15","-0H 15M"
2025,"Rutledge, Jackson",671131,"R","FF",264,"95.6",2374,"18.5",0.861080431955238,0.9057248354296775,137.93608620041147,142.71828280705319,"4-Seam Fastball",91,90,75,-4.782196606641719,4.782196606641741,15,1,30,1,15,0,15,"1:30","1:15","+0H 15M"
2025,"Boyle, Joe",671212,"R","FF",452,"98.5",2579,"16.7",0.7688072254409799,0.7964122709948317,142.32108576400543,149.18279509649702,"4-Seam Fastball",80,75,60,-6.861709332491586,6.8617093324915945,15,1,15,1,0,0,15,"1:15","1:00","+0H 15M"
2025,"Bradley, Taj",671737,"R","FF",1054,"96.2",2301,"19.1",0.9138099114685202,0.9690663908492659,157.93820844806095,157.66452580474518,"4-Seam Fastball",97,765,765,0.27368264331576597,0.27368264331574604,0,12,45,12,45,0,0,"12:45","12:45"," 0H 00M"
2025,"Smith, Cade",671922,"R","FF",826,"96.4",2321,"18.4",0.870357122438146,0.9654520038566575,145.21920530062,150.38562736388099,"4-Seam Fastball",97,75,60,-5.166422063260995,5.166422063260989,15,1,15,1,0,0,15,"1:15","1:00","+0H 15M"
2025,"Detmers, Reid",672282,"L","FF",478,"95.8",2163,"19.4",0.9389102382230188,0.9895171883228708,208.30420598807072,204.32594505213783,"4-Seam Fastball",99,660,675,3.9782609359328944,3.978260935932918,-15,11,0,11,15,0,15,"11:00","11:15","-0H 15M"
2025,"Ort, Kaleb",672391,"R","FF",428,"96.4",2445,"19.5",0.8969682613718645,0.9686045798672321,158.86648936391805,156.4593856115212,"4-Seam Fastball",97,765,765,2.4071037523968357,2.4071037523968495,0,12,45,12,45,0,0,"12:45","12:45"," 0H 00M"
2025,"Montero, Keider",672456,"R","FF",450,"93.9",2225,"16.5",0.7966591850895978,0.8582390602590516,149.96926432805185,160.07970953163246,"4-Seam Fastball",86,60,765,-10.11044520358061,10.110445203580596,15,1,0,12,45,0,15,"1:00","12:45","+0H 15M"
2025,"Hernández, Carlos",672578,"R","FF",386,"97.7",2415,"19.1",0.8939884577818676,0.9491523753608531,148.28622285230773,153.24853288580653,"4-Seam Fastball",95,60,60,-4.962310033498795,4.96231003349879,0,1,0,1,0,0,0,"1:00","1:00"," 0H 00M"
2025,"Gómez, Yoendrys",672782,"R","FF",368,"93.8",2468,"17.5",0.7946124747090143,0.8941228921952346,150.26330428637192,156.12282898200755,"4-Seam Fastball",89,60,765,-5.859524695635628,5.859524695635641,15,1,0,12,45,0,15,"1:00","12:45","+0H 15M"
2025,"Matsui, Yuki",673513,"L","FF",414,"92.1",2444,"19.6",0.8861597535076845,0.9446458255130172,199.9212149039068,193.83464811056658,"4-Seam Fastball",94,675,690,6.086566793340211,6.0865667933402445,-15,11,15,11,30,0,15,"11:15","11:30","-0H 15M"
2025,"Senga, Kodai",673540,"R","FF",597,"94.7",2380,"17.8",0.8229403442106917,0.879026904649103,144.05876256418819,153.5782866510152,"4-Seam Fastball",88,75,60,-9.519524086827005,9.519524086827024,15,1,15,1,0,0,15,"1:15","1:00","+0H 15M"
2025,"Leasure, Jordan",673929,"R","FF",605,"96.2",2382,"19.3",0.9062422689889627,0.9555229795464696,164.88397607867802,167.62369754667554,"4-Seam Fastball",96,750,750,-2.7397214679975264,2.7397214679975264,0,12,30,12,30,0,0,"12:30","12:30"," 0H 00M"
2025,"Bido, Osvaldo",674370,"R","FF",515,"94.5",2444,"18.5",0.8482693279525236,0.922284231693426,138.98619458123886,145.14579257755662,"4-Seam Fastball",92,75,75,-6.159597996317757,6.159597996317768,0,1,15,1,15,0,0,"1:15","1:15"," 0H 00M"
2025,"Cruz, Steven",674444,"R","FF",320,"98.2",2237,"17.7",0.8675698403870866,0.9440472964703019,142.67592113892772,144.75678279310702,"4-Seam Fastball",94,75,75,-2.0808616541793015,2.0808616541793032,0,1,15,1,15,0,0,"1:15","1:15"," 0H 00M"
2025,"Melton, Troy",675512,"R","FF",264,"97.1",2243,"16",0.7805320067868206,0.8963579909616962,148.39491152408056,153.7830641123504,"4-Seam Fastball",90,60,765,-5.388152588269833,5.388152588269813,15,1,0,12,45,0,15,"1:00","12:45","+0H 15M"
2025,"Mejia, Juan",675848,"R","FF",722,"96.6",2580,"11.9",0.587892749541246,0.7231344614395964,160.4058641904479,175.3120483575296,"4-Seam Fastball",72,765,735,-14.906184167081705,14.906184167081705,30,12,45,12,15,0,30,"12:45","12:15","+0H 30M"
2025,"Strider, Spencer",675911,"R","FF",1081,"95.5",2300,"18.4",0.8868392420958845,0.967040409079112,149.7438707812411,149.54600020422592,"4-Seam Fastball",97,60,60,0.19787057701518052,0.19787057701517854,0,1,0,1,0,0,0,"1:00","1:00"," 0H 00M"
2025,"Junk, Janson",676083,"R","FF",610,"93.6",2291,"17.8",0.834089485548569,0.8813908768938785,161.8382697949702,170.41609511707836,"4-Seam Fastball",88,750,735,-8.577825322108168,8.577825322108154,15,12,30,12,15,0,15,"12:30","12:15","+0H 15M"
2025,"Hancock, Emerson",676106,"R","FF",365,"94.9",2388,"17.1",0.786333919939435,0.9049499264156878,127.28783967863009,129.06035668410897,"4-Seam Fastball",90,105,105,-1.7725170054788748,1.7725170054788644,0,1,45,1,45,0,0,"1:45","1:45"," 0H 00M"
2025,"Buttó, José",676130,"R","FF",337,"95.2",2412,"14.9",0.6896267494894073,0.7611286152515925,153.71240856864767,167.51256834169996,"4-Seam Fastball",76,60,750,-13.800159773052286,13.800159773052288,30,1,0,12,30,0,30,"1:00","12:30","+0H 30M"
2025,"Dreyer, Jack",676263,"L","FF",508,"92.7",2396,"20.4",0.9424189487676046,0.9962245044228547,202.2107964267551,200.9759745872477,"4-Seam Fastball",100,675,675,1.2348218395074184,1.234821839507438,0,11,15,11,15,0,0,"11:15","11:15"," 0H 00M"
2025,"Cantillo, Joey",676282,"L","FF",687,"91.7",1842,"17.8",0.9252544888105436,0.9926688473153589,206.81937749701302,204.57721668720404,"4-Seam Fastball",99,660,675,2.242160809808979,2.242160809808969,-15,11,0,11,15,0,15,"11:00","11:15","-0H 15M"
2025,"Garcia, Robert",676395,"L","FF",425,"94.4",2258,"17.2",0.8148860958887927,0.8712034832493601,231.3920355040594,220.52309224637602,"4-Seam Fastball",87,615,645,10.868943257683384,10.868943257683354,-30,10,15,10,45,0,30,"10:15","10:45","-0H 30M"
2025,"Bibee, Tanner",676440,"R","FF",810,"94.4",2243,"15.2",0.7233003442808604,0.8623926261661896,155.72573822943687,157.56901806505817,"4-Seam Fastball",86,765,765,-1.8432798356213027,1.843279835621305,0,12,45,12,45,0,0,"12:45","12:45"," 0H 00M"
2025,"Gordon, Colton",676467,"L","FF",606,"91.1",2046,"18.8",0.9261059205386117,0.9860963092074425,219.3487971294261,213.98596290004295,"4-Seam Fastball",99,645,645,5.3628342293831395,5.362834229383114,0,10,45,10,45,0,0,"10:45","10:45"," 0H 00M"
2025,"Casparius, Ben",676508,"R","FF",375,"96.1",2433,"17.6",0.8143231573655916,0.849312512812778,160.7232575026781,170.42274275542925,"4-Seam Fastball",85,765,735,-9.699485252751145,9.699485252751158,30,12,45,12,15,0,30,"12:45","12:15","+0H 30M"
2025,"Lazar, Max",676661,"R","FF",357,"94.5",2499,"15.9",0.722890583067149,0.8241318483700261,165.0675716344436,176.53224574343443,"4-Seam Fastball",82,750,720,-11.464674108990835,11.464674108990824,30,12,30,12,0,0,30,"12:30","12:00","+0H 30M"
2025,"Sears, JP",676664,"L","FF",961,"92.2",2019,"18.2",0.8996374769276382,0.9766507280562126,228.32105213072728,223.28602995102767,"4-Seam Fastball",98,630,630,5.0350221796996095,5.0350221796996095,0,10,30,10,30,0,0,"10:30","10:30"," 0H 00M"
2025,"Vest, Will",676684,"R","FF",591,"96.7",2255,"17.2",0.8322835633360149,0.8873043007688096,152.03039827298204,159.6166936214398,"4-Seam Fastball",89,60,765,-7.586295348457753,7.586295348457746,15,1,0,12,45,0,15,"1:00","12:45","+0H 15M"
2025,"Mattson, Isaac",676755,"R","FF",593,"93.8",2372,"20.1",0.9481343882015387,0.9840415216143584,151.98168784842753,154.7861780327246,"4-Seam Fastball",98,60,765,-2.804490184297066,2.8044901842970607,15,1,0,12,45,0,15,"1:00","12:45","+0H 15M"
2025,"Brown, Ben",676962,"R","FF",948,"95.9",2211,"18.2",0.8714996569610469,0.9552512288466682,150.03194691346675,154.5589536136758,"4-Seam Fastball",96,60,765,-4.527006700209057,4.527006700209079,15,1,0,12,45,0,15,"1:00","12:45","+0H 15M"
2025,"Crochet, Garrett",676979,"L","FF",1122,"96.4",2459,"17.6",0.8025146367782084,0.8622935124438385,217.39247853550938,208.2886768302869,"4-Seam Fastball",86,645,660,9.10380170522248,9.10380170522249,-15,10,45,11,0,0,15,"10:45","11:00","-0H 15M"
2025,"Cecconi, Slade",677944,"R","FF",899,"94.3",2394,"18.9",0.8786418603304655,0.9530499086400697,139.77276478143764,143.45434334850404,"4-Seam Fastball",95,75,75,-3.6815785670663956,3.6815785670663956,0,1,15,1,15,0,0,"1:15","1:15"," 0H 00M"
2025,"Ashcraft, Braxton",677952,"R","FF",327,"97",2432,"17",0.8102904521384089,0.872587844375352,144.07505187323198,153.3142458983027,"4-Seam Fastball",87,75,60,-9.239194025070702,9.239194025070713,15,1,15,1,0,0,15,"1:15","1:00","+0H 15M"
2025,"Weathers, Ryan",677960,"L","FF",286,"96.9",2369,"18.3",0.8635967311986722,0.9335762697869784,216.55728828312792,212.42456116988188,"4-Seam Fastball",93,645,660,4.132727113246034,4.132727113246079,-15,10,45,11,0,0,15,"10:45","11:00","-0H 15M"
2025,"Halvorsen, Seth",678020,"R","FF",346,"100",2270,"16.5",0.8822637655159172,0.9903795454663843,139.77968735790586,138.74336749439217,"4-Seam Fastball",99,75,90,1.0363198635136825,1.0363198635136897,-15,1,15,1,30,0,15,"1:15","1:30","-0H 15M"
2025,"Perkins, Jack",678022,"R","FF",267,"96",2259,"18.1",0.8720923933165193,0.9550796337186899,135.5456140720296,138.05744998922955,"4-Seam Fastball",96,90,90,-2.51183591719996,2.511835917199964,0,1,30,1,30,0,0,"1:30","1:30"," 0H 00M"
2025,"Hernández, Daysbel",678226,"R","FF",314,"97.7",2315,"18.1",0.8831573895555838,0.9949973422005216,141.37104835508796,149.3642716412615,"4-Seam Fastball",99,75,60,-7.9932232861735315,7.993223286173517,15,1,15,1,0,0,15,"1:15","1:00","+0H 15M"
2025,"Bellozo, Valente",678368,"R","FF",380,"90.8",2147,"17.1",0.8106145440697822,0.8670295138251566,158.31684276912137,168.14071404285258,"4-Seam Fastball",87,765,750,-9.823871273731214,9.823871273731221,15,12,45,12,30,0,15,"12:45","12:30","+0H 15M"
2025,"Bello, Brayan",678394,"R","FF",408,"95.1",2160,"15.4",0.7410055269938216,0.807877275983439,137.00675625236906,147.2055132884647,"4-Seam Fastball",81,90,60,-10.198757036095628,10.198757036095655,30,1,30,1,0,0,30,"1:30","1:00","+0H 30M"
2025,"Rodríguez, Randy",678495,"R","FF",448,"97.4",2664,"18.7",0.8319203401774952,0.8726417158436194,156.08985591851211,162.70873102495983,"4-Seam Fastball",87,765,750,-6.618875106447717,6.61887510644772,15,12,45,12,30,0,15,"12:45","12:30","+0H 15M"
2025,"Henriquez, Ronny",678692,"R","FF",344,"96.7",2497,"19.2",0.8785628202694481,0.8839536229240349,151.0801759022604,159.79166163923125,"4-Seam Fastball",88,60,765,-8.711485736970843,8.71148573697084,15,1,0,12,45,0,15,"1:00","12:45","+0H 15M"
2025,"Peralta, Luis",678821,"L","FF",308,"94.6",2233,"18",0.9207003628628613,0.9832928093040553,229.56700895198495,225.41113767948934,"4-Seam Fastball",98,615,630,4.155871272495602,4.155871272495603,-15,10,15,10,30,0,15,"10:15","10:30","-0H 15M"
2025,"Woods Richardson, Simeon",680573,"R","FF",854,"93.2",2253,"18.7",0.8892982335905535,0.9627726092861587,163.190287007288,162.39461392212743,"4-Seam Fastball",96,750,750,0.7956730851605585,0.7956730851605365,0,12,30,12,30,0,0,"12:30","12:30"," 0H 00M"
2025,"Parker, Mitchell",680730,"L","FF",1499,"92.9",2168,"18.5",0.8850380432722901,0.9942844634107451,197.78133147140983,199.32858021237752,"4-Seam Fastball",99,690,675,-1.5472487409676887,1.5472487409676798,15,11,30,11,15,0,15,"11:30","11:15","+0H 15M"
2025,"Burke, Sean",680732,"R","FF",1018,"94.4",2559,"18.7",0.8420458169806087,0.8800914444133322,160.26267467298317,164.05093161816544,"4-Seam Fastball",88,765,750,-3.788256945182269,3.7882569451822468,15,12,45,12,30,0,15,"12:45","12:30","+0H 15M"
2025,"Wrobleski, Justin",680736,"L","FF",311,"96.1",2422,"17.4",0.8169355318258779,0.8714241729211439,216.6781991338295,205.52512864339676,"4-Seam Fastball",87,645,675,11.153070490432754,11.15307049043275,-30,10,45,11,15,0,30,"10:45","11:15","-0H 30M"
2025,"Vodnik, Victor",680767,"R","FF",514,"98.7",2313,"14.3",0.7493122868800774,0.8920095455226815,147.8930561346587,155.07725354615187,"4-Seam Fastball",89,60,765,-7.184197411493159,7.184197411493159,15,1,0,12,45,0,15,"1:00","12:45","+0H 15M"
2025,"Schwellenbach, Spencer",680885,"R","FF",556,"97.1",2318,"15.3",0.7404756028253914,0.8200733315443263,146.07629332952263,158.28089905223294,"4-Seam Fastball",82,75,765,-12.204605722710312,12.204605722710312,30,1,15,12,45,0,30,"1:15","12:45","+0H 30M"
2025,"Vásquez, Randy",681190,"R","FF",450,"93.4",2380,"17.7",0.8214035636475784,0.8755572249654481,147.90390918783356,148.11736169335035,"4-Seam Fastball",88,60,60,-0.21345250551678419,0.21345250551679973,0,1,0,1,0,0,0,"1:00","1:00"," 0H 00M"
2025,"Smith, Shane",681343,"R","FF",1091,"95.7",2278,"15.7",0.7517629103030884,0.8006523789303994,144.59689523630908,151.12961192665034,"4-Seam Fastball",80,75,60,-6.53271669034126,6.532716690341255,15,1,15,1,0,0,15,"1:15","1:00","+0H 15M"
2025,"Burrows, Mike",681347,"R","FF",603,"95.5",2306,"17.4",0.8365606649455826,0.9237549916821847,154.17176161269674,160.14890869208995,"4-Seam Fastball",92,765,765,-5.977147079393205,5.977147079393238,0,12,45,12,45,0,0,"12:45","12:45"," 0H 00M"
2025,"Leahy, Kyle",681517,"R","FF",410,"95.4",2374,"16.4",0.7706460879449889,0.8586944945444189,158.70128947435424,168.37659215874672,"4-Seam Fastball",86,765,750,-9.675302684392477,9.675302684392475,15,12,45,12,30,0,15,"12:45","12:30","+0H 15M"
2025,"Sabrowski, Erik",681870,"L","FF",342,"93.9",2634,"21.8",0.9819054897565694,0.9789712179722323,209.5092010595543,207.5257339956724,"4-Seam Fastball",98,660,660,1.9834670638819034,1.9834670638819474,0,11,0,11,0,0,0,"11:00","11:00"," 0H 00M"
2025,"Vesia, Alex",681911,"L","FF",571,"92.7",2466,"21.1",0.9633416422312262,0.9821319378440253,195.18873523092282,196.0818422519946,"4-Seam Fastball",98,690,690,-0.8931070210717849,0.8931070210717753,0,11,30,11,30,0,0,"11:30","11:30"," 0H 00M"
2025,"Anderson, Grant",681982,"R","FF",384,"93.5",2447,"17.7",0.8178761916785653,0.8194617991827796,117.66795478449548,129.76753001625204,"4-Seam Fastball",82,120,105,-12.09957523175656,12.099575231756573,15,2,0,1,45,0,15,"2:00","1:45","+0H 15M"
2025,"Lopez, Jacob",682052,"L","FF",613,"90.8",2131,"18.1",0.8675971220934029,0.9405354022202584,233.53240566998463,232.9763842025086,"4-Seam Fastball",94,615,615,0.5560214674760289,0.5560214674760242,0,10,15,10,15,0,0,"10:15","10:15"," 0H 00M"
2025,"Miller, Bryce",682243,"R","FF",630,"94.8",2510,"19.7",0.8761130960378581,0.9335908420134266,154.45466250343972,159.56170484649607,"4-Seam Fastball",93,765,765,-5.107042343056349,5.107042343056353,0,12,45,12,45,0,0,"12:45","12:45"," 0H 00M"
2025,"Montgomery, Mason",682254,"L","FF",568,"98.7",2314,"19.2",0.9264797772095618,0.9804745488788258,202.76075395064194,199.32911907096292,"4-Seam Fastball",98,675,675,3.4316348796790237,3.4316348796790535,0,11,15,11,15,0,0,"11:15","11:15"," 0H 00M"
2025,"Ortiz, Luis",682847,"R","FF",439,"96.4",2279,"17.3",0.8188303103326596,0.8964908733697301,126.50160723435408,130.2666239060366,"4-Seam Fastball",90,105,105,-3.765016671682531,3.7650166716825515,0,1,45,1,45,0,0,"1:45","1:45"," 0H 00M"
2025,"Leiter, Jack",683004,"R","FF",978,"97.2",2422,"19.2",0.9016758894759133,0.949592545621194,147.79449019589543,151.68871685494685,"4-Seam Fastball",95,60,60,-3.8942266590514123,3.894226659051417,0,1,0,1,0,0,0,"1:00","1:00"," 0H 00M"
2025,"Mears, Nick",683232,"R","FF",452,"95.4",2282,"18.6",0.890786326492574,0.9515810538248258,158.33541464739577,163.89415183088107,"4-Seam Fastball",95,765,750,-5.558737183485306,5.558737183485286,15,12,45,12,30,0,15,"12:45","12:30","+0H 15M"
2025,"Chivilli, Angel",683409,"R","FF",469,"97.1",2308,"17.3",0.9065895221296552,0.9930894174895835,123.44526360974777,120.1217573392262,"4-Seam Fastball",99,120,120,3.3235062705215626,3.3235062705215843,0,2,0,2,0,0,0,"2:00","2:00"," 0H 00M"
2025,"Molina, Anthony",683627,"R","FF",299,"95.6",2150,"16.3",0.9156953343023315,0.9899528575377344,148.6171364705037,152.20004281169074,"4-Seam Fastball",99,60,60,-3.5829063411870266,3.5829063411870252,0,1,0,1,0,0,0,"1:00","1:00"," 0H 00M"
2025,"Gaddis, Hunter",683769,"R","FF",347,"94.7",2303,"18.1",0.8564766272088431,0.9572678817445894,151.95144171482835,154.64302169359922,"4-Seam Fastball",96,60,765,-2.691579978770875,2.6915799787708656,15,1,0,12,45,0,15,"1:00","12:45","+0H 15M"
2025,"Imanaga, Shota",684007,"L","FF",1028,"90.8",2480,"21.3",0.9607583871160423,0.9927454179167062,216.22165549271418,215.78965154604577,"4-Seam Fastball",99,645,645,0.43200394666840225,0.4320039466684426,0,10,45,10,45,0,0,"10:45","10:45"," 0H 00M"
2025,"Rodríguez, Yariel",684320,"R","FF",472,"95.7",2444,"13.6",0.6267395319643243,0.7571065440392023,147.67765963904674,162.3127575209749,"4-Seam Fastball",76,60,750,-14.635097881928175,14.635097881928179,30,1,0,12,30,0,30,"1:00","12:30","+0H 30M"
2025,"Eisert, Brandon",685126,"L","FF",384,"89.7",2047,"17.8",0.8668667557389979,0.9561881711942524,224.51893705391302,216.00793558153276,"4-Seam Fastball",96,630,645,8.511001472380258,8.511001472380249,-15,10,30,10,45,0,15,"10:30","10:45","-0H 15M"
2025,"Gordon, Tanner",685299,"R","FF",656,"92.3",2253,"17.9",0.9444224152697978,0.9928615206206163,139.0888524656617,139.78040684013655,"4-Seam Fastball",99,75,75,-0.6915543744748618,0.6915543744748636,0,1,15,1,15,0,0,"1:15","1:15"," 0H 00M"
2025,"Sheehan, Emmet",686218,"R","FF",536,"95.6",2444,"20",0.9428733916011746,0.9866781123790686,150.19868667263148,150.72478935920742,"4-Seam Fastball",99,60,60,-0.5261026865759391,0.5261026865759316,0,1,0,1,0,0,0,"1:00","1:00"," 0H 00M"
2025,"Cannon, Jonathan",686563,"R","FF",324,"93.8",2272,"17",0.8005403900916552,0.8632464549035956,137.04438334345764,147.28609635630315,"4-Seam Fastball",86,90,60,-10.241713012845509,10.241713012845496,30,1,30,1,0,0,30,"1:30","1:00","+0H 30M"
2025,"Brown, Hunter",686613,"R","FF",1125,"96.6",2273,"18.2",0.8679596589029475,0.9479261009618325,154.2246833250228,156.96420251717313,"4-Seam Fastball",95,765,765,-2.7395191921503397,2.7395191921503477,0,12,45,12,45,0,0,"12:45","12:45"," 0H 00M"
2025,"Bergert, Ryan",686701,"R","FF",558,"93.4",2406,"19.8",0.9150740518966556,0.9493216210652337,152.27806803159498,155.9202371226268,"4-Seam Fastball",95,60,765,-3.6421690910318034,3.6421690910318087,15,1,0,12,45,0,15,"1:00","12:45","+0H 15M"
2025,"Pepiot, Ryan",686752,"R","FF",1189,"95.2",2413,"20.4",0.9429655806896771,0.9875320947612177,155.17511115705005,156.33370179096494,"4-Seam Fastball",99,765,765,-1.1585906339148835,1.1585906339148548,0,12,45,12,45,0,0,"12:45","12:45"," 0H 00M"
2025,"Kochanowicz, Jack",686799,"R","FF",343,"95.5",2248,"15.5",0.7382118458486121,0.8170661606866163,138.46670215432692,151.16043584633363,"4-Seam Fastball",82,90,60,-12.693733692006703,12.693733692006717,30,1,30,1,0,0,30,"1:30","1:00","+0H 30M"
2025,"Varland, Louis",686973,"R","FF",472,"98.1",2167,"17.1",0.8433083448426952,0.9226873690222831,147.32010007578975,153.1628041584758,"4-Seam Fastball",92,60,60,-5.842704082686055,5.84270408268605,0,1,0,1,0,0,0,"1:00","1:00"," 0H 00M"
2025,"Sterner, Justin",686993,"R","FF",570,"93.5",2375,"19.5",0.8994580000004013,0.9570120518100419,142.683791278854,148.46344786794205,"4-Seam Fastball",96,75,60,-5.779656589088063,5.779656589088044,15,1,15,1,0,0,15,"1:15","1:00","+0H 15M"
2025,"Young, Brandon",687064,"R","FF",410,"93.8",2211,"17.6",0.8426400209519804,0.9517573767719627,162.00732025074277,170.87667396638622,"4-Seam Fastball",95,750,735,-8.869353715643456,8.869353715643449,15,12,30,12,15,0,15,"12:30","12:15","+0H 15M"
2025,"Blalock, Bradley",687134,"R","FF",480,"94.6",2100,"16.6",0.8910165528537674,0.9910521350320516,167.3597439194647,169.648822700234,"4-Seam Fastball",99,750,735,-2.2890787807693016,2.2890787807692847,15,12,30,12,15,0,15,"12:30","12:15","+0H 15M"
2025,"Palmquist, Carson",687223,"L","FF",370,"90.4",2159,"16.6",0.8565772223319215,0.9349725953487398,233.57224122447636,223.26790973351098,"4-Seam Fastball",93,615,630,10.304331490965382,10.304331490965374,-15,10,15,10,30,0,15,"10:15","10:30","-0H 15M"
2025,"Gusto, Ryan",687473,"R","FF",769,"94.1",2424,"18.6",0.8452794593538624,0.9040746212134853,154.06051298345994,161.11270278325736,"4-Seam Fastball",90,765,765,-7.052189799797418,7.052189799797419,0,12,45,12,45,0,0,"12:45","12:45"," 0H 00M"
2025,"Hodge, Porter",687863,"R","FF",306,"96",2372,"14.6",0.6915452295548664,0.7958807132841715,166.71784919369512,179.37088005761322,"4-Seam Fastball",80,750,720,-12.653030863918104,12.653030863918088,30,12,30,12,0,0,30,"12:30","12:00","+0H 30M"
2025,"King, Bryan",687911,"L","FF",655,"92",2123,"14.2",0.6780400210427672,0.7526967325002294,211.50885561391766,196.20729675902774,"4-Seam Fastball",75,660,690,15.301558854889919,15.301558854889937,-30,11,0,11,30,0,30,"11:00","11:30","-0H 30M"
2025,"Morgan, David",688158,"R","FF",281,"97.9",2441,"17",0.7862002590302539,0.8215745996077637,142.19358808896752,151.4374520284203,"4-Seam Fastball",82,75,60,-9.24386393945278,9.243863939452794,15,1,15,1,0,0,15,"1:15","1:00","+0H 15M"
2025,"Knack, Landon",689017,"R","FF",361,"93",2399,"19.7",0.9006508461343434,0.9608908031929301,157.48406168590304,159.5335858655695,"4-Seam Fastball",96,765,765,-2.049524179666463,2.049524179666483,0,12,45,12,45,0,0,"12:45","12:45"," 0H 00M"
2025,"Kerkering, Orion",689147,"R","FF",364,"97.5",2410,"19.6",0.9102991319303813,0.9726308433825591,136.69118163802813,141.81403203220816,"4-Seam Fastball",97,90,75,-5.122850394180034,5.122850394180016,15,1,30,1,15,0,15,"1:30","1:15","+0H 15M"
2025,"Fitts, Richard",690916,"R","FF",285,"95.9",2452,"16.7",0.7630545845657617,0.8550347038681462,162.9081003532418,171.6003204244102,"4-Seam Fastball",86,750,735,-8.692220071168407,8.692220071168391,15,12,30,12,15,0,15,"12:30","12:15","+0H 15M"
2025,"Beeter, Clayton",690925,"R","FF",251,"96.5",2446,"17.9",0.8296851989932504,0.891708241422809,160.65700850459794,167.43374419728747,"4-Seam Fastball",89,765,750,-6.7767356926895275,6.776735692689522,15,12,45,12,30,0,15,"12:45","12:30","+0H 15M"
2025,"Dobbins, Hunter",690928,"R","FF",377,"95.5",2371,"15.4",0.7077988169475262,0.768176912548138,168.86576120515792,172.2673873493742,"4-Seam Fastball",77,735,735,-3.401626144216266,3.401626144216256,0,12,15,12,15,0,0,"12:15","12:15"," 0H 00M"
2025,"Abel, Mick",690953,"R","FF",311,"96.4",2541,"17.9",0.8168622450699026,0.8396817552024648,144.09307705134688,150.51637660691506,"4-Seam Fastball",84,75,60,-6.423299555568178,6.4232995555682,15,1,15,1,0,0,15,"1:15","1:00","+0H 15M"
2025,"Harrison, Kyle",690986,"L","FF",356,"94.6",2291,"19",0.9086329252421943,0.9847258990168852,234.69354278648606,232.7569332394341,"4-Seam Fastball",98,615,615,1.9366095470519724,1.9366095470519251,0,10,15,10,15,0,0,"10:15","10:15"," 0H 00M"
2025,"Horton, Cade",690990,"R","FF",897,"95.7",2486,"13.9",0.6481733925300326,0.7428795443383496,166.8895292439618,180.17053572934103,"4-Seam Fastball",74,750,720,-13.281006485379237,13.281006485379253,30,12,30,12,0,0,30,"12:30","12:00","+0H 30M"
2025,"Pérez, Eury",691587,"R","FF",862,"97.9",2685,"20.3",0.9142105057246883,0.9618894588470975,145.27176878269148,148.0840759739968,"4-Seam Fastball",96,75,60,-2.812307191305308,2.812307191305297,15,1,15,1,0,0,15,"1:15","1:00","+0H 15M"
2025,"Taylor, Grant",691799,"R","FF",338,"98.7",2430,"16.4",0.7832154944403894,0.8539782388583683,170.16379775194216,178.1457482665859,"4-Seam Fastball",85,735,720,-7.981950514643756,7.981950514643761,15,12,15,12,0,0,15,"12:15","12:00","+0H 15M"
2025,"Nicolas, Kyle",693312,"R","FF",328,"97.6",2365,"18.2",0.8814079094094424,0.9577189432514731,150.48201842560016,156.6698089457931,"4-Seam Fastball",96,60,765,-6.187790520192948,6.187790520192962,15,1,0,12,45,0,15,"1:00","12:45","+0H 15M"
2025,"Woo, Bryan",693433,"R","FF",1257,"95.7",2296,"17.6",0.8257174322730605,0.9059673582009578,136.1245298194185,144.48484710619533,"4-Seam Fastball",91,90,75,-8.36031728677682,8.360317286776821,15,1,30,1,15,0,15,"1:30","1:15","+0H 15M"
2025,"Schlittler, Cam",693645,"R","FF",686,"98",2436,"17",0.7944014308533905,0.886218233586917,155.35479840030445,159.00766512334434,"4-Seam Fastball",89,765,765,-3.6528667230398923,3.6528667230399092,0,12,45,12,45,0,0,"12:45","12:45"," 0H 00M"
2025,"Elder, Bryce",693821,"R","FF",307,"92.8",2226,"15.1",0.7349645787761814,0.8158196632331097,157.31007303779376,165.79656808595257,"4-Seam Fastball",82,765,750,-8.486495048158815,8.48649504815883,15,12,45,12,30,0,15,"12:45","12:30","+0H 15M"
2025,"Seymour, Ian",693855,"L","FF",317,"91.6",2215,"18",0.851041162477963,0.9402563666363093,208.8956788455777,201.0809806083699,"4-Seam Fastball",94,660,675,7.814698237207779,7.814698237207776,-15,11,0,11,15,0,15,"11:00","11:15","-0H 15M"
2025,"Palencia, Daniel",694037,"R","FF",594,"99.6",2344,"19.4",0.9277429301173711,0.9923485231900858,138.78075806060292,140.15490247247152,"4-Seam Fastball",99,75,75,-1.374144411868599,1.374144411868621,0,1,15,1,15,0,0,"1:15","1:15"," 0H 00M"
2025,"Pfaadt, Brandon",694297,"R","FF",681,"93.6",2568,"16.2",0.7500924264885658,0.7570573340030039,145.44887053178948,157.4693998761977,"4-Seam Fastball",76,75,765,-12.020529344408232,12.020529344408242,30,1,15,12,45,0,30,"1:15","12:45","+0H 30M"
2025,"Patrick, Chad",694477,"R","FF",440,"94.2",2331,"17.6",0.8283172549877587,0.914723843786552,148.26608481483476,155.15474134838354,"4-Seam Fastball",91,60,765,-6.888656533548783,6.888656533548789,15,1,0,12,45,0,15,"1:00","12:45","+0H 15M"
2025,"Misiorowski, Jacob",694819,"R","FF",642,"99.3",2589,"18.3",0.8455103574466488,0.9032406106032675,143.00210568640927,147.55684167619705,"4-Seam Fastball",90,75,60,-4.554735989787787,4.55473598978779,15,1,15,1,0,0,15,"1:15","1:00","+0H 15M"
2025,"Skenes, Paul",694973,"R","FF",1186,"98.2",2256,"18.3",0.8974896701003788,0.9710905431157937,122.61044829051914,126.5297815823627,"4-Seam Fastball",97,120,105,-3.9193332918435573,3.9193332918435697,15,2,0,1,45,0,15,"2:00","1:45","+0H 15M"
2025,"Miller, Mason",695243,"R","FF",507,"101.2",2552,"18.8",0.8699366058614162,0.9276733152173404,148.54432765898693,151.49173794792767,"4-Seam Fastball",93,60,60,-2.9474102889407447,2.9474102889407514,0,1,0,1,0,0,0,"1:00","1:00"," 0H 00M"
2025,"Lord, Brad",695418,"R","FF",1032,"94.8",2330,"19",0.8910185798417275,0.9810294848173393,115.22257484000946,120.46630087380802,"4-Seam Fastball",98,135,120,-5.243726033798566,5.243726033798562,15,2,15,2,0,0,15,"2:15","2:00","+0H 15M"
2025,"Burns, Chase",695505,"R","FF",430,"98.7",2608,"18.2",0.8445614434060733,0.9080353781709126,163.82133742241666,168.52045732542342,"4-Seam Fastball",91,750,750,-4.6991199030067605,4.69911990300674,0,12,30,12,30,0,0,"12:30","12:30"," 0H 00M"
2025,"Jobe, Jackson",695549,"R","FF",273,"96.5",2384,"19",0.8855973753022417,0.9427406310912284,151.03474403296227,155.76777863970804,"4-Seam Fastball",94,60,765,-4.733034606745775,4.733034606745763,15,1,0,12,45,0,15,"1:00","12:45","+0H 15M"
2025,"McGreevy, Michael",700241,"R","FF",376,"93",2236,"16",0.7715452922380063,0.8593048420970475,137.87125512160475,141.48897906866486,"4-Seam Fastball",86,90,75,-3.6177239470601137,3.617723947060116,15,1,30,1,15,0,15,"1:30","1:15","+0H 15M"
2025,"Povich, Cade",700249,"L","FF",709,"92.2",2354,"20",0.9154512367949614,0.9497012842808157,218.91482570909943,213.59636276862847,"4-Seam Fastball",95,645,660,5.318462940470965,5.318462940470982,-15,10,45,11,0,0,15,"10:45","11:00","-0H 15M"
2025,"Smith-Shawver, AJ",700363,"R","FF",330,"95.6",2103,"18.3",0.9128920572787557,0.9750518039163042,143.86549257123784,148.2041039891101,"4-Seam Fastball",98,75,60,-4.338611417872272,4.338611417872278,15,1,15,1,0,0,15,"1:15","1:00","+0H 15M"
2025,"Graceffo, Gordon",700669,"R","FF",322,"95.7",2084,"16.4",0.8176977018717073,0.9391839733123764,154.69186598888342,160.73358215198422,"4-Seam Fastball",94,765,765,-6.041716163100801,6.0417161631008005,0,12,45,12,45,0,0,"12:45","12:45"," 0H 00M"
2025,"Warren, Will",701542,"R","FF",1165,"93.3",2573,"17",0.7559464403939988,0.7618121641984487,138.7791091978844,151.17488789592264,"4-Seam Fastball",76,75,60,-12.395778698038242,12.395778698038235,15,1,15,1,0,0,15,"1:15","1:00","+0H 15M"
2025,"Festa, David",701581,"R","FF",280,"94.1",2416,"18",0.8338346888465824,0.8691190440917702,160.19204159284226,170.29868669506683,"4-Seam Fastball",87,765,735,-10.106645102224576,10.106645102224578,30,12,45,12,15,0,30,"12:45","12:15","+0H 30M"
2025,"Cameron, Noah",702070,"L","FF",571,"92.3",2288,"16.9",0.8055519925519754,0.8871196213504059,197.64838498569588,196.1085978433773,"4-Seam Fastball",89,690,690,1.5397871423185734,1.5397871423185785,0,11,30,11,30,0,0,"11:30","11:30"," 0H 00M"
2025,"Dana, Caden",702674,"R","FF",253,"94.9",2197,"19",0.9361486398130289,0.9898324269765454,140.40779459431852,143.69792568000864,"4-Seam Fastball",99,75,75,-3.2901310856901205,3.2901310856901285,0,1,15,1,15,0,0,"1:15","1:15"," 0H 00M"
2025,"Dollander, Chase",801403,"R","FF",864,"97.9",2434,"16.8",0.8566449093003325,0.9425107044044232,129.2783938747245,134.56543572786677,"4-Seam Fastball",94,105,90,-5.287041853142284,5.2870418531423,15,1,45,1,30,0,15,"1:45","1:30","+0H 15M"
2025,"Blubaugh, AJ",805123,"R","FF",278,"94.6",2369,"21.1",0.9717323001778638,0.9956635958882308,143.03191004629682,144.50129244286444,"4-Seam Fastball",100,75,75,-1.4693823965676245,1.4693823965676192,0,1,15,1,15,0,0,"1:15","1:15"," 0H 00M"
2025,"Matthews, Zebby",805673,"R","FF",532,"96.3",2331,"18.7",0.8986830239756161,0.9578707623006857,147.53190484023835,150.04308224086444,"4-Seam Fastball",96,60,60,-2.5111774006260816,2.5111774006260754,0,1,0,1,0,0,0,"1:00","1:00"," 0H 00M"
2025,"Birdsong, Hayden",806185,"R","FF",524,"95.5",2404,"18.6",0.8660265669055526,0.942432805791712,156.09757050170123,160.5719589881889,"4-Seam Fastball",94,765,765,-4.474388486487669,4.474388486487669,0,12,45,12,45,0,0,"12:45","12:45"," 0H 00M"
2025,"Morales, Luis",806960,"R","FF",430,"97.3",2520,"17.6",0.8102948555763877,0.863232076882826,153.2115130188796,152.188942024869,"4-Seam Fastball",86,60,60,1.0225709940106071,1.0225709940105852,0,1,0,1,0,0,0,"1:00","1:00"," 0H 00M"
2025,"Sasaki, Roki",808963,"R","FF",273,"95.9",2088,"17.6",0.8639151762618087,0.9560092707271008,135.25851282489157,141.4377286389003,"4-Seam Fastball",96,90,75,-6.179215814008728,6.179215814008723,15,1,30,1,15,0,15,"1:30","1:15","+0H 15M"
2025,"Yamamoto, Yoshinobu",808967,"R","FF",966,"95.3",2200,"17",0.8263836319633534,0.9094797666826282,146.63750296342445,154.8649341505383,"4-Seam Fastball",91,60,765,-8.227431187113837,8.227431187113833,15,1,0,12,45,0,15,"1:00","12:45","+0H 15M"
2025,"Fermin, José",820862,"R","FF",299,"96.8",2307,"19.2",0.9110134152892312,0.9501211843851525,147.07670791038134,151.79787091239507,"4-Seam Fastball",95,60,60,-4.721163002013725,4.721163002013703,0,1,0,1,0,0,0,"1:00","1:00"," 0H 00M"
2025,"Senga, Kodai",673540,"R","FO",490,"82.5",1197,"10.8",0.6641952696027589,0.7329472541180374,112.11436993925756,87.02722051331858,"Forkball",73,135,180,25.087149425938975,25.087149425938968,-45,2,15,3,0,0,45,"2:15","3:00","-0H 45M"
2025,"Imanaga, Shota",684007,"L","FS",648,"83",1280,"14.7",0.8772996035104522,0.9509884435524587,232.7394880657209,249.182402614226,"Split-Finger",95,615,585,-16.442914548505087,16.442914548505094,30,10,15,9,45,0,30,"10:15","9:45","+0H 30M"
2025,"Montero, Rafael",606160,"R","FS",457,"87.9",1621,"12.7",0.6970073239276879,0.7821030938469469,123.44812688261848,88.4918116927193,"Split-Finger",78,120,180,34.956315189899186,34.956315189899186,-60,2,0,3,0,1,0,"2:00","3:00","-1H 00M"
2025,"Kremer, Dean",665152,"R","FS",555,"81.9",1132,"14.2",0.8940452231723984,0.9632354258839236,140.63425785066957,126.68678485451785,"Split-Finger",96,75,105,13.947472996151717,13.94747299615174,-30,1,15,1,45,0,30,"1:15","1:45","-0H 30M"
2025,"Yates, Kirby",489446,"R","FS",301,"85.9",1216,"13.4",0.8330996984672857,0.9810199001369411,95.61624559025954,82.77328227136465,"Split-Finger",98,165,195,12.842963318894888,12.842963318894883,-30,2,45,3,15,0,30,"2:45","3:15","-0H 30M"
2025,"Rea, Colin",607067,"R","FS",280,"87.3",1420,"14.2",0.8248215146654698,0.9057525998261767,109.98938355699349,83.57576206462375,"Split-Finger",91,135,195,26.413621492369742,26.413621492369742,-60,2,15,3,15,1,0,"2:15","3:15","-1H 00M"
2025,"Matsui, Yuki",673513,"L","FS",286,"84",1183,"10.6",0.6561472646624563,0.7480643927804321,233.6297085868594,255.22919023540499,"Split-Finger",75,615,570,-21.599481648545577,21.599481648545567,45,10,15,9,30,0,45,"10:15","9:30","+0H 45M"
2025,"Eovaldi, Nathan",543135,"R","FS",493,"87.6",1510,"13.1",0.7215996443983063,0.8308723060602825,121.49170756477821,85.4086795449027,"Split-Finger",83,120,195,36.08302801987551,36.08302801987552,-75,2,0,3,15,1,15,"2:00","3:15","-1H 15M"
2025,"Bradley, Taj",671737,"R","FS",350,"91.4",1699,"15.9",0.8649500463205141,0.9302001233922257,139.86987227231515,119.62900134017393,"Split-Finger",93,75,120,20.24087093214122,20.24087093214121,-45,1,15,2,0,0,45,"1:15","2:00","-0H 45M"
2025,"Mize, Casey",663554,"R","FS",552,"88.6",1448,"15.5",0.8995293712663214,0.9466697533146418,122.63552703743221,102.05140714363583,"Split-Finger",95,120,150,20.584119893796384,20.58411989379637,-30,2,0,2,30,0,30,"2:00","2:30","-0H 30M"
2025,"Gausman, Kevin",592332,"R","FS",1069,"84.9",1695,"16.8",0.8668868233600819,0.849868210983508,125.85750080560743,101.46166616690036,"Split-Finger",85,105,150,24.395834638707072,24.395834638707083,-45,1,45,2,30,0,45,"1:45","2:30","-0H 45M"
2025,"Skenes, Paul",694973,"R","FS",371,"93.7",1685,"14.5",0.7931224927804266,0.9001926127572561,111.3031604721302,85.56170539558141,"Split-Finger",90,135,195,25.74145507654879,25.741455076548796,-60,2,15,3,15,1,0,"2:15","3:15","-1H 00M"
2025,"Duran, Jhoan",661395,"R","FS",388,"97.7",1829,"14.9",0.8004574023884232,0.8769111335399039,123.96294999272286,92.91787493875766,"Split-Finger",88,105,180,31.045075053965192,31.045075053965185,-75,1,45,3,0,1,15,"1:45","3:00","-1H 15M"
2025,"Ryan, Joe",657746,"R","FS",307,"87.6",2016,"16.2",0.7858795300648943,0.8039563760090553,118.48202011402749,88.65011481164808,"Split-Finger",80,120,180,29.83190530237941,29.831905302379393,-60,2,0,3,0,1,0,"2:00","3:00","-1H 00M"
2025,"Sugano, Tomoyuki",608372,"R","FS",557,"87.4",1598,"13.5",0.7226194938107563,0.783231482952378,146.20601343137787,108.95539155878976,"Split-Finger",78,75,135,37.25062187258811,37.250621872588106,-60,1,15,2,15,1,0,"1:15","2:15","-1H 00M"
2025,"Littell, Zack",641793,"R","FS",507,"83.4",1114,"12.3",0.8075469408390206,0.7730425771098887,114.53771711956497,84.45235601423246,"Split-Finger",77,135,195,30.08536110533251,30.0853611053325,-60,2,15,3,15,1,0,"2:15","3:15","-1H 00M"
2025,"Quantrill, Cal",615698,"R","FS",383,"86.4",1138,"14",0.9066961819250237,0.9466713681252754,123.7171082029163,111.97575647655607,"Split-Finger",95,120,135,11.741351726360222,11.741351726360213,-15,2,0,2,15,0,15,"2:00","2:15","-0H 15M"
2025,"Mahle, Tyler",641816,"R","FS",370,"84.1",1737,"15.8",0.8053121977235185,0.9114744346808861,133.85368344016922,110.56134832864805,"Split-Finger",91,90,135,23.29233511152117,23.292335111521176,-45,1,30,2,15,0,45,"1:30","2:15","-0H 45M"
2025,"Walker, Taijuan",592836,"R","FS",419,"87.4",1455,"13.5",0.763426477380857,0.7988918341194209,137.6114366743588,101.99741850953744,"Split-Finger",80,90,150,35.61401816482136,35.61401816482134,-60,1,30,2,30,1,0,"1:30","2:30","-1H 00M"
2025,"Cruz, Fernando",518585,"R","FS",386,"80.6",852,"6.4",0.47462896570758817,0.39159785179439144,125.99980522445705,71.93774512355769,"Split-Finger",39,105,210,54.06206010089936,54.062060100899366,-105,1,45,3,30,1,45,"1:45","3:30","-1H 45M"
2025,"Gilbert, Logan",669302,"R","FS",320,"81.8",731,"7.4",0.619203209745425,0.5722260360450108,76.58250836806458,61.42750433776942,"Split-Finger",57,210,240,15.15500403029516,15.155004030295153,-30,3,30,4,0,0,30,"3:30","4:00","-0H 30M"
2025,"Hoffman, Jeff",656546,"R","FS",267,"89.9",1644,"16.8",0.8988463803261474,0.9504897343213695,118.78876140038912,100.32463012613535,"Split-Finger",95,120,165,18.464131274253774,18.46413127425378,-45,2,0,2,45,0,45,"2:00","2:45","-0H 45M"
2025,"Estrada, Jeremiah",669093,"R","FS",287,"83.7",1426,"14.7",0.8156209773444355,0.9752602625677362,128.7261890662434,127.69743599697782,"Split-Finger",98,105,105,1.0287530692655764,1.0287530692655484,0,1,45,1,45,0,0,"1:45","1:45"," 0H 00M"
2025,"Parker, Mitchell",680730,"L","FS",258,"85.5",990,"11.4",0.8042900894350673,0.9098996138187542,212.50221108904515,221.89331076078525,"Split-Finger",91,660,630,-9.391099671740108,9.39109967174009,30,11,0,10,30,0,30,"11:00","10:30","+0H 30M"
2025,"Yamamoto, Yoshinobu",808967,"R","FS",594,"90.8",1425,"11.7",0.6929678250959854,0.783894427564113,125.97057910274779,96.40040876797016,"Split-Finger",78,105,165,29.57017033477763,29.57017033477764,-60,1,45,2,45,1,0,"1:45","2:45","-1H 00M"
2025,"Orze, Eric",679358,"R","FS",255,"84.1",1580,"14.8",0.7924403933924695,0.753217711859198,119.71315756879488,85.09747262822015,"Split-Finger",75,120,195,34.61568494057474,34.61568494057472,-75,2,0,3,15,1,15,"2:00","3:15","-1H 15M"
2025,"Márquez, Germán",608566,"R","SI",411,"94.2",2151,"17.6",0.9174607840191976,0.9372307882289654,140.10374586796792,121.76390201352896,"Sinker",94,75,120,18.339843854438953,18.33984385443896,-45,1,15,2,0,0,45,"1:15","2:00","-0H 45M"
2025,"Patrick, Chad",694477,"R","SI",472,"94.1",2197,"19.1",0.9219234660411306,0.8573696644043497,147.48128182953369,122.16360666856828,"Sinker",86,60,120,25.317675160965408,25.3176751609654,-60,1,0,2,0,1,0,"1:00","2:00","-1H 00M"
2025,"Wacha, Michael",608379,"R","SI",284,"93.2",2046,"19.6",0.9769302056333211,0.9646258699585369,152.79915893689733,136.840562132918,"Sinker",96,60,90,15.958596803979333,15.958596803979338,-30,1,0,1,30,0,30,"1:00","1:30","-0H 30M"
2025,"May, Dustin",669160,"R","SI",728,"94.5",2411,"19.9",0.914108139828095,0.8465918338341364,122.58367584386721,102.62458567829242,"Sinker",85,120,150,19.959090165574793,19.959090165574814,-30,2,0,2,30,0,30,"2:00","2:30","-0H 30M"
2025,"Sugano, Tomoyuki",608372,"R","SI",404,"92.9",2280,"18.6",0.8682161492391306,0.8320449452866859,152.59934674376447,126.85194140853102,"Sinker",83,60,105,25.747405335233452,25.74740533523346,-45,1,0,1,45,0,45,"1:00","1:45","-0H 45M"
2025,"Armstrong, Shawn",542888,"R","SI",257,"94.1",2132,"19",0.928533120438006,0.8709233413212203,145.6881446869889,121.52969089211845,"Sinker",87,75,120,24.15845379487044,24.158453794870425,-45,1,15,2,0,0,45,"1:15","2:00","-0H 45M"
2025,"Roupp, Landen",694738,"R","SI",722,"92.8",2104,"18.9",0.9042012776455023,0.8719039806770118,120.00208161395976,94.9838899940832,"Sinker",87,120,165,25.01819161987656,25.018191619876546,-45,2,0,2,45,0,45,"2:00","2:45","-0H 45M"
2025,"Fried, Max",608331,"L","SI",542,"94.1",2132,"11.1",0.5396603094041873,0.6508788866358639,207.14972280705814,252.0712101133677,"Sinker",65,660,570,-44.92148730630956,44.921487306309615,90,11,0,9,30,1,30,"11:00","9:30","+1H 30M"
2025,"Milner, Hoby",571948,"L","SI",359,"87.6",1967,"19.3",0.9414755188832887,0.9215643207928124,259.01388965081424,277.7976695064957,"Sinker",92,555,525,-18.783779855681473,18.78377985568153,30,9,15,8,45,0,30,"9:15","8:45","+0H 30M"
2025,"Ginn, J.T.",669372,"R","SI",714,"93.4",1896,"15.4",0.7902172805364012,0.748576690764893,140.3839526146033,99.2647327208435,"Sinker",75,75,165,41.11921989375979,41.11921989375979,-90,1,15,2,45,1,30,"1:15","2:45","-1H 30M"
2025,"Skubal, Tarik",669373,"L","SI",672,"97.3",2250,"18.9",0.9136823226808232,0.8677331443771114,204.27498056485462,226.6798933766604,"Sinker",87,675,630,-22.404912811805787,22.40491281180581,45,11,15,10,30,0,45,"11:15","10:30","+0H 45M"
2025,"Brown, McCade",685326,"R","SI",286,"94.3",2322,"17",0.8405762456550422,0.9584451369315601,139.85034411965904,136.0157991909875,"Sinker",96,75,90,3.8345449286715336,3.8345449286715603,-15,1,15,1,30,0,15,"1:15","1:30","-0H 15M"
2025,"Lugo, Seth",607625,"R","SI",346,"91.3",2402,"18.1",0.8365616735541113,0.8308324999609499,142.28238095765948,115.76434208139244,"Sinker",83,75,135,26.518038876267042,26.518038876267067,-60,1,15,2,15,1,0,"1:15","2:15","-1H 00M"
2025,"Liberatore, Matthew",669461,"L","SI",255,"94",2101,"19",0.9362795511596036,0.9317339597615489,206.9661687013668,225.69394035738583,"Sinker",93,660,630,-18.72777165601903,18.72777165601902,30,11,0,10,30,0,30,"11:00","10:30","+0H 30M"
2025,"Bummer, Aaron",607481,"L","SI",314,"90.8",2145,"15.2",0.7384828120274642,0.7510844580975253,237.5794626854957,270.2430852223848,"Sinker",75,600,540,-32.66362253688911,32.6636225368891,60,10,0,9,0,1,0,"10:00","9:00","+1H 00M"
2025,"Pallante, Andre",669467,"R","SI",338,"95",2204,"17",0.8286954920209478,0.7862108037396766,168.48047708417326,141.91680386100066,"Sinker",79,750,75,26.5636732231726,26.563673223172593,-45,12,30,1,15,0,45,"12:30","1:15","-0H 45M"
2025,"Banda, Anthony",607455,"L","SI",250,"95.8",2095,"18.5",0.9239126629897892,0.9418000219258756,224.0892531951568,241.24562563204404,"Sinker",94,630,600,-17.15637243688724,17.156372436887256,30,10,30,10,0,0,30,"10:30","10:00","+0H 30M"
2025,"Mikolas, Miles",571945,"R","SI",408,"92.4",2131,"18.1",0.878701006282484,0.8526067101867894,140.6860643405672,116.52953044138829,"Sinker",85,75,120,24.156533899178925,24.156533899178918,-45,1,15,2,0,0,45,"1:15","2:00","-0H 45M"
2025,"Weissert, Greg",669711,"R","SI",289,"93.9",2156,"18",0.8601935435915592,0.7823930863864074,123.18771255017147,95.20920959068796,"Sinker",78,120,165,27.978502959483507,27.978502959483514,-45,2,0,2,45,0,45,"2:00","2:45","-0H 45M"
2025,"Hanifee, Brenan",669724,"R","SI",595,"95.2",2043,"17.1",0.8542532007273516,0.9257474386184612,120.79338156148867,99.58887055535558,"Sinker",93,120,165,21.20451100613309,21.2045110061331,-45,2,0,2,45,0,45,"2:00","2:45","-0H 45M"
2025,"Cannon, Jonathan",686563,"R","SI",390,"93",2165,"16.3",0.780292845608926,0.8393280520365108,137.1556554332297,104.00131285821922,"Sinker",84,90,150,33.154342575010475,33.154342575010475,-60,1,30,2,30,1,0,"1:30","2:30","-1H 00M"
2025,"Alexander, Jason",669920,"R","SI",499,"90.9",2054,"17.5",0.8443775052375397,0.9216746198376399,111.42483690453841,88.91362187932762,"Sinker",92,135,180,22.511215025210788,22.511215025210806,-45,2,15,3,0,0,45,"2:15","3:00","-0H 45M"
2025,"Kirby, George",669923,"R","SI",533,"96.2",2253,"19.2",0.9159716813565579,0.8724219398677246,138.70323508066656,114.63239328083664,"Sinker",87,90,135,24.07084179982992,24.070841799829903,-45,1,30,2,15,0,45,"1:30","2:15","-0H 45M"
2025,"Brown, Hunter",686613,"R","SI",655,"95.7",2181,"19.3",0.9290577068914487,0.8810045604555864,153.01417222258974,129.91756711638422,"Sinker",88,60,105,23.096605106205516,23.09660510620549,-45,1,0,1,45,0,45,"1:00","1:45","-0H 45M"
2025,"Martinez, Nick",607259,"R","SI",439,"92.5",2294,"19.2",0.908226949896547,0.9023172642008558,156.93991439945682,134.27268925201503,"Sinker",90,765,90,22.667225147441798,22.6672251474418,-45,12,45,1,30,0,45,"12:45","1:30","-0H 45M"
2025,"Matz, Steven",571927,"L","SI",677,"94.5",2246,"19",0.9046382123560742,0.9946892724113853,236.27869698700425,237.04472183174119,"Sinker",99,600,600,-0.7660248447369327,0.7660248447369101,0,10,0,10,0,0,0,"10:00","10:00"," 0H 00M"
2025,"Morejon, Adrian",670970,"L","SI",596,"97.7",2419,"18.7",0.8688267824738208,0.8139203513874861,209.3388551402465,238.76746446353894,"Sinker",81,660,600,-29.42860932329245,29.428609323292438,60,11,0,10,0,1,0,"11:00","10:00","+1H 00M"
2025,"Fedde, Erick",607200,"R","SI",793,"93.2",1975,"15",0.7548744901385205,0.7705354382085566,155.45821963438618,125.37703738373622,"Sinker",77,765,105,30.08118225064996,30.081182250649977,-60,12,45,1,45,1,0,"12:45","1:45","-1H 00M"
2025,"Glasnow, Tyler",607192,"R","SI",273,"95.9",2506,"17.5",0.80372164909032,0.7363621377661606,170.39315166901278,139.83661405760205,"Sinker",74,735,75,30.556537611410732,30.556537611410725,-60,12,15,1,15,1,0,"12:15","1:15","-1H 00M"
2025,"Allen, Logan",671106,"L","SI",355,"89",1963,"16.7",0.8254247719400686,0.9038687930144326,220.6921369007328,240.69224176735764,"Sinker",90,645,600,-20.000104866624838,20.000104866624827,45,10,45,10,0,0,45,"10:45","10:00","+0H 45M"
2025,"Skenes, Paul",694973,"R","SI",287,"97.6",2269,"19.2",0.9347344463416758,0.9626484092509329,121.58649455800314,105.64714890320242,"Sinker",96,120,150,15.939345654800718,15.93934565480073,-30,2,0,2,30,0,30,"2:00","2:30","-0H 30M"
2025,"Rutledge, Jackson",671131,"R","SI",421,"95.2",2268,"19.7",0.9400681137627279,0.9554347010643044,128.28734564091175,114.60751623270473,"Sinker",96,105,135,13.679829408207027,13.679829408207043,-30,1,45,2,15,0,30,"1:45","2:15","-0H 30M"
2025,"Rodón, Carlos",607074,"L","SI",305,"91.9",2260,"16.2",0.7526032347577986,0.8072158610330422,222.50359342375816,251.8404331492302,"Sinker",81,630,570,-29.336839725472032,29.336839725471997,60,10,30,9,30,1,0,"10:30","9:30","+1H 00M"
2025,"Corbin, Patrick",571578,"L","SI",723,"91.6",2091,"18.9",0.917774546631289,0.8443149069670836,215.6650166825613,238.21100444443005,"Sinker",84,645,600,-22.54598776186876,22.54598776186875,45,10,45,10,0,0,45,"10:45","10:00","+0H 45M"
2025,"Kochanowicz, Jack",686799,"R","SI",833,"95.5",2137,"15.2",0.7381251608771933,0.769540028591737,133.62550606037115,97.57714874126887,"Sinker",77,90,165,36.04835731910228,36.048357319102266,-75,1,30,2,45,1,15,"1:30","2:45","-1H 15M"
2025,"García, Luis",472610,"R","SI",374,"97",2191,"17.5",0.8556397495295466,0.8515586007370152,151.87915151894535,123.71595360854585,"Sinker",85,60,120,28.163197910399504,28.163197910399504,-60,1,0,2,0,1,0,"1:00","2:00","-1H 00M"
2025,"Montero, Keider",672456,"R","SI",286,"93.7",2212,"18.6",0.8972427577150058,0.8285870363748633,149.95888708756357,120.29231192752573,"Sinker",83,60,120,29.666575160037837,29.666575160037862,-60,1,0,2,0,1,0,"1:00","2:00","-1H 00M"
2025,"Pérez, Martín",527048,"L","SI",281,"89.5",1987,"18.7",0.9143695510959898,0.9628927316796897,225.12026329576491,242.90943324210633,"Sinker",96,630,600,-17.789169946341417,17.789169946341435,30,10,30,10,0,0,30,"10:30","10:00","+0H 30M"
2025,"Zerpa, Angel",672582,"L","SI",458,"96.6",2060,"17.5",0.8886477352387286,0.8474372702020545,232.1476059722628,261.0147295037881,"Sinker",85,615,555,-28.867123531525294,28.867123531525323,60,10,15,9,15,1,0,"10:15","9:15","+1H 00M"
2025,"Vargas, Carlos",672841,"R","SI",639,"97.6",2164,"16.7",0.8101650887917274,0.7470653461680257,140.52947700169867,103.54836292070115,"Sinker",75,75,150,36.981114080997514,36.981114080997514,-75,1,15,2,30,1,15,"1:15","2:30","-1H 15M"
2025,"Bivens, Spencer",702352,"R","SI",473,"94.8",1885,"17.7",0.8996092343818025,0.8477291368155778,136.3923758306778,108.1902634539912,"Sinker",85,90,150,28.2021123766866,28.202112376686586,-60,1,30,2,30,1,0,"1:30","2:30","-1H 00M"
2025,"Kelly, Kevin",687330,"R","SI",317,"91",2164,"17.9",0.8613305858119833,0.8351885403829873,109.55637856263758,80.86884370319069,"Sinker",84,135,195,28.687534859446885,28.68753485944688,-60,2,15,3,15,1,0,"2:15","3:15","-1H 00M"
2025,"Wheeler, Zack",554430,"R","SI",406,"95.4",2310,"19.6",0.9137374559700872,0.8638882751828693,133.70773219962615,109.09667012099132,"Sinker",86,90,135,24.61106207863483,24.611062078634834,-45,1,30,2,15,0,45,"1:30","2:15","-0H 45M"
2025,"Lord, Brad",695418,"R","SI",384,"94.3",2223,"19.5",0.9283715185868957,0.9862144677024337,110.111778706633,100.60793999404278,"Sinker",99,135,165,9.503838712590223,9.503838712590229,-30,2,15,2,45,0,30,"2:15","2:45","-0H 30M"
2025,"Hancock, Emerson",676106,"R","SI",544,"94.7",2388,"20.1",0.9186956600211945,0.9162174209853552,118.97143787826043,100.86818473698975,"Sinker",92,120,165,18.103253141270685,18.103253141270702,-45,2,0,2,45,0,45,"2:00","2:45","-0H 45M"
2025,"Rea, Colin",607067,"R","SI",251,"93.1",2153,"17.2",0.8365999722221195,0.7963792628968696,146.27470337258453,114.52616759445299,"Sinker",80,60,135,31.74853577813154,31.74853577813155,-75,1,0,2,15,1,15,"1:00","2:15","-1H 15M"
2025,"Walker, Ryan",676254,"R","SI",610,"96",2370,"17.8",0.8218114013235915,0.7801673672239264,127.61259070870733,97.54801463733524,"Sinker",78,105,165,30.064576071372088,30.06457607137209,-60,1,45,2,45,1,0,"1:45","2:45","-1H 00M"
2025,"Kittredge, Andrew",552640,"R","SI",271,"95.2",2279,"18.4",0.8853438274161743,0.8262850353124588,149.23571840811644,117.46935367007273,"Sinker",83,60,120,31.766364738043706,31.76636473804372,-60,1,0,2,0,1,0,"1:00","2:00","-1H 00M"
2025,"Morton, Charlie",450203,"R","SI",385,"94",2219,"18.9",0.913974854575635,0.8835317918320775,120.34705369423537,99.48128706374546,"Sinker",88,120,165,20.865766630489915,20.865766630489897,-45,2,0,2,45,0,45,"2:00","2:45","-0H 45M"
2025,"Woodruff, Brandon",605540,"R","SI",297,"92.9",2290,"18.7",0.8853131629875954,0.8736675327456288,157.03504419060016,133.92241000163835,"Sinker",87,765,90,23.112634188961806,23.11263418896181,-45,12,45,1,30,0,45,"12:45","1:30","-0H 45M"
2025,"Hurter, Brant",676428,"L","SI",520,"92.3",2135,"17.2",0.8339418919819097,0.7839287273587069,230.48370153810131,263.29861225018635,"Sinker",78,615,555,-32.81491071208504,32.81491071208503,60,10,15,9,15,1,0,"10:15","9:15","+1H 00M"
2025,"Bibee, Tanner",676440,"R","SI",463,"94.1",2228,"17.2",0.8224261285202284,0.8669271195479011,150.11632105704018,120.513815262821,"Sinker",87,60,120,29.602505794219184,29.602505794219184,-60,1,0,2,0,1,0,"1:00","2:00","-1H 00M"
2025,"Whitlock, Garrett",676477,"R","SI",555,"95.8",2191,"19.9",0.9504894553350872,0.9941038854275741,132.1845069910163,136.78263591363,"Sinker",99,90,90,-4.598128922613711,4.598128922613724,0,1,30,1,30,0,0,"1:30","1:30"," 0H 00M"
2025,"Nola, Aaron",605400,"R","SI",276,"90.7",2233,"20.1",0.9232975388588239,0.9286849752516146,132.3917230005237,112.94028680878687,"Sinker",93,90,135,19.451436191736846,19.451436191736843,-45,1,30,2,15,0,45,"1:30","2:15","-0H 45M"
2025,"Houser, Adrian",605288,"R","SI",867,"94.4",2202,"18.9",0.9219487073500099,0.8887356819562484,133.97657337577567,108.35975388770105,"Sinker",89,90,150,25.616819488074626,25.61681948807461,-60,1,30,2,30,1,0,"1:30","2:30","-1H 00M"
2025,"O'Brien, Riley",676617,"R","SI",366,"98",2184,"17.5",0.8749585621683199,0.8497016528348318,135.03637282755602,107.13266556037422,"Sinker",85,90,150,27.9037072671818,27.903707267181815,-60,1,30,2,30,1,0,"1:30","2:30","-1H 00M"
2025,"Chapman, Aroldis",547973,"L","SI",302,"99.4",2435,"20.2",0.9381026790314954,0.880431242998396,192.44747231222522,215.4985512620498,"Sinker",88,690,645,-23.051078949824586,23.05107894982458,45,11,30,10,45,0,45,"11:30","10:45","+0H 45M"
2025,"Ashby, Aaron",676879,"L","SI",526,"97.5",2152,"17",0.8431405425206291,0.8134017518728581,212.18563129450476,248.0047612142443,"Sinker",81,660,585,-35.81912991973954,35.819129919739545,75,11,0,9,45,1,15,"11:00","9:45","+1H 15M"
2025,"Holmes, Clay",605280,"R","SI",1038,"93.8",2182,"15.7",0.7512601339007525,0.6842798258426125,133.5801732289863,96.73631063648762,"Sinker",68,90,165,36.84386259249868,36.84386259249869,-75,1,30,2,45,1,15,"1:30","2:45","-1H 15M"
2025,"McGreevy, Michael",700241,"R","SI",317,"91.8",2201,"14.8",0.7177339794349131,0.7681890120845118,138.28130177249992,102.1836726006236,"Sinker",77,90,150,36.09762917187632,36.09762917187633,-60,1,30,2,30,1,0,"1:30","2:30","-1H 00M"
2025,"Crochet, Garrett",676979,"L","SI",492,"96",2402,"18.5",0.8536422862477162,0.8611219807426805,218.99130802162296,247.48611942811203,"Sinker",86,645,585,-28.494811406489077,28.494811406489088,60,10,45,9,45,1,0,"10:45","9:45","+1H 00M"
2025,"Bassitt, Chris",605135,"R","SI",1111,"91.6",2103,"17.4",0.8321325205169103,0.7621347747045043,137.93809661131286,101.54913096652247,"Sinker",76,90,150,36.38896564479039,36.3889656447904,-60,1,30,2,30,1,0,"1:30","2:30","-1H 00M"
2025,"Kelly, Merrill",518876,"R","SI",374,"92.2",2227,"18.2",0.876236694562438,0.8249849949073451,132.19729135395468,104.98025044310972,"Sinker",82,90,150,27.217040910844958,27.21704091084496,-60,1,30,2,30,1,0,"1:30","2:30","-1H 00M"
2025,"Rocker, Kumar",677958,"R","SI",280,"95.6",2149,"18.3",0.8890556052372119,0.9067994399056467,132.5528828142307,106.13848830803528,"Sinker",91,90,150,26.414394506195435,26.414394506195425,-60,1,30,2,30,1,0,"1:30","2:30","-1H 00M"
2025,"Vasil, Mike",678024,"R","SI",625,"94.4",2186,"15.6",0.759582064910974,0.6858983209269159,140.56503148691797,102.9796950381211,"Sinker",69,75,150,37.58533644879688,37.58533644879689,-75,1,15,2,30,1,15,"1:15","2:30","-1H 15M"
2025,"Junis, Jakob",596001,"R","SI",254,"91.1",2124,"16.1",0.7750355423501785,0.7108811722566418,145.01837620847465,107.46044287155183,"Sinker",71,75,150,37.557933336922815,37.55793333692282,-75,1,15,2,30,1,15,"1:15","2:30","-1H 15M"
2025,"Bello, Brayan",678394,"R","SI",932,"95.3",2121,"18.4",0.8932550558917831,0.875476570405055,133.45217679558777,104.34415631283517,"Sinker",88,90,150,29.108020482752607,29.10802048275262,-60,1,30,2,30,1,0,"1:30","2:30","-1H 00M"
2025,"Warren, Will",701542,"R","SI",580,"93.2",2429,"17.3",0.7862446645236987,0.72645347980967,134.3316516818768,99.78739725659221,"Sinker",73,90,165,34.54425442528458,34.544254425284606,-75,1,30,2,45,1,15,"1:30","2:45","-1H 15M"
2025,"Ferrer, Jose A.",678606,"L","SI",850,"97.7",2123,"19.8",0.9797012544784858,0.9925492246701932,248.54037211622887,253.08020926005264,"Sinker",99,585,570,-4.539837143823775,4.539837143823782,15,9,45,9,30,0,15,"9:45","9:30","+0H 15M"
2025,"Seymour, Carson",693313,"R","SI",258,"96.1",2250,"16.8",0.800851111190689,0.7559160668932071,135.1714390256169,107.58630376460452,"Sinker",76,90,150,27.585135261012383,27.585135261012375,-60,1,30,2,30,1,0,"1:30","2:30","-1H 00M"
2025,"Backhus, Kyle",679775,"L","SI",273,"91",2262,"19.3",0.929448683716926,0.9596485894327205,255.9265655678837,267.95636048338446,"Sinker",96,570,540,-12.029794915500759,12.029794915500748,30,9,30,9,0,0,30,"9:30","9:00","+0H 30M"
2025,"Peralta, Wandy",593974,"L","SI",497,"95.4",2111,"18.7",0.9134392469491629,0.9476369074257176,223.65291915271564,243.91547366702633,"Sinker",95,630,585,-20.262554514310693,20.262554514310686,45,10,30,9,45,0,45,"10:30","9:45","+0H 45M"
2025,"King, Michael",650633,"R","SI",331,"92.7",2289,"19.7",0.898373938436709,0.7734540803657748,133.26880897244445,98.60198825851836,"Sinker",77,90,165,34.666820713926086,34.66682071392608,-75,1,30,2,45,1,15,"1:30","2:45","-1H 15M"
2025,"Alcantara, Sandy",645261,"R","SI",735,"97.2",2324,"19.8",0.9356263182211062,0.9631962308169039,127.1918984051653,112.31142411859365,"Sinker",96,105,135,14.880474286571655,14.88047428657167,-30,1,45,2,15,0,30,"1:45","2:15","-0H 30M"
2025,"Civale, Aaron",650644,"R","SI",292,"92.3",2261,"18.6",0.8796867453077956,0.9161033937603781,145.71209939511013,125.66197479069274,"Sinker",92,75,105,20.05012460441739,20.05012460441741,-30,1,15,1,45,0,30,"1:15","1:45","-0H 30M"
2025,"Rodriguez, Eduardo",593958,"L","SI",250,"91.5",2287,"17",0.7998981877804204,0.7799408635445175,200.09987451309632,227.74986716720036,"Sinker",78,675,630,-27.64999265410404,27.649992654104025,45,11,15,10,30,0,45,"11:15","10:30","+0H 45M"
2025,"Rogers, Tyler",643511,"R","SI",692,"83.5",1972,"15.9",0.7508809025101785,0.7358654832965288,39.63959284591277,5.927498295927506,"Sinker",74,285,345,33.71209454998527,33.71209454998526,-60,4,45,5,45,1,0,"4:45","5:45","-1H 00M"
2025,"Sánchez, Cristopher",650911,"L","SI",1328,"95.4",2137,"19.5",0.9501999437929508,0.9269346183361556,237.87059846048774,260.3333791247696,"Sinker",93,600,555,-22.462780664281837,22.462780664281823,45,10,0,9,15,0,45,"10:00","9:15","+0H 45M"
2025,"Leiter Jr., Mark",643410,"R","SI",321,"93.7",2026,"19.2",0.9519944355831922,0.9286909735934281,151.12184032795878,131.16225608011243,"Sinker",93,60,105,19.95958424784635,19.95958424784634,-45,1,0,1,45,0,45,"1:00","1:45","-0H 45M"
2025,"Bird, Jake",656234,"R","SI",286,"94.4",2131,"12",0.6337996933891576,0.7373139632725562,126.23516649790086,87.04292667080918,"Sinker",74,105,180,39.19223982709168,39.19223982709167,-75,1,45,3,0,1,15,"1:45","3:00","-1H 15M"
2025,"Woo, Bryan",693433,"R","SI",681,"95.4",2303,"18.2",0.8508334747052437,0.8485787464824229,137.61152361446182,105.72467499368807,"Sinker",85,90,150,31.886848620773748,31.886848620773723,-60,1,30,2,30,1,0,"1:30","2:30","-1H 00M"
2025,"Gilbert, Tyler",656457,"L","SI",253,"89.9",2150,"18.6",0.8824159358903575,0.8441180782072054,237.02222747123224,264.1610037965378,"Sinker",84,600,555,-27.138776325305543,27.138776325305543,45,10,0,9,15,0,45,"10:00","9:15","+0H 45M"
2025,"Bautista, Félix",642585,"R","SI",387,"97.2",2393,"20.8",0.978637716896715,0.9940948823778014,172.50170542344415,166.06850983809016,"Sinker",99,735,750,6.433195585353985,6.433195585353985,-15,12,15,12,30,0,15,"12:15","12:30","-0H 15M"
2025,"Houck, Tanner",656557,"R","SI",290,"94.5",2229,"17.9",0.8346445515279796,0.7844453549509103,117.73759982824646,87.08126390367472,"Sinker",78,120,180,30.656335924571735,30.65633592457173,-60,2,0,3,0,1,0,"2:00","3:00","-1H 00M"
2025,"Keller, Mitch",656605,"R","SI",443,"92.9",2471,"17.3",0.7905969741832369,0.7351973459396158,144.78111785880105,118.31228998353737,"Sinker",74,75,120,26.468827875263685,26.468827875263685,-45,1,15,2,0,0,45,"1:15","2:00","-0H 45M"
2025,"Walker, Taijuan",592836,"R","SI",417,"92",1963,"19.3",0.9637634171055887,0.9616403341433126,145.7739708289946,127.04110023190165,"Sinker",96,75,105,18.732870597092955,18.73287059709294,-30,1,15,1,45,0,30,"1:15","1:45","-0H 30M"
2025,"Loáisiga, Jonathan",642528,"R","SI",269,"96.8",2250,"19.1",0.9251107159382475,0.8941491927971688,134.08670508768375,107.79966639663726,"Sinker",89,90,150,26.28703869104649,26.28703869104648,-60,1,30,2,30,1,0,"1:30","2:30","-1H 00M"
2025,"Soto, Gregory",642397,"L","SI",533,"96.9",2317,"20.1",0.9517008621441866,0.9186163965373543,226.1189776845268,247.23767062299981,"Sinker",92,630,585,-21.118692938473004,21.11869293847299,45,10,30,9,45,0,45,"10:30","9:45","+0H 45M"
2025,"Newcomb, Sean",656794,"L","SI",335,"92.5",2325,"18.5",0.8571072491591323,0.8250654877229239,228.00570693707292,257.7172257756716,"Sinker",83,630,570,-29.711518838598664,29.711518838598685,60,10,30,9,30,1,0,"10:30","9:30","+1H 00M"
2025,"Peterson, David",656849,"L","SI",763,"91.3",2123,"16.7",0.7953614552547785,0.753260249620427,211.1488131797584,246.63808705320736,"Sinker",75,660,585,-35.48927387344895,35.489273873448944,75,11,0,9,45,1,15,"11:00","9:45","+1H 15M"
2025,"Speier, Gabe",642100,"L","SI",264,"94.4",2089,"19.4",0.9423567394844882,0.927990996703975,227.52975582652832,251.14736219533813,"Sinker",93,630,585,-23.617606368809817,23.617606368809827,45,10,30,9,45,0,45,"10:30","9:45","+0H 45M"
2025,"Rasmussen, Drew",656876,"R","SI",526,"95.4",2417,"19.5",0.9115169620627075,0.8919211004784924,150.0440632022425,129.38014544830628,"Sinker",89,60,105,20.663917753936232,20.663917753936243,-45,1,0,1,45,0,45,"1:00","1:45","-0H 45M"
2025,"Vásquez, Randy",681190,"R","SI",411,"93.2",2337,"19.4",0.9041111414202967,0.8638913651175677,146.05342584122295,122.33550839586042,"Sinker",86,75,120,23.71791744536253,23.717917445362552,-45,1,15,2,0,0,45,"1:15","2:00","-0H 45M"
2025,"Lorenzen, Michael",547179,"R","SI",418,"93",2198,"18.9",0.9090638267899906,0.9097713900030597,131.53288237336704,112.00696493118052,"Sinker",91,90,135,19.525917442186525,19.52591744218651,-45,1,30,2,15,0,45,"1:30","2:15","-0H 45M"
2025,"Thompson, Ryan",657044,"R","SI",279,"89.7",1999,"16.1",0.8053932582291481,0.7508883312228938,89.12405395944454,57.479183296419365,"Sinker",75,180,240,31.644870663025173,31.64487066302517,-60,3,0,4,0,1,0,"3:00","4:00","-1H 00M"
2025,"Elder, Bryce",693821,"R","SI",996,"91.5",2092,"16.6",0.8233761290701094,0.7619218212973463,150.86651766695343,115.51105570868997,"Sinker",76,60,135,35.35546195826346,35.355461958263476,-75,1,0,2,15,1,15,"1:00","2:15","-1H 15M"
2025,"Littell, Zack",641793,"R","SI",429,"91.5",2028,"18.8",0.9357037626409067,0.9448550042548913,146.53993654796656,127.96671936117943,"Sinker",94,60,105,18.573217186787133,18.573217186787147,-45,1,0,1,45,0,45,"1:00","1:45","-0H 45M"
2025,"Webb, Logan",657277,"R","SI",995,"92.6",1961,"16.6",0.8228410286364184,0.7802995326356922,120.16786033934605,87.51934862364487,"Sinker",78,120,180,32.648511715701176,32.648511715701176,-60,2,0,3,0,1,0,"2:00","3:00","-1H 00M"
2025,"Bernardino, Brennan",657514,"L","SI",370,"90.7",2175,"17.3",0.8082603172726858,0.7547910332405012,229.15501815306735,257.27404011472953,"Sinker",75,615,570,-28.119021961662185,28.11902196166221,45,10,15,9,30,0,45,"10:15","9:30","+0H 45M"
2025,"Hill, Tim",657612,"L","SI",725,"88.4",2059,"18.8",0.8984081814143567,0.9300805435862687,279.16098490842506,297.5058088332537,"Sinker",93,525,480,-18.34482392482863,18.344823924828656,45,8,45,8,0,0,45,"8:45","8:00","+0H 45M"
2025,"Koenig, Jared",657649,"L","SI",576,"95.8",2358,"18.6",0.8770152184480781,0.8044089023045405,210.35770311841537,236.20204401518166,"Sinker",80,660,615,-25.844340896766283,25.84434089676633,45,11,0,10,15,0,45,"11:00","10:15","+0H 45M"
2025,"Ryan, Joe",657746,"R","SI",314,"93.3",2142,"18.9",0.9263444918566599,0.9542035743107793,128.83496094148236,112.50092833530455,"Sinker",95,105,135,16.334032606177814,16.334032606177797,-30,1,45,2,15,0,30,"1:45","2:15","-0H 30M"
2025,"Smith, Shane",681343,"R","SI",277,"95.7",2127,"18.7",0.9233478027501023,0.8653237202365459,142.71988092239576,117.8349412859101,"Sinker",87,75,120,24.884939636485655,24.884939636485655,-45,1,15,2,0,0,45,"1:15","2:00","-0H 45M"
2025,"De los Santos, Yerry",660787,"R","SI",321,"95.5",2150,"19.6",0.9557862295388507,0.976349586877131,127.08410525325068,111.9177875375469,"Sinker",98,105,135,15.166317715703784,15.166317715703785,-30,1,45,2,15,0,30,"1:45","2:15","-0H 30M"
2025,"Bazardo, Eduard",660825,"R","SI",476,"95.5",2230,"19.7",0.9312515318197708,0.9213841889023001,144.15021625375843,121.41902927407673,"Sinker",92,75,120,22.731186979681695,22.731186979681674,-45,1,15,2,0,0,45,"1:15","2:00","-0H 45M"
2025,"Quintana, Jose",500779,"L","SI",946,"90.5",2094,"18.2",0.8836370599532325,0.8554597681582061,207.7592613543079,232.47643046337305,"Sinker",86,660,615,-24.71716910906514,24.717169109065132,45,11,0,10,15,0,45,"11:00","10:15","+0H 45M"
2025,"Hamilton, Ian",641656,"R","SI",303,"94.8",2192,"19.2",0.9201199899761568,0.8749610279723159,137.91046028169677,112.58737974202542,"Sinker",87,90,135,25.323080539671352,25.32308053967136,-45,1,30,2,15,0,45,"1:30","2:15","-0H 45M"
2025,"Alexander, Tyler",641302,"L","SI",290,"90.5",2097,"18.8",0.913447996688619,0.9043524207712645,222.3817819876595,244.07785399815407,"Sinker",90,630,585,-21.69607201049456,21.69607201049455,45,10,30,9,45,0,45,"10:30","9:45","+0H 45M"
2025,"Olson, Reese",681857,"R","SI",306,"94.5",2176,"19.2",0.9155293253621268,0.890628929046446,138.20391582386517,121.1959601571297,"Sinker",89,90,120,17.00795566673547,17.00795566673547,-30,1,30,2,0,0,30,"1:30","2:00","-0H 30M"
2025,"Mize, Casey",663554,"R","SI",286,"94.7",2215,"19.5",0.9433827354435618,0.967518685256681,145.3527882708625,130.9284796635056,"Sinker",97,75,105,14.424308607356892,14.424308607356869,-30,1,15,1,45,0,30,"1:15","1:45","-0H 30M"
2025,"Anderson, Grant",681982,"R","SI",280,"93.2",2280,"18.7",0.885136708650115,0.8139789003275179,115.05219890095844,86.39668461687435,"Sinker",81,135,180,28.65551428408409,28.655514284084074,-45,2,15,3,0,0,45,"2:15","3:00","-0H 45M"
2025,"Falter, Bailey",663559,"L","SI",266,"92.1",2073,"19.1",0.926786622948052,0.9837080402147301,190.78328893101695,204.5033539295558,"Sinker",98,705,675,-13.720064998538845,13.720064998538813,30,11,45,11,15,0,30,"11:45","11:15","+0H 30M"
2025,"Hendricks, Kyle",543294,"R","SI",973,"86.2",1981,"15.7",0.7600938674894754,0.7973119655415781,148.9360349083131,112.07689079536391,"Sinker",80,60,135,36.859144112949195,36.859144112949195,-75,1,0,2,15,1,15,"1:00","2:15","-1H 15M"
2025,"Suárez, Ranger",624133,"L","SI",650,"90.1",1980,"16.8",0.8254857263326081,0.7257350328294161,219.13717612174267,257.3210864354348,"Sinker",73,645,570,-38.18391031369211,38.18391031369211,75,10,45,9,30,1,15,"10:45","9:30","+1H 15M"
2025,"Kolek, Stephen",663568,"R","SI",395,"93.6",2149,"17.2",0.8343642084596296,0.7572135256101465,136.55504700045495,101.08905970626334,"Sinker",76,90,165,35.465987294191606,35.46598729419159,-75,1,30,2,45,1,15,"1:30","2:45","-1H 15M"
2025,"Herget, Jimmy",623474,"R","SI",355,"91.9",2423,"16.3",0.8188126357624685,0.8756275619883713,109.6400616269693,85.8169093129874,"Sinker",88,135,195,23.823152313981893,23.823152313981893,-60,2,15,3,15,1,0,"2:15","3:15","-1H 00M"
2025,"Irvin, Jake",663623,"R","SI",640,"91.9",2289,"18.2",0.8458756501371603,0.8065014344277525,136.2114213326513,107.07703334613076,"Sinker",81,90,150,29.134387986520537,29.134387986520544,-60,1,30,2,30,1,0,"1:30","2:30","-1H 00M"
2025,"Miller, Bryce",682243,"R","SI",253,"94.5",2471,"20.1",0.8999340260929175,0.9017552153164126,149.4156712387127,129.06032126511724,"Sinker",90,60,105,20.35534997359545,20.35534997359546,-45,1,0,1,45,0,45,"1:00","1:45","-0H 45M"
2025,"Gray, Sonny",543243,"R","SI",474,"92.4",2404,"13.1",0.6017934228622992,0.5695955125169759,157.87557991389184,125.88394441501985,"Sinker",57,765,105,31.991635498871986,31.99163549887201,-60,12,45,1,45,1,0,"12:45","1:45","-1H 00M"
2025,"Hicks, Jordan",663855,"R","SI",637,"97.5",1926,"18.3",0.9301315825401474,0.8676817238679424,136.38056698307633,111.1242204144978,"Sinker",87,90,135,25.256346568578536,25.25634656857855,-45,1,30,2,15,0,45,"1:30","2:15","-0H 45M"
2025,"Little, Brendon",663893,"L","SI",486,"93.4",2030,"15.7",0.7719341767985427,0.7067215415788534,244.83634866709156,281.4724601309773,"Sinker",71,585,510,-36.636111463885754,36.63611146388571,75,9,45,8,30,1,15,"9:45","8:30","+1H 15M"
2025,"Topa, Justin",623437,"R","SI",345,"94.2",2181,"18.6",0.90646917637393,0.8951119743403146,109.93076951495205,86.46371563730432,"Sinker",90,135,180,23.46705387764773,23.467053877647736,-45,2,15,3,0,0,45,"2:15","3:00","-0H 45M"
2025,"Singer, Brady",663903,"R","SI",1151,"92.2",2362,"19",0.8828316931303645,0.8305945797826725,141.70282309939319,118.56704511954783,"Sinker",83,75,120,23.135777979845358,23.135777979845344,-45,1,15,2,0,0,45,"1:15","2:00","-0H 45M"
2025,"Hader, Josh",623352,"L","SI",459,"95.5",2321,"20.5",0.9565798932762951,0.9952506166110777,212.26587966379114,208.5286345059102,"Sinker",100,660,660,3.737245157880949,3.7372451578809756,0,11,0,11,0,0,0,"11:00","11:00"," 0H 00M"
2025,"Phillips, Tyler",663969,"R","SI",351,"95.5",2056,"18.4",0.9192001840587127,0.9093792979565085,130.7237654240992,104.3394764646426,"Sinker",91,105,150,26.38428895945661,26.384288959456622,-45,1,45,2,30,0,45,"1:45","2:30","-0H 45M"
2025,"Brazobán, Huascar",623211,"R","SI",377,"96.4",2260,"20.1",0.9550425943464883,0.9131501238281571,132.72228948349465,110.79467435344353,"Sinker",91,90,135,21.927615130051123,21.927615130051137,-45,1,30,2,15,0,45,"1:30","2:15","-0H 45M"
2025,"Severino, Luis",622663,"R","SI",567,"95.7",2132,"18.6",0.9100400538956378,0.9131341917482031,146.73206651523495,127.78991609522271,"Sinker",91,60,105,18.94215042001224,18.942150420012243,-45,1,0,1,45,0,45,"1:00","1:45","-0H 45M"
2025,"Mey, Luis",682825,"R","SI",288,"98.9",2285,"16.6",0.8069430764191083,0.7232043852047203,144.9231787971101,113.11837646759169,"Sinker",72,75,135,31.80480232951841,31.804802329518402,-60,1,15,2,15,1,0,"1:15","2:15","-1H 00M"
2025,"Cleavinger, Garrett",664076,"L","SI",318,"96.3",2412,"18.9",0.8883031482888535,0.8491078394746491,221.22657941165045,244.094486261982,"Sinker",85,645,585,-22.867906850331565,22.867906850331615,60,10,45,9,45,1,0,"10:45","9:45","+1H 00M"
2025,"Lucchesi, Joey",664192,"L","SI",296,"92.5",2276,"17.8",0.8262265481590464,0.8036559421610193,210.473645763767,238.83314156525742,"Sinker",80,660,600,-28.359495801490425,28.3594958014904,60,11,0,10,0,1,0,"11:00","10:00","+1H 00M"
2025,"Valdez, Framber",664285,"L","SI",1242,"94.3",2203,"17.6",0.8374068723901088,0.7604186022373433,219.76350946232031,253.99133502714307,"Sinker",76,645,570,-34.22782556482275,34.22782556482273,75,10,45,9,30,1,15,"10:45","9:30","+1H 15M"
2025,"Castillo, Luis",622491,"R","SI",637,"94.8",2035,"19.6",0.9630525021542042,0.9264713745326818,119.62765419563026,97.04271544086711,"Sinker",93,120,165,22.584938754763144,22.584938754763122,-45,2,0,2,45,0,45,"2:00","2:45","-0H 45M"
2025,"Uribe, Abner",682842,"R","SI",577,"98.7",2309,"15.5",0.7522353519400312,0.7053419804891249,148.3600835453683,109.49093364785718,"Sinker",71,60,135,38.86914989751112,38.86914989751112,-75,1,0,2,15,1,15,"1:00","2:15","-1H 15M"
2025,"Kremer, Dean",665152,"R","SI",512,"92.9",2158,"19.3",0.9302439941893965,0.9226949846533463,145.55836496585803,126.20568663754878,"Sinker",92,75,105,19.352678328309253,19.35267832830927,-30,1,15,1,45,0,30,"1:15","1:45","-0H 30M"
2025,"Ortiz, Luis",682847,"R","SI",286,"95.5",2293,"17.6",0.826829076116816,0.8144157711093057,126.73518667867701,96.02748468038624,"Sinker",81,105,165,30.707701998290773,30.707701998290773,-60,1,45,2,45,1,0,"1:45","2:45","-1H 00M"
2025,"Cabrera, Edward",665795,"R","SI",461,"96.9",2310,"20.1",0.9444436185717032,0.879021406172592,138.5229471810319,115.5560558961102,"Sinker",88,90,135,22.9668912849217,22.966891284921694,-45,1,30,2,15,0,45,"1:30","2:15","-0H 45M"
2025,"Pfaadt, Brandon",694297,"R","SI",678,"93.1",2426,"17",0.8019292667627917,0.7914519833026178,138.7500739070989,109.9246117399548,"Sinker",79,75,135,28.82546216714411,28.825462167144096,-60,1,15,2,15,1,0,"1:15","2:15","-1H 00M"
2025,"Berríos, José",621244,"R","SI",848,"92.2",2027,"19.5",0.9595843889202271,0.9860596929092735,132.8636038307876,119.93684507664295,"Sinker",99,90,120,12.926758754144657,12.926758754144668,-30,1,30,2,0,0,30,"1:30","2:00","-0H 30M"
2025,"Lodolo, Nick",666157,"L","SI",504,"93.8",2297,"19.6",0.9350868380177411,0.9881308865225773,248.9600486880728,257.44685157134944,"Sinker",99,585,570,-8.486802883276653,8.486802883276683,15,9,45,9,30,0,15,"9:45","9:30","+0H 15M"
2025,"Priester, Quinn",682990,"R","SI",1024,"93.9",2044,"16.6",0.8257562883041866,0.8133680767360452,143.95883884124757,111.62734365287284,"Sinker",81,75,135,32.33149518837473,32.33149518837474,-60,1,15,2,15,1,0,"1:15","2:15","-1H 00M"
2025,"Luzardo, Jesús",666200,"L","SI",301,"95.8",2233,"19.4",0.9242272290309689,0.9494868434348753,231.41504374664757,248.84535192944307,"Sinker",95,615,585,-17.4303081827955,17.430308182795514,30,10,15,9,45,0,30,"10:15","9:45","+0H 30M"
2025,"Alvarado, José",621237,"L","SI",285,"99.1",2080,"19.9",0.9889882101817848,0.9405862303091882,210.30805995515982,231.9345513542955,"Sinker",94,660,615,-21.626491399135688,21.62649139913567,45,11,0,10,15,0,45,"11:00","10:15","+0H 45M"
2025,"McCullers Jr., Lance",621121,"R","SI",282,"91.5",2237,"13.9",0.6495730329678655,0.6958832157561787,131.4696669473091,103.39754551656344,"Sinker",70,90,150,28.072121430745653,28.07212143074566,-60,1,30,2,30,1,0,"1:30","2:30","-1H 00M"
2025,"Stroman, Marcus",573186,"R","SI",251,"89.7",2281,"11.7",0.5397527290241165,0.6112833578883227,148.09414461155703,102.4341004558062,"Sinker",61,60,150,45.660044155750825,45.660044155750825,-90,1,0,2,30,1,30,"1:00","2:30","-1H 30M"
2025,"Cano, Yennier",666974,"R","SI",439,"95.1",2064,"18.1",0.8997198589405966,0.8673864293366002,107.06653221390827,81.24780660125047,"Sinker",87,150,195,25.8187256126578,25.8187256126578,-45,2,30,3,15,0,45,"2:30","3:15","-0H 45M"
2025,"King, John",667463,"L","SI",455,"93",2248,"15.3",0.7276667042116948,0.7325254212005943,229.27898509723184,263.44859628685634,"Sinker",73,615,555,-34.169611189624504,34.1696111896245,60,10,15,9,15,1,0,"10:15","9:15","+1H 00M"
2025,"Buehler, Walker",621111,"R","SI",357,"93.8",2122,"18.9",0.9083333469599688,0.8926554761513037,142.74400632250084,121.7974135773672,"Sinker",89,75,120,20.946592745133643,20.946592745133636,-45,1,15,2,0,0,45,"1:15","2:00","-0H 45M"
2025,"Soriano, José",667755,"R","SI",1281,"97.2",1925,"14.2",0.7348273202173312,0.8200740543695775,133.87099266157236,98.59016339195543,"Sinker",82,90,165,35.28082926961693,35.280829269616916,-75,1,30,2,45,1,15,"1:30","2:45","-1H 15M"
2025,"Leiter, Jack",683004,"R","SI",320,"96.4",2353,"20.4",0.9620495700594742,0.9506580884534704,147.4614012070823,133.88477742617218,"Sinker",95,60,90,13.576623780910126,13.576623780910117,-30,1,0,1,30,0,30,"1:00","1:30","-0H 30M"
2025,"Quantrill, Cal",615698,"R","SI",333,"93.8",2102,"20.1",0.9791093195068379,0.9796436423944846,136.2419524236488,125.32625997936648,"Sinker",98,90,105,10.915692444282314,10.915692444282318,-15,1,30,1,45,0,15,"1:30","1:45","-0H 15M"
2025,"Rogers, Taylor",573124,"L","SI",437,"92.7",2169,"19.2",0.9289386101593571,0.8933841533949739,228.6769596844007,248.86744941063017,"Sinker",89,630,585,-20.19048972622946,20.19048972622945,45,10,30,9,45,0,45,"10:30","9:45","+0H 45M"
2025,"Romero, JoJo",668941,"L","SI",305,"93.7",2173,"18.5",0.8920981425351282,0.835464355118759,237.0633123859172,265.4534347751485,"Sinker",84,600,555,-28.390122389231294,28.39012238923129,45,10,0,9,15,0,45,"10:00","9:15","+0H 45M"
2025,"Svanson, Matt",694335,"R","SI",457,"96.8",2263,"18.4",0.8929105508318614,0.866001674340244,139.1139905848491,118.52151356719881,"Sinker",87,75,120,20.592477017650282,20.592477017650285,-45,1,15,2,0,0,45,"1:15","2:00","-0H 45M"
2025,"Pérez, Eury",691587,"R","SL",385,"86",2488,"3.9",0.17466548366065315,0.25258167123437975,217.07869338111746,209.45700798669236,"Slider",25,645,660,7.6216853944251,7.621685394425093,-15,10,45,11,0,0,15,"10:45","11:00","-0H 15M"
2025,"Gordon, Tanner",685299,"R","SL",311,"84.2",2101,"2.8",0.1451913367271392,0.19918991549745044,200.8522385239293,263.78303452643866,"Slider",20,675,555,-62.93079600250937,62.930796002509375,120,11,15,9,15,2,0,"11:15","9:15","+2H 00M"
2025,"Nelson, Ryne",669194,"R","SL",296,"86.3",2415,"6.3",0.2913494711052962,0.3382155689021736,258.19159293618304,277.4328743709799,"Slider",34,570,525,-19.24128143479686,19.241281434796864,45,9,30,8,45,0,45,"9:30","8:45","+0H 45M"
2025,"Pepiot, Ryan",686752,"R","SL",452,"89",2591,"10.9",0.47949034097855636,0.5064144406578233,198.28567832284364,224.48376629833507,"Slider",51,690,630,-26.198087975491433,26.198087975491458,60,11,30,10,30,1,0,"11:30","10:30","+1H 00M"
2025,"De Los Santos, Enyel",660853,"R","SL",397,"88.3",2213,"5.4",0.2581346689674513,0.3354927270257584,153.59285427841795,196.01581866958765,"Slider",34,60,690,-42.4229643911697,42.4229643911697,90,1,0,11,30,1,30,"1:00","11:30","+1H 30M"
2025,"Glasnow, Tyler",607192,"R","SL",326,"89.3",2668,"5.1",0.22163987037658667,0.22873853157869356,262.40498913891366,293.1648088132938,"Slider",23,555,495,-30.75981967438014,30.759819674380125,60,9,15,8,15,1,0,"9:15","8:15","+1H 00M"
2025,"Heaney, Andrew",571760,"L","SL",341,"80.5",2474,"4.8",0.20380591084590438,0.19069143417347098,74.10058851491883,60.69130178120368,"Slider",19,210,240,13.409286733715149,13.409286733715156,-30,3,30,4,0,0,30,"3:30","4:00","-0H 30M"
2025,"Burrows, Mike",681347,"R","SL",300,"87.3",2536,"5.4",0.23906102875138402,0.30376363469925316,228.01105938147433,249.34282302389056,"Slider",30,630,585,-21.331763642416234,21.33176364241624,45,10,30,9,45,0,45,"10:30","9:45","+0H 45M"
2025,"Rutledge, Jackson",671131,"R","SL",345,"85.2",2050,"2.8",0.13109303939443195,0.1475766393381382,270.1762148034706,309.920698048093,"Slider",15,540,465,-39.744483244622415,39.74448324462242,75,9,0,7,45,1,15,"9:00","7:45","+1H 15M"
2025,"Ortiz, Luis",682847,"R","SL",389,"85.5",2389,"7.5",0.3331553974057252,0.2353876337404207,290.89850805477585,276.19048034957507,"Slider",24,495,525,14.708027705200777,14.70802770520079,-30,8,15,8,45,0,30,"8:15","8:45","-0H 30M"
2025,"Boyle, Joe",671212,"R","SL",326,"90.8",2612,"4.3",0.19168688003238749,0.2640663901155131,222.76962193478772,251.4744991427039,"Slider",26,630,570,-28.704877207916184,28.704877207916155,60,10,30,9,30,1,0,"10:30","9:30","+1H 00M"
2025,"Kochanowicz, Jack",686799,"R","SL",275,"87.3",2731,"4.8",0.2023763689583612,0.18218162037699756,304.34827290200013,301.946133911763,"Slider",18,465,480,2.4021389902371197,2.4021389902371104,-15,7,45,8,0,0,15,"7:45","8:00","-0H 15M"
2025,"Bachar, Lake",669199,"R","SL",265,"89.2",2657,"3.5",0.1507897686275882,0.19109620852519082,233.34694646480216,262.79593895771046,"Slider",19,615,555,-29.448992492908303,29.448992492908303,60,10,15,9,15,1,0,"10:15","9:15","+1H 00M"
2025,"Rodón, Carlos",607074,"L","SL",900,"85.9",2633,"7.1",0.30077465789633007,0.20057942099926498,84.4695078769164,71.1013757369682,"Slider",20,195,225,13.368132139948202,13.368132139948196,-30,3,15,3,45,0,30,"3:15","3:45","-0H 30M"
2025,"Kinley, Tyler",641755,"R","SL",776,"87.4",2555,"3.5",0.16064904822656878,0.22028684134781476,213.21761373835432,239.842506716753,"Slider",22,660,600,-26.62489297839869,26.62489297839867,60,11,0,10,0,1,0,"11:00","10:00","+1H 00M"
2025,"Leahy, Kyle",681517,"R","SL",282,"91.1",2381,"6.5",0.30032640610126915,0.4352700397490085,193.07690022504912,231.45661178851657,"Slider",44,690,615,-38.37971156346745,38.37971156346747,75,11,30,10,15,1,15,"11:30","10:15","+1H 15M"
2025,"Detmers, Reid",672282,"L","SL",338,"88.3",2332,"5.9",0.2656075313055908,0.30026682715350633,83.31303933793666,38.7977846463302,"Slider",30,195,285,44.51525469160646,44.515254691606465,-90,3,15,4,45,1,30,"3:15","4:45","-1H 30M"
2025,"Muñoz, Andrés",662253,"R","SL",516,"86",2356,"7.2",0.3171503295992784,0.3920623511510161,267.9128947090053,296.3258528000954,"Slider",39,540,480,-28.412958091090104,28.41295809109013,60,9,0,8,0,1,0,"9:00","8:00","+1H 00M"
2025,"Corbin, Patrick",571578,"L","SL",865,"80.4",2229,"3.4",0.15302472757958038,0.19261403322599444,103.9890740330797,62.1795197902628,"Slider",19,150,240,41.8095542428169,41.80955424281689,-90,2,30,4,0,1,30,"2:30","4:00","-1H 30M"
2025,"Montero, Keider",672456,"R","SL",322,"84.1",2729,"11.2",0.47557205009009906,0.37826193233035454,288.88391887669235,267.8722590843828,"Slider",38,495,540,21.01165979230956,21.01165979230954,-45,8,15,9,0,0,45,"8:15","9:00","-0H 45M"
2025,"Verlander, Justin",434378,"R","SL",606,"87.1",2503,"6.6",0.28707597732976453,0.3402969321252342,196.57887944109575,226.46012667038133,"Slider",34,690,630,-29.881247229285577,29.881247229285542,60,11,30,10,30,1,0,"11:30","10:30","+1H 00M"
2025,"Erceg, Lucas",668674,"R","SL",283,"85",2063,"3.9",0.18831889075420374,0.20173412230868612,329.8322709879948,359.11564195736594,"Slider",20,420,360,-29.283370969371163,29.283370969371195,60,7,0,6,0,1,0,"7:00","6:00","+1H 00M"
2025,"Boyd, Matthew",571510,"L","SL",408,"82",2485,"3.8",0.16459456653442156,0.23427783044942938,81.61747012993371,65.3824141599286,"Slider",23,195,225,16.235055970005106,16.235055970005103,-30,3,15,3,45,0,30,"3:15","3:45","-0H 30M"
2025,"Zerpa, Angel",672582,"L","SL",351,"85.1",2609,"11.1",0.48201837932500613,0.590160849928297,50.88560112452706,34.45083548663865,"Slider",59,255,285,16.434765637888404,16.43476563788841,-30,4,15,4,45,0,30,"4:15","4:45","-0H 30M"
2025,"Gausman, Kevin",592332,"R","SL",261,"83.2",2334,"3.7",0.16374597325496323,0.18882599618125004,212.94254647526805,263.26346181244185,"Slider",19,660,555,-50.3209153371738,50.32091533717379,105,11,0,9,15,1,45,"11:00","9:15","+1H 45M"
2025,"Miller, Mason",695243,"R","SL",442,"87.8",2396,"9.8",0.4413950590585357,0.48363653394184014,307.22748001983615,291.5136621180263,"Slider",48,465,495,15.713817901809875,15.713817901809888,-30,7,45,8,15,0,30,"7:45","8:15","-0H 30M"
2025,"Baker, Bryan",641329,"R","SL",275,"88.5",2384,"8.6",0.3901353293897053,0.44794849586783764,214.15602761165093,243.9922739111218,"Slider",45,645,585,-29.836246299470872,29.836246299470897,60,10,45,9,45,1,0,"10:45","9:45","+1H 00M"
2025,"Estévez, Carlos",608032,"R","SL",318,"87.3",2244,"6.3",0.29633349709809015,0.39264590193245086,216.43073860272125,254.57249986036123,"Slider",39,645,570,-38.141761257639985,38.14176125764,75,10,45,9,30,1,15,"10:45","9:30","+1H 15M"
2025,"Skubal, Tarik",669373,"L","SL",356,"90",2233,"5.4",0.25130694749832966,0.3256963594966537,172.5898860670984,134.1287176235912,"Slider",33,735,90,38.461168443507205,38.46116844350719,-75,12,15,1,30,1,15,"12:15","1:30","-1H 15M"
2025,"Ginn, J.T.",669372,"R","SL",406,"86.1",2198,"6.6",0.30442943249368537,0.2195434098412909,321.18676393166356,304.20952261884986,"Slider",22,435,465,16.977241312813703,16.977241312813728,-30,7,15,7,45,0,30,"7:15","7:45","-0H 30M"
2025,"Lord, Brad",695418,"R","SL",430,"85.5",2512,"2.7",0.11570092085394817,0.13803104349672463,258.59757665631344,313.13685172653595,"Slider",14,570,450,-54.539275070222516,54.539275070222544,120,9,30,7,30,2,0,"9:30","7:30","+2H 00M"
2025,"Leasure, Jordan",673929,"R","SL",480,"87.3",2443,"7.4",0.3304061885846948,0.35731983229430925,226.41707157872003,256.3421165366583,"Slider",36,630,570,-29.92504495793827,29.925044957938248,60,10,30,9,30,1,0,"10:30","9:30","+1H 00M"
2025,"Cabrera, Edward",665795,"R","SL",389,"88.5",2548,"3.4",0.14710485781998542,0.22035858826210897,230.17697018341565,235.04296329932998,"Slider",22,615,615,-4.8659931159143355,4.865993115914281,0,10,15,10,15,0,0,"10:15","10:15"," 0H 00M"
2025,"Bido, Osvaldo",674370,"R","SL",407,"85.3",2228,"8.4",0.38893497480430483,0.2629304323197442,288.2672921121977,254.77064013617587,"Slider",26,510,570,33.49665197602184,33.49665197602187,-60,8,30,9,30,1,0,"8:30","9:30","-1H 00M"
2025,"Strahm, Matt",621381,"L","SL",317,"82.6",2690,"8.3",0.34501888375507567,0.19269645296500362,106.89540898532555,114.10861257212933,"Slider",19,150,135,-7.213203586803786,7.213203586803795,15,2,30,2,15,0,15,"2:30","2:15","+0H 15M"
2025,"Lorenzen, Michael",547179,"R","SL",285,"85.1",2578,"4.4",0.18965083610214223,0.2058836196536036,268.7722028726662,296.5943766065876,"Slider",21,540,480,-27.82217373392143,27.82217373392141,60,9,0,8,0,1,0,"9:00","8:00","+1H 00M"
2025,"Mejia, Juan",675848,"R","SL",351,"83.2",2843,"15.1",0.6866879928673888,0.6371222006979408,298.40091015602206,283.2112241871132,"Slider",64,480,510,15.189685968908861,15.189685968908881,-30,8,0,8,30,0,30,"8:00","8:30","-0H 30M"
2025,"Strider, Spencer",675911,"R","SL",744,"84.1",2285,"5.9",0.2726389507371698,0.32188420785942523,219.21759966987977,256.9435659788376,"Slider",32,645,570,-37.72596630895785,37.72596630895785,75,10,45,9,30,1,15,"10:45","9:30","+1H 15M"
2025,"Spence, Mitch",687765,"R","SL",361,"84.5",2760,"14.7",0.6143796893639885,0.5020524067926619,291.2611913825434,267.4722606123327,"Slider",50,495,540,23.788930770210698,23.788930770210744,-45,8,15,9,0,0,45,"8:15","9:00","-0H 45M"
2025,"Junk, Janson",676083,"R","SL",446,"87",2358,"7.1",0.3193048334212108,0.42505675283715527,207.20376753782486,246.9706574259676,"Slider",43,660,585,-39.76688988814274,39.76688988814276,75,11,0,9,45,1,15,"11:00","9:45","+1H 15M"
2025,"Sale, Chris",519242,"L","SL",953,"79",2356,"12.5",0.5507501616525351,0.5527593863865664,53.35033757575262,64.50428519537019,"Slider",55,255,225,-11.153947619617568,11.153947619617561,30,4,15,3,45,0,30,"4:15","3:45","+0H 30M"
2025,"Vesia, Alex",681911,"L","SL",365,"84.8",2379,"7.6",0.3400055407530713,0.4311114182378105,147.82367681985227,111.38030478174565,"Slider",43,60,135,36.44337203810662,36.44337203810661,-75,1,0,2,15,1,15,"1:00","2:15","-1H 15M"
2025,"Buttó, José",676130,"R","SL",328,"86.5",2644,"4",0.17422077577968886,0.17262926794307865,263.8863164369819,296.95795677423894,"Slider",17,555,480,-33.071640337257065,33.07164033725701,75,9,15,8,0,1,15,"9:15","8:00","+1H 15M"
2025,"Burns, Chase",695505,"R","SL",259,"90.7",2820,"6.3",0.2731288817683584,0.24178753006218048,248.7615669714554,268.10889632367076,"Slider",24,585,540,-19.347329352215354,19.347329352215354,45,9,45,9,0,0,45,"9:45","9:00","+0H 45M"
2025,"Walker, Ryan",676254,"R","SL",381,"84",2695,"16.3",0.679578184099611,0.526691355735874,288.60542301973436,267.19068653602903,"Slider",53,510,540,21.414736483705326,21.414736483705312,-30,8,30,9,0,0,30,"8:30","9:00","-0H 30M"
2025,"Cameron, Noah",702070,"L","SL",309,"84.2",2534,"4.8",0.210471045133111,0.247905124719228,88.17436433606427,49.827889129722564,"Slider",25,180,255,38.34647520634171,38.346475206341715,-75,3,0,4,15,1,15,"3:00","4:15","-1H 15M"
2025,"Dreyer, Jack",676263,"L","SL",520,"88",2357,"4.3",0.19453322965818953,0.2358897840329827,182.66102013973222,129.45214706584594,"Slider",24,720,105,53.20887307388628,53.20887307388626,-105,12,0,1,45,1,45,"12:00","1:45","-1H 45M"
2025,"Rea, Colin",607067,"R","SL",258,"85.2",2219,"5.8",0.2643110194508206,0.31464380765607125,262.6568504375148,307.31648669841,"Slider",31,555,465,-44.65963626089524,44.659636260895255,90,9,15,7,45,1,30,"9:15","7:45","+1H 30M"
2025,"Garcia, Robert",676395,"L","SL",255,"86.9",2402,"4.8",0.2128496461707895,0.2589072205440814,160.33571449418895,112.34665802365103,"Slider",26,765,135,47.98905647053792,47.989056470537896,-90,12,45,2,15,1,30,"12:45","2:15","-1H 30M"
2025,"Mize, Casey",663554,"R","SL",360,"88.5",2190,"5",0.23810722752363608,0.4227753257771245,184.038223171529,213.88545784787988,"Slider",42,705,645,-29.847234676350865,29.847234676350887,60,11,45,10,45,1,0,"11:45","10:45","+1H 00M"
2025,"Springs, Jeffrey",605488,"L","SL",586,"83.5",2227,"5",0.22371243227890084,0.30299885262383264,149.97812440358027,102.25394418150857,"Slider",30,60,150,47.724180222071695,47.72418022207169,-90,1,0,2,30,1,30,"1:00","2:30","-1H 30M"
2025,"Romano, Jordan",605447,"R","SL",442,"85.8",1983,"3.7",0.17912597249986634,0.18471583229260663,263.16816415244676,306.48393099563157,"Slider",18,555,465,-43.315766843184804,43.31576684318479,90,9,15,7,45,1,30,"9:15","7:45","+1H 30M"
2025,"Jobe, Jackson",695549,"R","SL",268,"88.9",2729,"6.9",0.294098408044108,0.29635888859327464,236.87230235999425,266.5712305155271,"Slider",30,600,540,-29.698928155532826,29.69892815553287,60,10,0,9,0,1,0,"10:00","9:00","+1H 00M"
2025,"Kershaw, Clayton",477132,"L","SL",691,"85.7",2484,"8.6",0.3854264902725782,0.48286938629410153,151.64934004577222,143.40835721422434,"Slider",48,60,75,8.240982831547882,8.240982831547868,-15,1,0,1,15,0,15,"1:00","1:15","-0H 15M"
2025,"Whitlock, Garrett",676477,"R","SL",364,"84.6",2118,"9.1",0.4167145235464649,0.5329022628946604,316.4792430451079,337.87156470420973,"Slider",53,450,405,-21.39232165910181,21.3923216591018,45,7,30,6,45,0,45,"7:30","6:45","+0H 45M"
2025,"Gaddis, Hunter",683769,"R","SL",563,"88.8",2297,"7.6",0.348069082740321,0.4999736544964609,207.70329962395869,238.8266192221471,"Slider",50,660,600,-31.123319598188402,31.12331959818841,60,11,0,10,0,1,0,"11:00","10:00","+1H 00M"
2025,"Buehler, Walker",621111,"R","SL",327,"87.5",2525,"9.5",0.4135236592377266,0.45060418341082353,226.90805335583747,255.36585542180163,"Slider",45,630,570,-28.45780206596416,28.457802065964167,60,10,30,9,30,1,0,"10:30","9:30","+1H 00M"
2025,"Okert, Steven",595345,"L","SL",607,"80.9",2484,"11",0.46983501769950003,0.3861198754044634,91.78008535085631,123.53137195891247,"Slider",39,180,120,-31.751286608056162,31.751286608056173,60,3,0,2,0,1,0,"3:00","2:00","+1H 00M"
2025,"Falter, Bailey",663559,"L","SL",349,"85.1",2047,"7.7",0.36265644653539214,0.6143192996841238,156.71984098501173,133.95223608711086,"Slider",61,765,90,22.767604897900867,22.76760489790086,-45,12,45,1,30,0,45,"12:45","1:30","-0H 45M"
2025,"Kittredge, Andrew",552640,"R","SL",406,"89.2",2654,"6.7",0.29605684273668975,0.3440961656367508,230.4475607000221,269.493556361967,"Slider",34,615,540,-39.045995661944914,39.04599566194491,75,10,15,9,0,1,15,"10:15","9:00","+1H 15M"
2025,"Houser, Adrian",605288,"R","SL",292,"88.1",2432,"4.9",0.22100848560548833,0.3268972481688966,194.77902874479216,220.4572492560012,"Slider",33,690,645,-25.678220511209048,25.678220511209044,45,11,30,10,45,0,45,"11:30","10:45","+0H 45M"
2025,"Vest, Will",676684,"R","SL",267,"88.7",2748,"6.5",0.278713665927965,0.1923690442482972,309.55465129912653,286.3528465183386,"Slider",19,465,510,23.20180478078794,23.201804780787892,-45,7,45,8,30,0,45,"7:45","8:30","-0H 45M"
2025,"Mears, Nick",683232,"R","SL",358,"86.6",2513,"3.6",0.16101807280105956,0.1903204402428097,274.1990502231641,294.628812958712,"Slider",19,525,495,-20.42976273554791,20.42976273554793,30,8,45,8,15,0,30,"8:45","8:15","+0H 30M"
2025,"Priester, Quinn",682990,"R","SL",671,"86.1",2469,"5.3",0.2328119308332178,0.2856115534489982,258.23588323365857,292.5295270939036,"Slider",29,570,495,-34.29364386024503,34.29364386024501,75,9,30,8,15,1,15,"9:30","8:15","+1H 15M"
2025,"Kolek, Stephen",663568,"R","SL",280,"85.4",2520,"4",0.1739656164986015,0.24775516117448224,276.1742276149279,300.05642309264533,"Slider",25,525,480,-23.88219547771746,23.88219547771747,45,8,45,8,0,0,45,"8:45","8:00","+0H 45M"
2025,"Meyer, Max",676974,"R","SL",358,"89.8",2620,"4.5",0.19322312050516877,0.21975518855119203,334.01269361390973,321.73478210659596,"Slider",22,405,435,12.277911507313775,12.277911507313744,-30,6,45,7,15,0,30,"6:45","7:15","-0H 30M"
2025,"Holmes, Clay",605280,"R","SL",286,"85.3",2588,"6.6",0.28622872966854007,0.32542090816392666,307.3497786062929,340.4450534680334,"Slider",33,465,405,-33.095274861740506,33.09527486174052,60,7,45,6,45,1,0,"7:45","6:45","+1H 00M"
2025,"Díaz, Edwin",621242,"R","SL",504,"89.1",2261,"3.6",0.16520013075058387,0.23363843627481545,177.94163369524134,214.97151263761123,"Slider",23,720,645,-37.02987894236989,37.02987894236992,75,12,0,10,45,1,15,"12:00","10:45","+1H 15M"
2025,"Dobbins, Hunter",690928,"R","SL",254,"87.6",2568,"7",0.296977064495097,0.39084128201332474,238.53109120203487,272.90903936436877,"Slider",39,600,540,-34.377948162333894,34.37794816233386,60,10,0,9,0,1,0,"10:00","9:00","+1H 00M"
2025,"Cecconi, Slade",677944,"R","SL",383,"84.3",2565,"6.3",0.2691214679532177,0.30465596189280814,286.7568178757861,277.60592143190036,"Slider",30,510,525,9.150896443885756,9.150896443885767,-15,8,30,8,45,0,15,"8:30","8:45","-0H 15M"
2025,"Lopez, Jacob",682052,"L","SL",509,"78.1",2370,"10",0.4319070835385236,0.5022171642943305,88.00664364472553,88.27609373838875,"Slider",50,180,180,-0.2694500936632238,0.26945009366322276,0,3,0,3,0,0,0,"3:00","3:00"," 0H 00M"
2025,"Fermin, José",820862,"R","SL",316,"89.6",2593,"1.7",0.07452717935427686,0.09565254051488192,157.9814180769626,168.7267895939315,"Slider",10,765,750,-10.745371516968902,10.745371516968893,15,12,45,12,30,0,15,"12:45","12:30","+0H 15M"
2025,"Ashcraft, Braxton",677952,"R","SL",344,"92",2620,"5.3",0.24302458649062195,0.3868490255186434,178.3339023990798,203.014444044114,"Slider",39,720,675,-24.680541645034197,24.680541645034193,45,12,0,11,15,0,45,"12:00","11:15","+0H 45M"
2025,"Scherzer, Max",453286,"R","SL",325,"86.3",2404,"5.4",0.24166787953658994,0.28520286562974895,197.06403887205732,242.06558913165009,"Slider",29,690,600,-45.00155025959276,45.00155025959275,90,11,30,10,0,1,30,"11:30","10:00","+1H 30M"
2025,"Matthews, Zebby",805673,"R","SL",339,"88.2",2419,"3.3",0.15110937409389405,0.1780527125243824,226.0221365309272,266.6564229071622,"Slider",18,630,540,-40.634286376234996,40.63428637623496,90,10,30,9,0,1,30,"10:30","9:00","+1H 30M"
2025,"Kikuchi, Yusei",579328,"L","SL",1121,"87",2295,"5.4",0.2429025904658017,0.2869967171805005,166.36835262530502,126.20099755523268,"Slider",29,750,105,40.16735507007235,40.16735507007235,-75,12,30,1,45,1,15,"12:30","1:45","-1H 15M"
2025,"Hernández, Daysbel",678226,"R","SL",401,"88.3",2673,"3.9",0.172520350490923,0.17882196417392524,226.6555696943625,278.5445200975909,"Slider",18,630,525,-51.88895040322842,51.88895040322847,105,10,30,8,45,1,45,"10:30","8:45","+1H 45M"
2025,"Adam, Jason",592094,"R","SL",382,"83.9",2603,"4.3",0.1807767878073107,0.201950945371226,304.87457059289756,335.78700262576126,"Slider",20,465,405,-30.912432032863705,30.912432032863695,60,7,45,6,45,1,0,"7:45","6:45","+1H 00M"
2025,"Junis, Jakob",596001,"R","SL",457,"83",2481,"13.5",0.5861058577616624,0.43861161123090214,290.88236442032,263.87167864864045,"Slider",44,495,555,27.01068577167956,27.010685771679547,-60,8,15,9,15,1,0,"8:15","9:15","-1H 00M"
2025,"Rodríguez, Randy",678495,"R","SL",360,"86.3",2785,"11.9",0.4962165161203833,0.42520636917187954,285.41391764793883,267.4503226524322,"Slider",43,510,540,17.96359499550664,17.963594995506654,-30,8,30,9,0,0,30,"8:30","9:00","-0H 30M"
2025,"deGrom, Jacob",594798,"R","SL",983,"90.4",2698,"5.6",0.24279974737527724,0.3245966972635195,218.3563731088758,256.96008128247223,"Slider",32,645,570,-38.60370817359643,38.60370817359643,75,10,45,9,30,1,15,"10:45","9:30","+1H 15M"
2025,"Herget, Jimmy",623474,"R","SL",360,"85.5",2689,"3.7",0.17563696660289407,0.2232671596779743,169.47472967581191,192.52180306650507,"Slider",22,735,690,-23.047073390693157,23.04707339069315,45,12,15,11,30,0,45,"12:15","11:30","+0H 45M"
2025,"Henriquez, Ronny",678692,"R","SL",270,"87.7",2525,"6.4",0.2822112753879463,0.27749003266612465,251.87014092081432,229.55523464910834,"Slider",28,570,615,22.31490627170598,22.314906271705983,-45,9,30,10,15,0,45,"9:30","10:15","-0H 45M"
2025,"Greene, Hunter",668881,"R","SL",611,"89.7",2424,"6.8",0.30901698444456327,0.41972424789142637,222.87946777769764,247.4511543826173,"Slider",42,630,585,-24.57168660491965,24.57168660491964,45,10,30,9,45,0,45,"10:30","9:45","+0H 45M"
2025,"Woo, Bryan",693433,"R","SL",275,"88.5",2226,"5.1",0.23315771894511672,0.2747714252409619,177.6471202273046,219.78934528034534,"Slider",27,720,645,-42.14222505304073,42.142225053040754,75,12,0,10,45,1,15,"12:00","10:45","+1H 15M"
2025,"Giolito, Lucas",608337,"R","SL",605,"86",1967,"4.5",0.21721130947891173,0.2970535622745019,175.02952426059463,219.22719226998032,"Slider",30,735,645,-44.197668009385694,44.1976680093857,90,12,15,10,45,1,30,"12:15","10:45","+1H 30M"
2025,"Lynch IV, Daniel",663738,"L","SL",315,"86.8",2290,"3.5",0.16289353024136363,0.1695545123054477,172.04204456492116,136.2898322956504,"Slider",17,735,90,35.75221226927076,35.752212269270785,-75,12,15,1,30,1,15,"12:15","1:30","-1H 15M"
2025,"Woods Richardson, Simeon",680573,"R","SL",505,"85.5",2300,"7.4",0.33615185017405197,0.46031697181137476,202.28336548956366,229.91050124809377,"Slider",46,675,615,-27.627135758530102,27.62713575853011,60,11,15,10,15,1,0,"11:15","10:15","+1H 00M"
2025,"Abreu, Bryan",650556,"R","SL",576,"86.5",2923,"12.3",0.5011297455755026,0.5795939652510912,302.81889476708955,312.3259196248372,"Slider",58,480,450,-9.507024857747638,9.507024857747668,30,8,0,7,30,0,30,"8:00","7:30","+0H 30M"
2025,"Parker, Mitchell",680730,"L","SL",320,"85",2267,"6",0.27152962594654667,0.20510116208763976,72.89634755069295,105.73332246391247,"Slider",21,210,150,-32.83697491321952,32.83697491321951,60,3,30,2,30,1,0,"3:30","2:30","+1H 00M"
2025,"Alcantara, Sandy",645261,"R","SL",456,"89.4",2353,"4.5",0.20874712632588158,0.24467548848897458,173.0999794783634,201.31459743223266,"Slider",24,735,675,-28.214617953869265,28.2146179538693,60,12,15,11,15,1,0,"12:15","11:15","+1H 00M"
2025,"Leiter, Jack",683004,"R","SL",591,"87.6",2547,"5.2",0.23069290653039065,0.2743850418105866,237.7784622598788,270.9263933430164,"Slider",27,600,540,-33.14793108313759,33.14793108313757,60,10,0,9,0,1,0,"10:00","9:00","+1H 00M"
2025,"Singer, Brady",663903,"R","SL",859,"82.6",2432,"6.2",0.2709877800296293,0.35877089746424123,267.4439471769749,296.2377611472276,"Slider",36,540,495,-28.7938139702527,28.79381397025271,45,9,0,8,15,0,45,"9:00","8:15","+0H 45M"
2025,"Sánchez, Cristopher",650911,"L","SL",481,"85.7",2088,"4",0.18714656314629546,0.21648564092521153,94.03871606577476,55.527515620905305,"Slider",22,165,255,38.51120044486946,38.51120044486946,-90,2,45,4,15,1,30,"2:45","4:15","-1H 30M"
2025,"Montgomery, Mason",682254,"L","SL",290,"89.7",2571,"2",0.08687323242886014,0.14648878944852028,121.16159864688385,115.95186863603908,"Slider",15,120,135,5.2097300108447655,5.209730010844778,-15,2,0,2,15,0,15,"2:00","2:15","-0H 15M"
2025,"Blewett, Scott",656240,"R","SL",314,"84",2141,"4",0.18409835829298238,0.26701309837274395,276.1165361471316,309.13564801621465,"Slider",27,525,465,-33.01911186908302,33.01911186908301,60,8,45,7,45,1,0,"8:45","7:45","+1H 00M"
2025,"Wacha, Michael",608379,"R","SL",313,"84.8",1955,"5.6",0.2715282970547214,0.29889788112283167,194.59465981729542,237.43821871667393,"Slider",30,690,600,-42.84355889937851,42.84355889937853,90,11,30,10,0,1,30,"11:30","10:00","+1H 30M"
2025,"Burke, Brock",656271,"L","SL",279,"87.9",2220,"4.4",0.20238472340723962,0.4504492099424118,201.2473373877418,195.45919347304647,"Slider",45,675,690,5.7881439146953255,5.788143914695348,-15,11,15,11,30,0,15,"11:15","11:30","-0H 15M"
2025,"Burke, Sean",680732,"R","SL",519,"86.6",2508,"7.2",0.3162426460763471,0.33005581782231797,198.74164027675153,238.69826948467042,"Slider",33,690,600,-39.956629207918894,39.9566292079189,90,11,30,10,0,1,30,"11:30","10:00","+1H 30M"
2025,"Canning, Griffin",656288,"R","SL",422,"87.7",2742,"7.3",0.30549335843914693,0.2852151889974644,327.8450125684984,349.58017505228895,"Slider",29,420,375,-21.735162483790532,21.73516248379049,45,7,0,6,15,0,45,"7:00","6:15","+0H 45M"
2025,"Cease, Dylan",656302,"R","SL",1241,"89.1",2765,"3.3",0.14120404516872884,0.24835679048918768,231.91030989756877,211.66589402505141,"Slider",25,615,660,20.24441587251735,20.244415872517354,-45,10,15,11,0,0,45,"10:15","11:00","-0H 45M"
2025,"Green, Chad",643338,"R","SL",337,"88.1",2241,"4.5",0.20708197288884955,0.258716311687321,197.2070180647632,241.5692107674487,"Slider",26,690,600,-44.36219270268552,44.36219270268554,90,11,30,10,0,1,30,"11:30","10:00","+1H 30M"
2025,"Birdsong, Hayden",806185,"R","SL",290,"88.9",2385,"6.9",0.31246520069986705,0.34486332481798754,172.73952270517213,204.00084834122575,"Slider",34,735,675,-31.261325636053613,31.261325636053595,60,12,15,11,15,1,0,"12:15","11:15","+1H 00M"
2025,"Flaherty, Jack",656427,"R","SL",651,"84.9",2428,"7.1",0.31293287695011507,0.417528356263814,229.67051992662437,257.88910705208986,"Slider",42,615,570,-28.21858712546549,28.218587125465465,45,10,15,9,30,0,45,"10:15","9:30","+0H 45M"
2025,"Santana, Dennis",642701,"R","SL",460,"87",2484,"3.9",0.17385436744911592,0.21407138642125587,195.0871692839863,244.8068275352481,"Slider",21,690,585,-49.71965825126179,49.71965825126179,105,11,30,9,45,1,45,"11:30","9:45","+1H 45M"
2025,"Wrobleski, Justin",680736,"L","SL",270,"87.8",2440,"4.5",0.20276941996489228,0.2853381686904238,102.71626930701905,75.29549960951968,"Slider",29,150,210,27.420769697499367,27.420769697499384,-60,2,30,3,30,1,0,"2:30","3:30","-1H 00M"
2025,"Wentz, Joey",666214,"L","SL",479,"84.9",2519,"5.3",0.23725835242722682,0.2462775707792865,132.66244486117026,98.24329587307284,"Slider",25,90,165,34.41914898809742,34.41914898809741,-75,1,30,2,45,1,15,"1:30","2:45","-1H 15M"
2025,"Hoffman, Jeff",656546,"R","SL",335,"87",2737,"6.1",0.2562551272837757,0.19602187320812317,267.1952293034288,281.1174095339553,"Slider",20,540,525,-13.922180230526521,13.922180230526523,15,9,0,8,45,0,15,"9:00","8:45","+0H 15M"
2025,"Holmes, Grant",656550,"R","SL",698,"85.4",2844,"6.1",0.25936711598066353,0.2957864416221775,307.7000084265193,325.31863249747653,"Slider",30,465,435,-17.618624070957253,17.61862407095724,30,7,45,7,15,0,30,"7:45","7:15","+0H 30M"
2025,"Peralta, Freddy",642547,"R","SL",291,"83.7",2454,"8.5",0.371857733362059,0.30292695673009296,262.8842398553902,227.06531129437033,"Slider",30,555,630,35.818928561019874,35.81892856101987,-75,9,15,10,30,1,15,"9:15","10:30","-1H 15M"
2025,"Fisher, Braydon",680755,"R","SL",319,"87.8",2313,"3.1",0.14404260426407028,0.1871001953857953,207.28178467768524,245.12330171095914,"Slider",19,660,585,-37.8415170332739,37.841517033273874,75,11,0,9,45,1,15,"11:00","9:45","+1H 15M"
2025,"Hader, Josh",623352,"L","SL",350,"83.3",2562,"4.4",0.18703514898943846,0.18226944511973805,60.73440974105581,68.79323253287659,"Slider",18,240,225,-8.058822791820774,8.058822791820786,15,4,0,3,45,0,15,"4:00","3:45","+0H 15M"
2025,"Keller, Mitch",656605,"R","SL",399,"86.9",2531,"5.8",0.25464511698291137,0.27789844513546197,246.6741226367492,293.14127588603986,"Slider",28,585,495,-46.467153249290675,46.467153249290675,90,9,45,8,15,1,30,"9:45","8:15","+1H 30M"
2025,"Gore, MacKenzie",669022,"L","SL",333,"86.7",2096,"3.1",0.14616793506927997,0.11867868326474837,65.08057600786915,118.46156782927812,"Slider",12,225,120,-53.38099182140897,53.380991821408976,105,3,45,2,0,1,45,"3:45","2:00","+1H 45M"
2025,"Latz, Jacob",656641,"L","SL",282,"84.5",2513,"6.2",0.2709405005562755,0.3130961202258554,110.39525099338485,83.878237528125,"Slider",31,135,195,26.51701346525985,26.517013465259858,-60,2,15,3,15,1,0,"2:15","3:15","-1H 00M"
2025,"Brash, Matt",666374,"R","SL",487,"86.1",2950,"16.9",0.6877792714580738,0.5070583953127957,306.78534551457443,278.89753974494715,"Slider",51,465,525,27.887805769627278,27.887805769627303,-60,7,45,8,45,1,0,"7:45","8:45","-1H 00M"
2025,"Gilbert, Logan",669302,"R","SL",744,"87.5",1820,"2.4",0.12057566437500289,0.16912186990974007,268.5339509750246,315.0383317826044,"Slider",17,540,450,-46.50438080757982,46.50438080757986,90,9,0,7,30,1,30,"9:00","7:30","+1H 30M"
2025,"Schwellenbach, Spencer",680885,"R","SL",285,"87",2350,"4.9",0.22474062937973147,0.26040231010491277,290.2223713646438,323.2110625081615,"Slider",26,495,435,-32.98869114351771,32.98869114351769,60,8,15,7,15,1,0,"8:15","7:15","+1H 00M"
2025,"Megill, Tylor",656731,"R","SL",292,"83.8",2548,"10.4",0.4418626637586594,0.4720468309091674,306.87520665914735,322.7700908346944,"Slider",47,465,435,-15.89488417554702,15.894884175547027,30,7,45,7,15,0,30,"7:45","7:15","+0H 30M"
2025,"Elder, Bryce",693821,"R","SL",871,"84.3",2491,"3.5",0.15544635974874332,0.23039429301810263,300.9701230781773,304.55178378466815,"Slider",23,480,465,-3.5816607064908226,3.5816607064907893,15,8,0,7,45,0,15,"8:00","7:45","+0H 15M"
2025,"Cleavinger, Garrett",664076,"L","SL",334,"87.1",2593,"6.9",0.30278169327082244,0.35536565833303707,105.66532801484192,77.61216061455545,"Slider",36,150,210,28.05316740028647,28.05316740028646,-60,2,30,3,30,1,0,"2:30","3:30","-1H 00M"
2025,"Peterson, David",656849,"L","SL",516,"84.6",2314,"3.7",0.16468170427201848,0.17624838409384636,88.66113619166083,61.601912366877485,"Slider",18,180,240,27.059223824783345,27.059223824783352,-60,3,0,4,0,1,0,"3:00","4:00","-1H 00M"
2025,"Soto, Gregory",642397,"L","SL",357,"86.1",2454,"5.2",0.22868967835116763,0.197503357247927,164.9697777997691,129.04201945631237,"Slider",20,750,105,35.92775834345673,35.92775834345673,-75,12,30,1,45,1,15,"12:30","1:45","-1H 15M"
2025,"Eisert, Brandon",685126,"L","SL",436,"85.1",2126,"5.2",0.24237211034543807,0.417638125259399,179.08735077295415,145.55180801037832,"Slider",42,720,75,33.53554276257583,33.53554276257582,-75,12,0,1,15,1,15,"12:00","1:15","-1H 15M"
2025,"Doval, Camilo",666808,"R","SL",528,"89.1",2628,"8.2",0.3533064669947022,0.4002692515138772,278.7694369021938,282.71536837608414,"Slider",40,525,510,-3.9459314738903686,3.9459314738904094,15,8,45,8,30,0,15,"8:45","8:30","+0H 15M"
2025,"Fairbanks, Pete",664126,"R","SL",388,"85.3",2534,"9.4",0.40743579747481257,0.4855989662713739,310.28483491322334,322.4376352167902,"Slider",49,465,435,-12.152800303566892,12.15280030356688,30,7,45,7,15,0,30,"7:45","7:15","+0H 30M"
2025,"Ober, Bailey",641927,"R","SL",415,"83.7",2030,"7.1",0.33531165157963966,0.46384859922409993,191.56382282185817,223.18732000802783,"Slider",46,690,630,-31.623497186169658,31.623497186169647,60,11,30,10,30,1,0,"11:30","10:30","+1H 00M"
2025,"Uribe, Abner",682842,"R","SL",533,"87.3",2515,"11.8",0.5195404638652664,0.3650650952390544,280.47657986845036,255.98919357769728,"Slider",37,525,570,24.48738629075308,24.487386290753076,-45,8,45,9,30,0,45,"8:45","9:30","-0H 45M"
2025,"Scott, Tanner",656945,"L","SL",428,"88.9",2632,"6.4",0.28118318969743966,0.27755208139401466,121.58260281740041,89.18618399497545,"Slider",28,120,180,32.39641882242496,32.39641882242498,-60,2,0,3,0,1,0,"2:00","3:00","-1H 00M"
2025,"McCullers Jr., Lance",621121,"R","SL",366,"82.8",2880,"17.9",0.7269154563956364,0.5353401680896268,281.9251843205573,258.26253125266476,"Slider",54,510,570,23.662653067892563,23.662653067892613,-60,8,30,9,30,1,0,"8:30","9:30","-1H 00M"
2025,"Sousa, Bennett",656986,"L","SL",423,"85.7",2351,"4.6",0.2064653872648839,0.23880697029418202,107.78519541192009,65.05316407572425,"Slider",24,150,225,42.73203133619583,42.732031336195845,-75,2,30,3,45,1,15,"2:30","3:45","-1H 15M"
2025,"Clarke, Taylor",664199,"R","SL",343,"87.5",2314,"5.6",0.26246555421915413,0.29970075713490696,213.96389231807208,254.75289961172584,"Slider",30,645,570,-40.78900729365375,40.789007293653746,75,10,45,9,30,1,15,"10:45","9:30","+1H 15M"
2025,"Thompson, Ryan",657044,"R","SL",262,"77.9",2258,"16.3",0.725791187094321,0.7273002043873784,270.69480944338676,243.77511167186555,"Slider",73,540,585,26.919697771521214,26.9196977715212,-45,9,0,9,45,0,45,"9:00","9:45","-0H 45M"
2025,"Smith, Shane",681343,"R","SL",255,"89.5",2206,"4.5",0.21082723716600774,0.3080501191708656,192.39464664610537,230.90672849928652,"Slider",31,690,615,-38.512081853181144,38.51208185318115,75,11,30,10,15,1,15,"11:30","10:15","+1H 15M"
2025,"Lee, Dylan",669276,"L","SL",605,"86",2133,"5.9",0.28127897989058026,0.435434259117469,197.5259040138843,174.12563211550628,"Slider",44,690,735,23.40027189837801,23.400271898377994,-45,11,30,12,15,0,45,"11:30","12:15","-0H 45M"
2025,"Senzatela, Antonio",622608,"R","SL",448,"86.8",2291,"5.8",0.2916539001104903,0.36871627413698604,203.26837719219844,247.91785408106585,"Slider",37,675,585,-44.64947688886741,44.649476888867426,90,11,15,9,45,1,30,"11:15","9:45","+1H 30M"
2025,"Ashcraft, Graham",668933,"R","SL",474,"89.8",2953,"11.6",0.4909769786894361,0.3770505046234691,315.35313288943485,289.841668276851,"Slider",38,450,495,25.511464612583836,25.51146461258382,-45,7,30,8,15,0,45,"7:30","8:15","-0H 45M"
2025,"Akin, Keegan",669211,"L","SL",304,"85.6",2582,"5.1",0.21629416177132707,0.25645887380952576,130.61750993599577,113.3491578985357,"Slider",26,105,135,17.268352037460076,17.268352037460094,-30,1,45,2,15,0,30,"1:45","2:15","-0H 30M"
2025,"Liberatore, Matthew",669461,"L","SL",503,"86.4",2689,"5.1",0.2183561162332932,0.2261624709214783,112.25516736005792,88.10708881312196,"Slider",23,135,180,24.148078546935963,24.148078546935963,-45,2,15,3,0,0,45,"2:15","3:00","-0H 45M"
2025,"Gage, Matt",657424,"L","SL",268,"85.4",2297,"5.9",0.2633799807274599,0.2961630237268137,120.55275788172801,82.01480257489176,"Slider",30,120,195,38.53795530683625,38.53795530683626,-75,2,0,3,15,1,15,"2:00","3:15","-1H 15M"
2025,"Castillo, Luis",622491,"R","SL",604,"84.5",2249,"2.9",0.13108348002058445,0.13141206337378925,293.906136233711,329.78535061039304,"Slider",13,495,420,-35.87921437668206,35.8792143766821,75,8,15,7,0,1,15,"8:15","7:00","+1H 15M"
2025,"Misiorowski, Jacob",694819,"R","SL",283,"94.1",2473,"6.4",0.29806524074470975,0.45464297185478425,179.91753986972662,207.9605050632831,"Slider",45,720,660,-28.042965193556483,28.042965193556505,60,12,0,11,0,1,0,"12:00","11:00","+1H 00M"
2025,"Pallante, Andre",669467,"R","SL",778,"87.4",2405,"6.2",0.280905236167202,0.3232401363636544,253.74661024879936,293.2843273970557,"Slider",32,570,495,-39.53771714825632,39.53771714825633,75,9,30,8,15,1,15,"9:30","8:15","+1H 15M"
2025,"Ray, Robbie",592662,"L","SL",692,"87.9",2269,"8.5",0.3847581272802132,0.5026884298509063,205.5158938780833,183.01366617052528,"Slider",50,675,720,22.502227707558006,22.502227707557974,-45,11,15,12,0,0,45,"11:15","12:00","-0H 45M"
2025,"Littell, Zack",641793,"R","SL",746,"87.3",2199,"6.6",0.3086980784732425,0.5032268765004361,167.8707068413496,192.77698068191668,"Slider",50,750,690,-24.90627384056708,24.906273840567092,60,12,30,11,30,1,0,"12:30","11:30","+1H 00M"
2025,"Helsley, Ryan",664854,"R","SL",454,"88.9",2397,"5",0.2266723354599324,0.22322133025056917,231.90046143284465,286.23588465561784,"Slider",22,615,510,-54.33542322277319,54.335423222773194,105,10,15,8,30,1,45,"10:15","8:30","+1H 45M"
2025,"Ryan, Joe",657746,"R","SL",261,"87.8",2329,"6.2",0.2891856757578015,0.3337923283679445,150.34977042340591,185.16948246664938,"Slider",33,60,705,-34.81971204324347,34.819712043243484,75,1,0,11,45,1,15,"1:00","11:45","+1H 15M"
2025,"Blanco, Ronel",669854,"R","SL",250,"85.5",2134,"6.5",0.3005270799350539,0.34830631985162364,177.38679930303263,214.99476389378296,"Slider",35,720,645,-37.60796459075033,37.60796459075034,75,12,0,10,45,1,15,"12:00","10:45","+1H 15M"
2025,"Rodríguez, Yariel",684320,"R","SL",477,"85.6",2765,"8",0.33562141714593174,0.23815219089062895,290.3360517303534,277.33381648137737,"Slider",24,495,525,13.002235248976035,13.002235248976021,-30,8,15,8,45,0,30,"8:15","8:45","-0H 30M"
2025,"Banda, Anthony",607455,"L","SL",513,"85.9",2344,"8.5",0.38421164437464095,0.2731803222420546,38.50175085210961,63.84852006207751,"Slider",27,285,225,-25.346769209967903,25.346769209967892,60,4,45,3,45,1,0,"4:45","3:45","+1H 00M"
2025,"Kirby, George",669923,"R","SL",540,"87.1",2370,"12.6",0.5626019012200031,0.5222626830841985,322.0361321353272,293.47581869980627,"Slider",52,435,495,28.560313435520925,28.56031343552094,-60,7,15,8,15,1,0,"7:15","8:15","-1H 00M"
2025,"Wilson, Justin",458677,"L","SL",272,"88",2290,"3.9",0.1773021044969567,0.24564660809782846,153.34450284747618,123.65139585209117,"Slider",25,60,120,29.69310699538501,29.693106995384994,-60,1,0,2,0,1,0,"1:00","2:00","-1H 00M"
2025,"Mikolas, Miles",571945,"R","SL",579,"87.8",2276,"7",0.32534800357180926,0.3800520450950997,172.68830700222804,208.34479759844197,"Slider",38,735,660,-35.65649059621393,35.65649059621394,75,12,15,11,0,1,15,"12:15","11:00","+1H 15M"
2025,"Jackson, Luke",592426,"R","SL",362,"87.2",2290,"7.4",0.33559925659976436,0.37578562393494525,326.79824059044984,1.8022960736057883,"Slider",38,420,360,-35.00405548315598,35.00405548315598,60,7,0,6,0,1,0,"7:00","6:00","+1H 00M"
2025,"Banks, Tanner",621383,"L","SL",386,"87.3",2359,"6.3",0.2827937345660004,0.3380905650561215,160.44565281098062,123.04370402599983,"Slider",34,765,120,37.40194878498079,37.401948784980775,-75,12,45,2,0,1,15,"12:45","2:00","-1H 15M"
2025,"Romero, JoJo",668941,"L","SL",375,"83",2816,"14.2",0.588819585315606,0.41408757538934166,60.18217893687883,79.22751180057628,"Slider",41,240,195,-19.045332863697453,19.045332863697453,45,4,0,3,15,0,45,"4:00","3:15","+0H 45M"
2025,"Martinez, Nick",607259,"R","SL",263,"84.9",2433,"2.3",0.10024729810946013,0.12205441694429504,197.0346677724705,261.2553202003786,"Slider",12,690,555,-64.2206524279081,64.22065242790812,135,11,30,9,15,2,15,"11:30","9:15","+2H 15M"
2025,"Bergert, Ryan",686701,"R","SL",325,"87.4",2626,"5.1",0.21955701202610087,0.28414887917671394,214.32993763320243,238.43103228468283,"Slider",28,645,600,-24.101094651480395,24.10109465148039,45,10,45,10,0,0,45,"10:45","10:00","+0H 45M"
2025,"Bazardo, Eduard",660825,"R","SL",499,"82.5",2565,"18.2",0.7601166825376274,0.5898251813560766,315.2185444677456,289.7166253363484,"Slider",59,450,495,25.501919131397187,25.501919131397237,-45,7,30,8,15,0,45,"7:30","8:15","-0H 45M"
2025,"Sheehan, Emmet",686218,"R","SL",348,"87.8",2352,"5",0.23047785304486504,0.2644464717197017,185.5273769160549,236.56026173209543,"Slider",26,705,600,-51.032884816040536,51.03288481604055,105,11,45,10,0,1,45,"11:45","10:00","+1H 45M"
2025,"Evans, Logan",688138,"R","ST",310,"84.1",2841,"15.4",0.6310737952468509,0.43009154466033844,303.24269995737177,277.18737756611455,"Sweeper",43,480,525,26.05532239125722,26.055322391257214,-45,8,0,8,45,0,45,"8:00","8:45","-0H 45M"
2025,"Bello, Brayan",678394,"R","ST",513,"85.7",2476,"11.8",0.5087638655806165,0.5021572537720749,318.90230969348875,297.0904050730808,"Sweeper",50,435,480,21.811904620407972,21.811904620407965,-45,7,15,8,0,0,45,"7:15","8:00","-0H 45M"
2025,"Warren, Will",701542,"R","ST",576,"82.7",3023,"20.7",0.8246696519854911,0.6190282503315434,297.5000202504032,275.0067942132863,"Sweeper",62,480,525,22.493226037116926,22.493226037116976,-45,8,0,8,45,0,45,"8:00","8:45","-0H 45M"
2025,"García, Luis",472610,"R","ST",282,"82.9",2475,"12.9",0.5571784876137951,0.5238969777557595,288.6262872235962,263.53169953165514,"Sweeper",52,510,555,25.094587691941058,25.09458769194108,-45,8,30,9,15,0,45,"8:30","9:15","-0H 45M"
2025,"Sears, JP",676664,"L","ST",637,"79.2",2315,"14.3",0.6245164366561166,0.38885180456922125,96.36743718140373,110.08564363234119,"Sweeper",39,165,135,-13.718206450937458,13.718206450937455,30,2,45,2,15,0,30,"2:45","2:15","+0H 30M"
2025,"Abbott, Andrew",671096,"L","ST",368,"82.8",2782,"12.4",0.5216189739145941,0.3375381324006533,77.13388949900376,100.17730646759713,"Sweeper",34,210,165,-23.043416968593377,23.04341696859336,45,3,30,2,45,0,45,"3:30","2:45","+0H 45M"
2025,"Zeferjahn, Ryan",666171,"R","ST",273,"83.9",2692,"16.4",0.6876192096773408,0.5539250865755657,288.1515013619926,264.33095052335494,"Sweeper",55,510,555,23.820550838637644,23.820550838637647,-45,8,30,9,15,0,45,"8:30","9:15","-0H 45M"
2025,"Taillon, Jameson",592791,"R","ST",296,"80.2",2727,"17.1",0.7002439825960608,0.5341485392875309,301.3773809012926,278.9012436549564,"Sweeper",53,480,525,22.476137246336236,22.476137246336247,-45,8,0,8,45,0,45,"8:00","8:45","-0H 45M"
2025,"Anderson, Grant",681982,"R","ST",438,"80.2",2698,"14.8",0.61976616977956,0.6282384500607736,277.0315569969895,268.1451255978212,"Sweeper",63,525,540,8.88643139916826,8.88643139916823,-15,8,45,9,0,0,15,"8:45","9:00","-0H 15M"
2025,"Fedde, Erick",607200,"R","ST",614,"82.6",2437,"14",0.6146221805263447,0.4717040628200703,278.8589227108331,258.46443117562103,"Sweeper",47,525,570,20.39449153521207,20.39449153521207,-45,8,45,9,30,0,45,"8:45","9:30","-0H 45M"
2025,"Henriquez, Ronny",678692,"R","ST",327,"85.4",2582,"13.9",0.5967939556548091,0.3980516977028314,294.8316135485162,271.63415539766214,"Sweeper",40,495,540,23.19745815085406,23.197458150854075,-45,8,15,9,0,0,45,"8:15","9:00","-0H 45M"
2025,"Vásquez, Randy",681190,"R","ST",279,"82.1",2989,"14.2",0.5665824659380492,0.48657281191053375,276.7568832275526,256.6793011218825,"Sweeper",49,525,570,20.077582105670103,20.077582105670114,-45,8,45,9,30,0,45,"8:45","9:30","-0H 45M"
2025,"López, Pablo",641154,"R","ST",266,"84.9",2415,"13.4",0.5937234908958291,0.44447571234259303,311.5657236377016,277.1316132094379,"Sweeper",44,450,525,34.43411042826369,34.43411042826368,-75,7,30,8,45,1,15,"7:30","8:45","-1H 15M"
2025,"Pivetta, Nick",601713,"R","ST",525,"81.9",2443,"14.5",0.6275033426502399,0.42155951881141807,284.4834473935693,263.1895973690718,"Sweeper",42,510,555,21.293850024497488,21.293850024497498,-45,8,30,9,15,0,45,"8:30","9:15","-0H 45M"
2025,"Fried, Max",608331,"L","ST",358,"81.5",2838,"19.6",0.7962611261805623,0.61892556253914,53.80800575424995,72.90030147752587,"Sweeper",62,255,210,-19.092295723275925,19.092295723275925,45,4,15,3,30,0,45,"4:15","3:30","+0H 45M"
2025,"Ferguson, Tyler",621053,"R","ST",316,"83.7",2536,"11.9",0.512006706270788,0.36172059629798936,291.2683597671904,271.1416497379634,"Sweeper",36,495,540,20.126710029227013,20.126710029226995,-45,8,15,9,0,0,45,"8:15","9:00","-0H 45M"
2025,"Hurter, Brant",676428,"L","ST",329,"82.2",2684,"11.4",0.4775913996555888,0.5044747284610287,74.22660497918774,89.54521980831345,"Sweeper",50,210,180,-15.318614829125707,15.3186148291257,30,3,30,3,0,0,30,"3:30","3:00","+0H 30M"
2025,"Allen, Logan",671106,"L","ST",630,"78",2300,"15.5",0.6738640128029675,0.5477979250091676,71.38697337228533,85.21543736388251,"Sweeper",55,210,195,-13.82846399159719,13.828463991597191,15,3,30,3,15,0,15,"3:30","3:15","+0H 15M"
2025,"Severino, Luis",622663,"R","ST",678,"84.5",2580,"16.9",0.7264575493128571,0.6100701931859057,282.2789966090629,266.9691130559563,"Sweeper",61,510,540,15.309883553106602,15.309883553106586,-30,8,30,9,0,0,30,"8:30","9:00","-0H 30M"
2025,"Crochet, Garrett",676979,"L","ST",499,"82.7",2377,"15.5",0.6746678998221448,0.5567469734647191,56.4026538252905,70.79563426602753,"Sweeper",56,240,225,-14.392980440737034,14.392980440737036,15,4,0,3,45,0,15,"4:00","3:45","+0H 15M"
2025,"Woo, Bryan",693433,"R","ST",265,"85.1",2485,"12",0.51564785393525,0.35590528504279006,283.2643074110978,255.5927250656262,"Sweeper",36,510,570,27.671582345471563,27.671582345471595,-60,8,30,9,30,1,0,"8:30","9:30","-1H 00M"
2025,"Ober, Bailey",641927,"R","ST",250,"78.5",2100,"12",0.5496346426721872,0.4591767837283648,295.24773555284696,275.4015695337167,"Sweeper",46,495,525,19.846166019130237,19.84616601913024,-30,8,15,8,45,0,30,"8:15","8:45","-0H 30M"
2025,"Hicks, Jordan",663855,"R","ST",265,"82.5",2317,"11.6",0.49946099633802754,0.49484120528890174,294.7470438114575,269.4664423036198,"Sweeper",49,495,540,25.28060150783773,25.280601507837762,-45,8,15,9,0,0,45,"8:15","9:00","-0H 45M"
2025,"Luzardo, Jesús",666200,"L","ST",928,"86.1",2285,"10.3",0.46702844536941496,0.3748360579442758,36.96921577179759,79.95950514165766,"Sweeper",37,285,195,-42.990289369860065,42.990289369860065,90,4,45,3,15,1,30,"4:45","3:15","+1H 30M"
2025,"Webb, Logan",657277,"R","ST",861,"84.6",2542,"15.6",0.6648936605488631,0.48190324896759834,304.3290071499705,278.4663896272624,"Sweeper",48,465,525,25.862617522708092,25.862617522708092,-60,7,45,8,45,1,0,"7:45","8:45","-1H 00M"
2025,"Svanson, Matt",694335,"R","ST",336,"87.1",2261,"11",0.5105652752944722,0.3400177445688565,280.63850838005476,261.4864890647971,"Sweeper",34,525,555,19.152019315257633,19.152019315257647,-30,8,45,9,15,0,30,"8:45","9:15","-0H 30M"
2025,"Fluharty, Mason",689254,"L","ST",358,"81.7",2747,"17.6",0.7254175155968765,0.5741790655501523,68.43626473933715,90.51981356064891,"Sweeper",57,225,180,-22.083548821311766,22.083548821311755,45,3,45,3,0,0,45,"3:45","3:00","+0H 45M"
2025,"Bibee, Tanner",676440,"R","ST",466,"83",2676,"17.5",0.7382611321111239,0.5543746934216369,306.39272009540537,282.7387635458888,"Sweeper",55,465,510,23.65395654951658,23.653956549516565,-45,7,45,8,30,0,45,"7:45","8:30","-0H 45M"
2025,"Imanaga, Shota",684007,"L","ST",346,"80.4",2535,"12.8",0.5465806661105096,0.3497922577664356,75.51052372101923,91.85862427016616,"Sweeper",35,210,180,-16.348100549146935,16.34810054914693,30,3,30,3,0,0,30,"3:30","3:00","+0H 30M"
2025,"Singer, Brady",663903,"R","ST",259,"81.6",2421,"10.6",0.4661825619220765,0.39787631482629987,281.2548640858102,270.8840418547939,"Sweeper",40,510,540,10.370822231016291,10.370822231016318,-30,8,30,9,0,0,30,"8:30","9:00","-0H 30M"
2025,"Topa, Justin",623437,"R","ST",286,"82.9",2632,"14.6",0.6241214017437308,0.4598045765472884,285.17363928545706,260.414611478869,"Sweeper",46,510,555,24.75902780658805,24.75902780658804,-45,8,30,9,15,0,45,"8:30","9:15","-0H 45M"
2025,"Bubic, Kris",663460,"L","ST",366,"82.9",2693,"15.5",0.6511497584670262,0.4881223579326144,38.789527109680535,63.33580606297416,"Sweeper",49,285,240,-24.546278953293623,24.546278953293637,45,4,45,4,0,0,45,"4:45","4:00","+0H 45M"
2025,"Sugano, Tomoyuki",608372,"R","ST",506,"83.6",2599,"12.1",0.5106255341828693,0.37856066159013385,287.92164881412725,264.54215409135304,"Sweeper",38,510,555,23.37949472277421,23.379494722774186,-45,8,30,9,15,0,45,"8:30","9:15","-0H 45M"
2025,"Bird, Jake",656234,"R","ST",383,"84",2715,"15.9",0.7222767119940934,0.5301180639282552,273.4743745411597,252.6675865540157,"Sweeper",53,540,570,20.80678798714399,20.80678798714399,-30,9,0,9,30,0,30,"9:00","9:30","-0H 30M"
2025,"Williams, Gavin",668909,"R","ST",578,"86.6",2269,"11.2",0.5088294943597521,0.5195198962304068,305.7385086687859,285.75240639138667,"Sweeper",52,465,510,19.986102277399254,19.986102277399265,-45,7,45,8,30,0,45,"7:45","8:30","-0H 45M"
2025,"Bachar, Lake",669199,"R","ST",311,"86.5",2872,"12.6",0.521462245353142,0.4160794766307537,305.2267615560194,277.6125600838913,"Sweeper",42,465,525,27.614201472128116,27.61420147212811,-60,7,45,8,45,1,0,"7:45","8:45","-1H 00M"
2025,"Barlow, Scott",605130,"R","ST",352,"81.5",2516,"15.1",0.6499035780689012,0.5444149336279394,272.5156623621451,249.32614303036496,"Sweeper",54,540,585,23.18951933178016,23.189519331780133,-45,9,0,9,45,0,45,"9:00","9:45","-0H 45M"
2025,"Freeland, Kyle",607536,"L","ST",315,"83.6",2332,"11.6",0.5507110614665509,0.4366880861009078,44.26228283674931,63.16588812033076,"Sweeper",44,270,240,-18.903605283581456,18.90360528358146,30,4,30,4,0,0,30,"4:30","4:00","+0H 30M"
2025,"Wheeler, Zack",554430,"R","ST",353,"83.7",2670,"14.6",0.6110009219485116,0.45852213406207176,293.14879031233426,264.8217472238809,"Sweeper",46,495,555,28.327043088453365,28.32704308845337,-60,8,15,9,15,1,0,"8:15","9:15","-1H 00M"
2025,"McGreevy, Michael",700241,"R","ST",287,"83.7",2468,"13.9",0.6173740458634428,0.49243035566298093,307.1327272912396,276.62412145168963,"Sweeper",49,465,525,30.508605839549944,30.508605839549944,-60,7,45,8,45,1,0,"7:45","8:45","-1H 00M"
2025,"Jax, Griffin",643377,"R","ST",478,"87.8",3099,"15.7",0.6419469482243033,0.48101983098933054,314.4886754612827,286.9821836137296,"Sweeper",48,450,510,27.506491847553093,27.506491847553104,-60,7,30,8,30,1,0,"7:30","8:30","-1H 00M"
2025,"Williams, Trevor",592866,"R","ST",402,"76.8",2226,"12.7",0.5488930984114856,0.5000034395343791,263.79043589563634,242.62346779808786,"Sweeper",50,555,600,21.166968097548477,21.166968097548505,-45,9,15,10,0,0,45,"9:15","10:00","-0H 45M"
2025,"Gordon, Colton",676467,"L","ST",437,"81",2621,"12.1",0.5073514710149272,0.40442515453143213,91.54656465921747,113.52457953114073,"Sweeper",40,180,135,-21.978014871923264,21.978014871923268,45,3,0,2,15,0,45,"3:00","2:15","+0H 45M"
2025,"Cannon, Jonathan",686563,"R","ST",271,"81.6",2624,"16",0.6713779640032699,0.43198811369378526,291.1405354200777,266.7351451047897,"Sweeper",43,495,540,24.405390315288003,24.405390315288027,-45,8,15,9,0,0,45,"8:15","9:00","-0H 45M"
2025,"Armstrong, Shawn",542888,"R","ST",253,"85.1",2615,"15.8",0.6798146968541314,0.448848409086913,258.33073842754936,236.04534621109252,"Sweeper",45,570,615,22.28539221645684,22.285392216456838,-45,9,30,10,15,0,45,"9:30","10:15","-0H 45M"
2025,"Kerkering, Orion",689147,"R","ST",510,"86.8",2908,"14.6",0.5983995061764226,0.45755867651877175,294.85425304807563,268.8915087936406,"Sweeper",46,495,540,25.96274425443505,25.962744254435087,-45,8,15,9,0,0,45,"8:15","9:00","-0H 45M"
2025,"Bender, Anthony",669622,"R","ST",360,"83.9",2780,"17.7",0.7327340248238478,0.5539532872662583,293.13346865144456,268.6992196299602,"Sweeper",55,495,540,24.434249021484334,24.43424902148436,-45,8,15,9,0,0,45,"8:15","9:00","-0H 45M"
2025,"Milner, Hoby",571948,"L","ST",397,"78.2",1808,"16",0.7705290348643755,0.6302895917899989,65.90264891040503,82.03168461781695,"Sweeper",63,225,195,-16.129035707411916,16.129035707411912,30,3,45,3,15,0,30,"3:45","3:15","+0H 30M"
2025,"Gilbert, Tyler",656457,"L","ST",253,"81.1",2458,"9.7",0.41767463499310015,0.39480335739082273,59.92123926240602,80.48704634110491,"Sweeper",39,240,195,-20.565807078698896,20.565807078698892,45,4,0,3,15,0,45,"4:00","3:15","+0H 45M"
2025,"Pfaadt, Brandon",694297,"R","ST",542,"84.8",2844,"11.9",0.5086191439582607,0.3662508489051239,273.6622202946185,249.62266904554957,"Sweeper",37,540,585,24.03955124906895,24.039551249068943,-45,9,0,9,45,0,45,"9:00","9:45","-0H 45M"
2025,"May, Dustin",669160,"R","ST",850,"85.2",3183,"18.4",0.7284591892190014,0.6401289424617504,305.4475485430572,283.82898303340636,"Sweeper",64,465,510,21.618565509650864,21.618565509650836,-45,7,45,8,30,0,45,"7:45","8:30","-0H 45M"
2025,"Rogers, Taylor",573124,"L","ST",454,"78.2",2841,"17.4",0.7038365463166549,0.6727798573616415,70.90261684042333,84.37859160093201,"Sweeper",67,225,195,-13.475974760508677,13.475974760508674,30,3,45,3,15,0,30,"3:45","3:15","+0H 30M"
2025,"Kelly, Michael",547184,"R","ST",332,"82.9",2812,"18.3",0.7593252996444505,0.653611855786074,308.2305976545761,284.0871176765739,"Sweeper",65,465,510,24.143479978002233,24.14347997800226,-45,7,45,8,30,0,45,"7:45","8:30","-0H 45M"
2025,"King, Bryan",687911,"L","ST",316,"80.1",2308,"17.9",0.7795513680184541,0.650791041951847,73.72916531824843,93.15476512353179,"Sweeper",65,210,180,-19.425599805283355,19.425599805283372,30,3,30,3,0,0,30,"3:30","3:00","+0H 30M"
2025,"Phillips, Tyler",663969,"R","ST",250,"84.5",2461,"11.3",0.49408856272668766,0.3129847791991113,299.0502514243175,274.20319409034346,"Sweeper",31,480,525,24.84705733397402,24.84705733397399,-45,8,0,8,45,0,45,"8:00","8:45","-0H 45M"
2025,"Alexander, Tyler",641302,"L","ST",354,"80.3",2484,"13.7",0.5926659285224747,0.45162245345477514,85.54829824346439,105.07695032376152,"Sweeper",45,195,150,-19.528652080297135,19.528652080297142,45,3,15,2,30,0,45,"3:15","2:30","+0H 45M"
2025,"Ryan, Joe",657746,"R","ST",366,"80.6",2786,"16.9",0.6950252511324629,0.6322911923811434,292.8121289759621,276.74589052261473,"Sweeper",63,495,525,16.066238453347353,16.06623845334736,-30,8,15,8,45,0,30,"8:15","8:45","-0H 30M"
2025,"Houck, Tanner",656557,"R","ST",264,"83.5",2625,"15.6",0.6469213702963583,0.645471413614097,298.1146564389563,286.510389017478,"Sweeper",65,480,510,11.604267421478255,11.604267421478244,-30,8,0,8,30,0,30,"8:00","8:30","-0H 30M"
2025,"Vasil, Mike",678024,"R","ST",265,"81.7",2557,"18.4",0.7847800832392685,0.6397633566178137,308.57106805215517,287.8711466298124,"Sweeper",64,465,510,20.699921422342754,20.699921422342705,-45,7,45,8,30,0,45,"7:45","8:30","-0H 45M"
2025,"Holmes, Clay",605280,"R","ST",497,"81.9",2811,"19.5",0.8021235765552093,0.5988789847157993,317.37645531813985,295.7278064627361,"Sweeper",60,450,495,21.648648855403735,21.64864885540374,-45,7,30,8,15,0,45,"7:30","8:15","-0H 45M"
2025,"Keller, Mitch",656605,"R","ST",541,"82.3",2719,"18.7",0.7856479810472846,0.6163588803973872,297.7732106637571,276.5617340745016,"Sweeper",62,480,525,21.211476589255483,21.2114765892555,-45,8,0,8,45,0,45,"8:00","8:45","-0H 45M"
2025,"Wilson, Steven",621051,"R","ST",568,"82.1",2648,"16.3",0.686048392586222,0.5090066518878463,304.52299094150067,277.7013399808851,"Sweeper",51,465,525,26.821650960615557,26.82165096061557,-60,7,45,8,45,1,0,"7:45","8:45","-1H 00M"
2025,"Casparius, Ben",676508,"R","ST",406,"85.3",3080,"15.1",0.610428658486759,0.5295940662167102,300.0727508274058,280.0758502798858,"Sweeper",53,480,525,19.99690054752,19.99690054752001,-45,8,0,8,45,0,45,"8:00","8:45","-0H 45M"
2025,"Banks, Tanner",621383,"L","ST",258,"82.1",2367,"13.6",0.5986232210247314,0.35915167591543234,78.59781845554926,96.38558234019153,"Sweeper",36,210,165,-17.787763884642274,17.78776388464226,45,3,30,2,45,0,45,"3:30","2:45","+0H 45M"
2025,"Festa, Matt",670036,"R","ST",311,"83.1",2666,"16.6",0.7055232611806386,0.5329311580398096,297.52677554981153,274.2239242901434,"Sweeper",53,480,525,23.30285125966816,23.302851259668095,-45,8,0,8,45,0,45,"8:00","8:45","-0H 45M"
2025,"Gray, Sonny",543243,"R","ST",520,"85.1",2662,"16.9",0.7195609603273274,0.5659988220320382,316.2109279531817,291.1499316987378,"Sweeper",57,450,495,25.060996254443864,25.06099625444385,-45,7,30,8,15,0,45,"7:30","8:15","-0H 45M"
2025,"Manaea, Sean",640455,"L","ST",370,"77.7",2286,"14.1",0.6110274766581493,0.4632038499775517,81.16238760316548,98.678229531293,"Sweeper",46,195,165,-17.515841928127514,17.515841928127493,30,3,15,2,45,0,30,"3:15","2:45","+0H 30M"
2025,"Horton, Cade",690990,"R","ST",374,"83.4",2566,"14",0.609205513145175,0.4811201441309365,306.33366404184704,282.06106271280333,"Sweeper",48,465,510,24.27260132904371,24.272601329043695,-45,7,45,8,30,0,45,"7:45","8:30","-0H 45M"
2025,"Schreiber, John",670167,"R","ST",295,"82.4",2582,"16.1",0.6936865968842139,0.6520888339126218,291.2110138061434,274.30426910251373,"Sweeper",65,495,525,16.90674470362967,16.906744703629652,-30,8,15,8,45,0,30,"8:15","8:45","-0H 30M"
2025,"Skenes, Paul",694973,"R","ST",474,"84.4",2332,"12.9",0.5875293108128681,0.36768813891923696,265.6246901699716,250.15337130606008,"Sweeper",37,555,585,15.471318863911506,15.471318863911499,-30,9,15,9,45,0,30,"9:15","9:45","-0H 30M"
2025,"Mize, Casey",663554,"R","SV",332,"83.6",2269,"7.9",0.3582450143464806,0.3254238445129494,290.49547658483607,287.5978259582252,"Slurve",33,495,510,2.8976506266108686,2.8976506266108433,-15,8,15,8,30,0,15,"8:15","8:30","-0H 15M"
2025,"Newcomb, Sean",656794,"L","SV",344,"82",2831,"19.4",0.7867764646978492,0.6795316364278232,45.74346721453392,64.75825699701468,"Slurve",68,270,225,-19.01478978248076,19.01478978248075,45,4,30,3,45,0,45,"4:30","3:45","+0H 45M"
2025,"Soroka, Michael",647336,"R","SV",531,"80.4",2918,"16.6",0.6708794225035744,0.6721891899033935,305.5951905389828,310.23801209516864,"Slurve",67,465,465,-4.642821556185822,4.642821556185839,0,7,45,7,45,0,0,"7:45","7:45"," 0H 00M"
2025,"Berríos, José",621244,"R","SV",671,"82.5",2362,"17.1",0.7445479218075846,0.5565344694141399,317.79546782644894,293.317168290536,"Slurve",56,450,495,24.478299535912925,24.478299535912953,-45,7,30,8,15,0,45,"7:30","8:15","-0H 45M"
2025,"Santillan, Tony",663574,"R","SV",264,"86.1",2190,"13.8",0.6498993318392703,0.3833940486386478,326.3569299519364,304.6751242668245,"Slurve",38,420,465,21.681805685111897,21.68180568511189,-45,7,0,7,45,0,45,"7:00","7:45","-0H 45M"